[0.000000] (-) TimerEvent: {}
[0.003008] (camera_ros) JobQueued: {'identifier': 'camera_ros', 'dependencies': OrderedDict()}
[0.003643] (ld08_driver) JobQueued: {'identifier': 'ld08_driver', 'dependencies': OrderedDict()}
[0.004385] (turtlebot3_description) JobQueued: {'identifier': 'turtlebot3_description', 'dependencies': OrderedDict()}
[0.004863] (turtlebot3_example) JobQueued: {'identifier': 'turtlebot3_example', 'dependencies': OrderedDict()}
[0.005149] (turtlebot3_node) JobQueued: {'identifier': 'turtlebot3_node', 'dependencies': OrderedDict()}
[0.005396] (turtlebot3_teleop) JobQueued: {'identifier': 'turtlebot3_teleop', 'dependencies': OrderedDict()}
[0.005699] (turtlebot3_bringup) JobQueued: {'identifier': 'turtlebot3_bringup', 'dependencies': OrderedDict([('turtlebot3_description', '/home/ubuntu/turtlebot3_ws/install/turtlebot3_description'), ('turtlebot3_node', '/home/ubuntu/turtlebot3_ws/install/turtlebot3_node')])}
[0.005971] (turtlebot3) JobQueued: {'identifier': 'turtlebot3', 'dependencies': OrderedDict([('turtlebot3_description', '/home/ubuntu/turtlebot3_ws/install/turtlebot3_description'), ('turtlebot3_example', '/home/ubuntu/turtlebot3_ws/install/turtlebot3_example'), ('turtlebot3_node', '/home/ubuntu/turtlebot3_ws/install/turtlebot3_node'), ('turtlebot3_teleop', '/home/ubuntu/turtlebot3_ws/install/turtlebot3_teleop'), ('turtlebot3_bringup', '/home/ubuntu/turtlebot3_ws/install/turtlebot3_bringup')])}
[0.006275] (turtlebot3_description) JobStarted: {'identifier': 'turtlebot3_description'}
[0.097220] (-) TimerEvent: {}
[0.136159] (turtlebot3_description) JobProgress: {'identifier': 'turtlebot3_description', 'progress': 'cmake'}
[0.147301] (turtlebot3_description) JobProgress: {'identifier': 'turtlebot3_description', 'progress': 'build'}
[0.155879] (turtlebot3_description) Command: {'cmd': ['/usr/bin/cmake', '--build', '/home/ubuntu/turtlebot3_ws/build/turtlebot3_description', '--', '-j4', '-l4'], 'cwd': '/home/ubuntu/turtlebot3_ws/build/turtlebot3_description', 'env': OrderedDict([('LESSOPEN', '| /usr/bin/lesspipe %s'), ('USER', 'ubuntu'), ('SSH_CLIENT', '10.42.0.114 44396 22'), ('XDG_SESSION_TYPE', 'tty'), ('GIT_ASKPASS', '/home/ubuntu/.vscode-server/cli/servers/Stable-dc96b837cf6bb4af9cd736aa3af08cf8279f7685/server/extensions/git/dist/askpass.sh'), ('SHLVL', '2'), ('LD_LIBRARY_PATH', '/opt/ros/humble/opt/rviz_ogre_vendor/lib:/opt/ros/humble/lib/aarch64-linux-gnu:/opt/ros/humble/lib'), ('BROWSER', '/home/ubuntu/.vscode-server/cli/servers/Stable-dc96b837cf6bb4af9cd736aa3af08cf8279f7685/server/bin/helpers/browser.sh'), ('MOTD_SHOWN', 'pam'), ('HOME', '/home/ubuntu'), ('OLDPWD', '/home/ubuntu/turtlebot3_ws/src'), ('TERM_PROGRAM_VERSION', '1.89.1'), ('VSCODE_IPC_HOOK_CLI', '/run/user/1000/vscode-ipc-51fe23fc-42cb-4226-9c38-dfa451b1faf9.sock'), ('ROS_PYTHON_VERSION', '3'), ('VSCODE_GIT_ASKPASS_MAIN', '/home/ubuntu/.vscode-server/cli/servers/Stable-dc96b837cf6bb4af9cd736aa3af08cf8279f7685/server/extensions/git/dist/askpass-main.js'), ('VSCODE_GIT_ASKPASS_NODE', '/home/ubuntu/.vscode-server/cli/servers/Stable-dc96b837cf6bb4af9cd736aa3af08cf8279f7685/server/node'), ('SSL_CERT_FILE', '/usr/lib/ssl/certs/ca-certificates.crt'), ('DBUS_SESSION_BUS_ADDRESS', 'unix:path=/run/user/1000/bus'), ('COLORTERM', 'truecolor'), ('COLCON_PREFIX_PATH', '/home/ubuntu/turtlebot3_ws/install'), ('ROS_DISTRO', 'humble'), ('LOGNAME', 'ubuntu'), ('_', '/usr/bin/colcon'), ('ROS_VERSION', '2'), ('XDG_SESSION_CLASS', 'user'), ('TERM', 'xterm-256color'), ('XDG_SESSION_ID', '4'), ('ROS_LOCALHOST_ONLY', '0'), ('PATH', '/home/ubuntu/.vscode-server/cli/servers/Stable-dc96b837cf6bb4af9cd736aa3af08cf8279f7685/server/bin/remote-cli:/opt/ros/humble/bin:/usr/local/sbin:/usr/local/bin:/usr/sbin:/usr/bin:/sbin:/bin:/usr/games:/usr/local/games:/snap/bin'), ('XDG_RUNTIME_DIR', '/run/user/1000'), ('SSL_CERT_DIR', '/usr/lib/ssl/certs'), ('LANG', 'C.UTF-8'), ('LS_COLORS', 'rs=0:di=01;34:ln=01;36:mh=00:pi=40;33:so=01;35:do=01;35:bd=40;33;01:cd=40;33;01:or=40;31;01:mi=00:su=37;41:sg=30;43:ca=30;41:tw=30;42:ow=34;42:st=37;44:ex=01;32:*.tar=01;31:*.tgz=01;31:*.arc=01;31:*.arj=01;31:*.taz=01;31:*.lha=01;31:*.lz4=01;31:*.lzh=01;31:*.lzma=01;31:*.tlz=01;31:*.txz=01;31:*.tzo=01;31:*.t7z=01;31:*.zip=01;31:*.z=01;31:*.dz=01;31:*.gz=01;31:*.lrz=01;31:*.lz=01;31:*.lzo=01;31:*.xz=01;31:*.zst=01;31:*.tzst=01;31:*.bz2=01;31:*.bz=01;31:*.tbz=01;31:*.tbz2=01;31:*.tz=01;31:*.deb=01;31:*.rpm=01;31:*.jar=01;31:*.war=01;31:*.ear=01;31:*.sar=01;31:*.rar=01;31:*.alz=01;31:*.ace=01;31:*.zoo=01;31:*.cpio=01;31:*.7z=01;31:*.rz=01;31:*.cab=01;31:*.wim=01;31:*.swm=01;31:*.dwm=01;31:*.esd=01;31:*.jpg=01;35:*.jpeg=01;35:*.mjpg=01;35:*.mjpeg=01;35:*.gif=01;35:*.bmp=01;35:*.pbm=01;35:*.pgm=01;35:*.ppm=01;35:*.tga=01;35:*.xbm=01;35:*.xpm=01;35:*.tif=01;35:*.tiff=01;35:*.png=01;35:*.svg=01;35:*.svgz=01;35:*.mng=01;35:*.pcx=01;35:*.mov=01;35:*.mpg=01;35:*.mpeg=01;35:*.m2v=01;35:*.mkv=01;35:*.webm=01;35:*.webp=01;35:*.ogm=01;35:*.mp4=01;35:*.m4v=01;35:*.mp4v=01;35:*.vob=01;35:*.qt=01;35:*.nuv=01;35:*.wmv=01;35:*.asf=01;35:*.rm=01;35:*.rmvb=01;35:*.flc=01;35:*.avi=01;35:*.fli=01;35:*.flv=01;35:*.gl=01;35:*.dl=01;35:*.xcf=01;35:*.xwd=01;35:*.yuv=01;35:*.cgm=01;35:*.emf=01;35:*.ogv=01;35:*.ogx=01;35:*.aac=00;36:*.au=00;36:*.flac=00;36:*.m4a=00;36:*.mid=00;36:*.midi=00;36:*.mka=00;36:*.mp3=00;36:*.mpc=00;36:*.ogg=00;36:*.ra=00;36:*.wav=00;36:*.oga=00;36:*.opus=00;36:*.spx=00;36:*.xspf=00;36:'), ('VSCODE_GIT_IPC_HANDLE', '/run/user/1000/vscode-git-4efd26a09e.sock'), ('TERM_PROGRAM', 'vscode'), ('ROS_DOMAIN_ID', '30'), ('AMENT_PREFIX_PATH', '/home/ubuntu/turtlebot3_ws/install/turtlebot3:/home/ubuntu/turtlebot3_ws/install/turtlebot3_teleop:/home/ubuntu/turtlebot3_ws/install/turtlebot3_bringup:/home/ubuntu/turtlebot3_ws/install/turtlebot3_node:/home/ubuntu/turtlebot3_ws/install/turtlebot3_example:/home/ubuntu/turtlebot3_ws/install/turtlebot3_description:/home/ubuntu/turtlebot3_ws/install/ld08_driver:/opt/ros/humble'), ('SHELL', '/bin/bash'), ('LESSCLOSE', '/usr/bin/lesspipe %s %s'), ('VSCODE_GIT_ASKPASS_EXTRA_ARGS', ''), ('PWD', '/home/ubuntu/turtlebot3_ws/build/turtlebot3_description'), ('TURTLEBOT3_MODEL', 'burger'), ('SSH_CONNECTION', '10.42.0.114 44396 10.42.0.1 22'), ('XDG_DATA_DIRS', '/usr/local/share:/usr/share:/var/lib/snapd/desktop'), ('LDS_MODEL', 'LDS-01'), ('PYTHONPATH', '/home/ubuntu/turtlebot3_ws/build/turtlebot3_teleop:/home/ubuntu/turtlebot3_ws/install/turtlebot3_teleop/lib/python3.10/site-packages:/home/ubuntu/turtlebot3_ws/build/turtlebot3_example:/home/ubuntu/turtlebot3_ws/install/turtlebot3_example/lib/python3.10/site-packages:/opt/ros/humble/lib/python3.10/site-packages:/opt/ros/humble/local/lib/python3.10/dist-packages'), ('COLCON', '1'), ('CMAKE_PREFIX_PATH', '/home/ubuntu/turtlebot3_ws/install/turtlebot3:/home/ubuntu/turtlebot3_ws/install/turtlebot3_bringup:/home/ubuntu/turtlebot3_ws/install/turtlebot3_node:/home/ubuntu/turtlebot3_ws/install/turtlebot3_description:/home/ubuntu/turtlebot3_ws/install/ld08_driver:/home/ubuntu/turtlebot3_ws/install/turtlebot3_teleop:/home/ubuntu/turtlebot3_ws/install/turtlebot3_example:/opt/ros/humble')]), 'shell': False}
[0.197626] (-) TimerEvent: {}
[0.299210] (-) TimerEvent: {}
[0.401351] (-) TimerEvent: {}
[0.503227] (-) TimerEvent: {}
[0.605480] (-) TimerEvent: {}
[0.707338] (-) TimerEvent: {}
[0.809049] (-) TimerEvent: {}
[0.910505] (-) TimerEvent: {}
[0.974970] (turtlebot3_description) StdoutLine: {'line': b'-- Found ament_cmake: 1.3.9 (/opt/ros/humble/share/ament_cmake/cmake)\n'}
[1.010799] (-) TimerEvent: {}
[1.112512] (-) TimerEvent: {}
[1.213685] (-) TimerEvent: {}
[1.314956] (-) TimerEvent: {}
[1.416384] (-) TimerEvent: {}
[1.541784] (-) TimerEvent: {}
[1.643431] (-) TimerEvent: {}
[1.744867] (-) TimerEvent: {}
[1.846368] (-) TimerEvent: {}
[1.947923] (-) TimerEvent: {}
[2.049182] (-) TimerEvent: {}
[2.150454] (-) TimerEvent: {}
[2.251816] (-) TimerEvent: {}
[2.353144] (-) TimerEvent: {}
[2.454487] (-) TimerEvent: {}
[2.541767] (turtlebot3_description) StdoutLine: {'line': b'-- Override CMake install command with custom implementation using symlinks instead of copying resources\n'}
[2.554775] (-) TimerEvent: {}
[2.656212] (-) TimerEvent: {}
[2.704944] (turtlebot3_description) StdoutLine: {'line': b'-- Found urdf: 2.6.0 (/opt/ros/humble/share/urdf/cmake)\n'}
[2.756517] (-) TimerEvent: {}
[2.857908] (-) TimerEvent: {}
[2.959350] (-) TimerEvent: {}
[3.061363] (-) TimerEvent: {}
[3.163107] (-) TimerEvent: {}
[3.264735] (-) TimerEvent: {}
[3.365945] (-) TimerEvent: {}
[3.467341] (-) TimerEvent: {}
[3.568948] (-) TimerEvent: {}
[3.670267] (-) TimerEvent: {}
[3.771732] (-) TimerEvent: {}
[3.873085] (-) TimerEvent: {}
[3.974367] (-) TimerEvent: {}
[4.075959] (-) TimerEvent: {}
[4.177456] (-) TimerEvent: {}
[4.195570] (turtlebot3_description) StdoutLine: {'line': b'-- Configuring done\n'}
[4.255747] (turtlebot3_description) StdoutLine: {'line': b'-- Generating done\n'}
[4.271420] (turtlebot3_description) StdoutLine: {'line': b'-- Build files have been written to: /home/ubuntu/turtlebot3_ws/build/turtlebot3_description\n'}
[4.277811] (-) TimerEvent: {}
[4.379421] (-) TimerEvent: {}
[4.481141] (-) TimerEvent: {}
[4.506855] (turtlebot3_description) CommandEnded: {'returncode': 0}
[4.581444] (-) TimerEvent: {}
[4.682961] (-) TimerEvent: {}
[4.740998] (turtlebot3_description) JobProgress: {'identifier': 'turtlebot3_description', 'progress': 'install'}
[4.783364] (-) TimerEvent: {}
[4.815281] (turtlebot3_description) Command: {'cmd': ['/usr/bin/cmake', '--install', '/home/ubuntu/turtlebot3_ws/build/turtlebot3_description'], 'cwd': '/home/ubuntu/turtlebot3_ws/build/turtlebot3_description', 'env': OrderedDict([('LESSOPEN', '| /usr/bin/lesspipe %s'), ('USER', 'ubuntu'), ('SSH_CLIENT', '10.42.0.114 44396 22'), ('XDG_SESSION_TYPE', 'tty'), ('GIT_ASKPASS', '/home/ubuntu/.vscode-server/cli/servers/Stable-dc96b837cf6bb4af9cd736aa3af08cf8279f7685/server/extensions/git/dist/askpass.sh'), ('SHLVL', '2'), ('LD_LIBRARY_PATH', '/opt/ros/humble/opt/rviz_ogre_vendor/lib:/opt/ros/humble/lib/aarch64-linux-gnu:/opt/ros/humble/lib'), ('BROWSER', '/home/ubuntu/.vscode-server/cli/servers/Stable-dc96b837cf6bb4af9cd736aa3af08cf8279f7685/server/bin/helpers/browser.sh'), ('MOTD_SHOWN', 'pam'), ('HOME', '/home/ubuntu'), ('OLDPWD', '/home/ubuntu/turtlebot3_ws/src'), ('TERM_PROGRAM_VERSION', '1.89.1'), ('VSCODE_IPC_HOOK_CLI', '/run/user/1000/vscode-ipc-51fe23fc-42cb-4226-9c38-dfa451b1faf9.sock'), ('ROS_PYTHON_VERSION', '3'), ('VSCODE_GIT_ASKPASS_MAIN', '/home/ubuntu/.vscode-server/cli/servers/Stable-dc96b837cf6bb4af9cd736aa3af08cf8279f7685/server/extensions/git/dist/askpass-main.js'), ('VSCODE_GIT_ASKPASS_NODE', '/home/ubuntu/.vscode-server/cli/servers/Stable-dc96b837cf6bb4af9cd736aa3af08cf8279f7685/server/node'), ('SSL_CERT_FILE', '/usr/lib/ssl/certs/ca-certificates.crt'), ('DBUS_SESSION_BUS_ADDRESS', 'unix:path=/run/user/1000/bus'), ('COLORTERM', 'truecolor'), ('COLCON_PREFIX_PATH', '/home/ubuntu/turtlebot3_ws/install'), ('ROS_DISTRO', 'humble'), ('LOGNAME', 'ubuntu'), ('_', '/usr/bin/colcon'), ('ROS_VERSION', '2'), ('XDG_SESSION_CLASS', 'user'), ('TERM', 'xterm-256color'), ('XDG_SESSION_ID', '4'), ('ROS_LOCALHOST_ONLY', '0'), ('PATH', '/home/ubuntu/.vscode-server/cli/servers/Stable-dc96b837cf6bb4af9cd736aa3af08cf8279f7685/server/bin/remote-cli:/opt/ros/humble/bin:/usr/local/sbin:/usr/local/bin:/usr/sbin:/usr/bin:/sbin:/bin:/usr/games:/usr/local/games:/snap/bin'), ('XDG_RUNTIME_DIR', '/run/user/1000'), ('SSL_CERT_DIR', '/usr/lib/ssl/certs'), ('LANG', 'C.UTF-8'), ('LS_COLORS', 'rs=0:di=01;34:ln=01;36:mh=00:pi=40;33:so=01;35:do=01;35:bd=40;33;01:cd=40;33;01:or=40;31;01:mi=00:su=37;41:sg=30;43:ca=30;41:tw=30;42:ow=34;42:st=37;44:ex=01;32:*.tar=01;31:*.tgz=01;31:*.arc=01;31:*.arj=01;31:*.taz=01;31:*.lha=01;31:*.lz4=01;31:*.lzh=01;31:*.lzma=01;31:*.tlz=01;31:*.txz=01;31:*.tzo=01;31:*.t7z=01;31:*.zip=01;31:*.z=01;31:*.dz=01;31:*.gz=01;31:*.lrz=01;31:*.lz=01;31:*.lzo=01;31:*.xz=01;31:*.zst=01;31:*.tzst=01;31:*.bz2=01;31:*.bz=01;31:*.tbz=01;31:*.tbz2=01;31:*.tz=01;31:*.deb=01;31:*.rpm=01;31:*.jar=01;31:*.war=01;31:*.ear=01;31:*.sar=01;31:*.rar=01;31:*.alz=01;31:*.ace=01;31:*.zoo=01;31:*.cpio=01;31:*.7z=01;31:*.rz=01;31:*.cab=01;31:*.wim=01;31:*.swm=01;31:*.dwm=01;31:*.esd=01;31:*.jpg=01;35:*.jpeg=01;35:*.mjpg=01;35:*.mjpeg=01;35:*.gif=01;35:*.bmp=01;35:*.pbm=01;35:*.pgm=01;35:*.ppm=01;35:*.tga=01;35:*.xbm=01;35:*.xpm=01;35:*.tif=01;35:*.tiff=01;35:*.png=01;35:*.svg=01;35:*.svgz=01;35:*.mng=01;35:*.pcx=01;35:*.mov=01;35:*.mpg=01;35:*.mpeg=01;35:*.m2v=01;35:*.mkv=01;35:*.webm=01;35:*.webp=01;35:*.ogm=01;35:*.mp4=01;35:*.m4v=01;35:*.mp4v=01;35:*.vob=01;35:*.qt=01;35:*.nuv=01;35:*.wmv=01;35:*.asf=01;35:*.rm=01;35:*.rmvb=01;35:*.flc=01;35:*.avi=01;35:*.fli=01;35:*.flv=01;35:*.gl=01;35:*.dl=01;35:*.xcf=01;35:*.xwd=01;35:*.yuv=01;35:*.cgm=01;35:*.emf=01;35:*.ogv=01;35:*.ogx=01;35:*.aac=00;36:*.au=00;36:*.flac=00;36:*.m4a=00;36:*.mid=00;36:*.midi=00;36:*.mka=00;36:*.mp3=00;36:*.mpc=00;36:*.ogg=00;36:*.ra=00;36:*.wav=00;36:*.oga=00;36:*.opus=00;36:*.spx=00;36:*.xspf=00;36:'), ('VSCODE_GIT_IPC_HANDLE', '/run/user/1000/vscode-git-4efd26a09e.sock'), ('TERM_PROGRAM', 'vscode'), ('ROS_DOMAIN_ID', '30'), ('AMENT_PREFIX_PATH', '/home/ubuntu/turtlebot3_ws/install/turtlebot3:/home/ubuntu/turtlebot3_ws/install/turtlebot3_teleop:/home/ubuntu/turtlebot3_ws/install/turtlebot3_bringup:/home/ubuntu/turtlebot3_ws/install/turtlebot3_node:/home/ubuntu/turtlebot3_ws/install/turtlebot3_example:/home/ubuntu/turtlebot3_ws/install/turtlebot3_description:/home/ubuntu/turtlebot3_ws/install/ld08_driver:/opt/ros/humble'), ('SHELL', '/bin/bash'), ('LESSCLOSE', '/usr/bin/lesspipe %s %s'), ('VSCODE_GIT_ASKPASS_EXTRA_ARGS', ''), ('PWD', '/home/ubuntu/turtlebot3_ws/build/turtlebot3_description'), ('TURTLEBOT3_MODEL', 'burger'), ('SSH_CONNECTION', '10.42.0.114 44396 10.42.0.1 22'), ('XDG_DATA_DIRS', '/usr/local/share:/usr/share:/var/lib/snapd/desktop'), ('LDS_MODEL', 'LDS-01'), ('PYTHONPATH', '/home/ubuntu/turtlebot3_ws/build/turtlebot3_teleop:/home/ubuntu/turtlebot3_ws/install/turtlebot3_teleop/lib/python3.10/site-packages:/home/ubuntu/turtlebot3_ws/build/turtlebot3_example:/home/ubuntu/turtlebot3_ws/install/turtlebot3_example/lib/python3.10/site-packages:/opt/ros/humble/lib/python3.10/site-packages:/opt/ros/humble/local/lib/python3.10/dist-packages'), ('COLCON', '1'), ('CMAKE_PREFIX_PATH', '/home/ubuntu/turtlebot3_ws/install/turtlebot3:/home/ubuntu/turtlebot3_ws/install/turtlebot3_bringup:/home/ubuntu/turtlebot3_ws/install/turtlebot3_node:/home/ubuntu/turtlebot3_ws/install/turtlebot3_description:/home/ubuntu/turtlebot3_ws/install/ld08_driver:/home/ubuntu/turtlebot3_ws/install/turtlebot3_teleop:/home/ubuntu/turtlebot3_ws/install/turtlebot3_example:/opt/ros/humble')]), 'shell': False}
[4.877490] (turtlebot3_description) StdoutLine: {'line': b'-- Install configuration: ""\n'}
[4.881486] (turtlebot3_description) StdoutLine: {'line': b'-- Execute custom install script\n'}
[4.883542] (-) TimerEvent: {}
[4.892443] (turtlebot3_description) StdoutLine: {'line': b'-- Up-to-date symlink: /home/ubuntu/turtlebot3_ws/install/turtlebot3_description/share/turtlebot3_description/meshes/bases/burger_base.stl\n'}
[4.895859] (turtlebot3_description) StdoutLine: {'line': b'-- Up-to-date symlink: /home/ubuntu/turtlebot3_ws/install/turtlebot3_description/share/turtlebot3_description/meshes/bases/waffle_base.stl\n'}
[4.898973] (turtlebot3_description) StdoutLine: {'line': b'-- Up-to-date symlink: /home/ubuntu/turtlebot3_ws/install/turtlebot3_description/share/turtlebot3_description/meshes/bases/waffle_pi_base.stl\n'}
[4.902331] (turtlebot3_description) StdoutLine: {'line': b'-- Up-to-date symlink: /home/ubuntu/turtlebot3_ws/install/turtlebot3_description/share/turtlebot3_description/meshes/sensors/astra.dae\n'}
[4.905327] (turtlebot3_description) StdoutLine: {'line': b'-- Up-to-date symlink: /home/ubuntu/turtlebot3_ws/install/turtlebot3_description/share/turtlebot3_description/meshes/sensors/astra.jpg\n'}
[4.908236] (turtlebot3_description) StdoutLine: {'line': b'-- Up-to-date symlink: /home/ubuntu/turtlebot3_ws/install/turtlebot3_description/share/turtlebot3_description/meshes/sensors/lds.stl\n'}
[4.911099] (turtlebot3_description) StdoutLine: {'line': b'-- Up-to-date symlink: /home/ubuntu/turtlebot3_ws/install/turtlebot3_description/share/turtlebot3_description/meshes/sensors/r200.dae\n'}
[4.913958] (turtlebot3_description) StdoutLine: {'line': b'-- Up-to-date symlink: /home/ubuntu/turtlebot3_ws/install/turtlebot3_description/share/turtlebot3_description/meshes/sensors/r200.jpg\n'}
[4.916868] (turtlebot3_description) StdoutLine: {'line': b'-- Up-to-date symlink: /home/ubuntu/turtlebot3_ws/install/turtlebot3_description/share/turtlebot3_description/meshes/wheels/left_tire.stl\n'}
[4.919896] (turtlebot3_description) StdoutLine: {'line': b'-- Up-to-date symlink: /home/ubuntu/turtlebot3_ws/install/turtlebot3_description/share/turtlebot3_description/meshes/wheels/right_tire.stl\n'}
[4.923769] (turtlebot3_description) StdoutLine: {'line': b'-- Up-to-date symlink: /home/ubuntu/turtlebot3_ws/install/turtlebot3_description/share/turtlebot3_description/rviz/model.rviz\n'}
[4.928206] (turtlebot3_description) StdoutLine: {'line': b'-- Up-to-date symlink: /home/ubuntu/turtlebot3_ws/install/turtlebot3_description/share/turtlebot3_description/urdf/common_properties.urdf\n'}
[4.930905] (turtlebot3_description) StdoutLine: {'line': b'-- Up-to-date symlink: /home/ubuntu/turtlebot3_ws/install/turtlebot3_description/share/turtlebot3_description/urdf/turtlebot3_burger.urdf\n'}
[4.933612] (turtlebot3_description) StdoutLine: {'line': b'-- Up-to-date symlink: /home/ubuntu/turtlebot3_ws/install/turtlebot3_description/share/turtlebot3_description/urdf/turtlebot3_waffle.urdf\n'}
[4.936485] (turtlebot3_description) StdoutLine: {'line': b'-- Up-to-date symlink: /home/ubuntu/turtlebot3_ws/install/turtlebot3_description/share/turtlebot3_description/urdf/turtlebot3_waffle_pi.urdf\n'}
[4.939459] (turtlebot3_description) StdoutLine: {'line': b'-- Up-to-date symlink: /home/ubuntu/turtlebot3_ws/install/turtlebot3_description/share/ament_index/resource_index/package_run_dependencies/turtlebot3_description\n'}
[4.943268] (turtlebot3_description) StdoutLine: {'line': b'-- Up-to-date symlink: /home/ubuntu/turtlebot3_ws/install/turtlebot3_description/share/ament_index/resource_index/parent_prefix_path/turtlebot3_description\n'}
[4.946521] (turtlebot3_description) StdoutLine: {'line': b'-- Up-to-date symlink: /home/ubuntu/turtlebot3_ws/install/turtlebot3_description/share/turtlebot3_description/environment/ament_prefix_path.sh\n'}
[4.948919] (turtlebot3_description) StdoutLine: {'line': b'-- Up-to-date symlink: /home/ubuntu/turtlebot3_ws/install/turtlebot3_description/share/turtlebot3_description/environment/ament_prefix_path.dsv\n'}
[4.952939] (turtlebot3_description) StdoutLine: {'line': b'-- Up-to-date symlink: /home/ubuntu/turtlebot3_ws/install/turtlebot3_description/share/turtlebot3_description/environment/path.sh\n'}
[4.955269] (turtlebot3_description) StdoutLine: {'line': b'-- Up-to-date symlink: /home/ubuntu/turtlebot3_ws/install/turtlebot3_description/share/turtlebot3_description/environment/path.dsv\n'}
[4.958766] (turtlebot3_description) StdoutLine: {'line': b'-- Up-to-date symlink: /home/ubuntu/turtlebot3_ws/install/turtlebot3_description/share/turtlebot3_description/local_setup.bash\n'}
[4.962249] (turtlebot3_description) StdoutLine: {'line': b'-- Up-to-date symlink: /home/ubuntu/turtlebot3_ws/install/turtlebot3_description/share/turtlebot3_description/local_setup.sh\n'}
[4.970401] (turtlebot3_description) StdoutLine: {'line': b'-- Up-to-date symlink: /home/ubuntu/turtlebot3_ws/install/turtlebot3_description/share/turtlebot3_description/local_setup.zsh\n'}
[4.972418] (turtlebot3_description) StdoutLine: {'line': b'-- Up-to-date symlink: /home/ubuntu/turtlebot3_ws/install/turtlebot3_description/share/turtlebot3_description/local_setup.dsv\n'}
[4.973724] (turtlebot3_description) StdoutLine: {'line': b'-- Symlinking: /home/ubuntu/turtlebot3_ws/install/turtlebot3_description/share/turtlebot3_description/package.dsv\n'}
[4.983873] (-) TimerEvent: {}
[5.040773] (turtlebot3_description) StdoutLine: {'line': b'-- Up-to-date symlink: /home/ubuntu/turtlebot3_ws/install/turtlebot3_description/share/ament_index/resource_index/packages/turtlebot3_description\n'}
[5.044257] (turtlebot3_description) StdoutLine: {'line': b'-- Up-to-date symlink: /home/ubuntu/turtlebot3_ws/install/turtlebot3_description/share/turtlebot3_description/cmake/turtlebot3_descriptionConfig.cmake\n'}
[5.047637] (turtlebot3_description) StdoutLine: {'line': b'-- Up-to-date symlink: /home/ubuntu/turtlebot3_ws/install/turtlebot3_description/share/turtlebot3_description/cmake/turtlebot3_descriptionConfig-version.cmake\n'}
[5.051402] (turtlebot3_description) StdoutLine: {'line': b'-- Up-to-date symlink: /home/ubuntu/turtlebot3_ws/install/turtlebot3_description/share/turtlebot3_description/package.xml\n'}
[5.064833] (turtlebot3_description) CommandEnded: {'returncode': 0}
[5.084163] (-) TimerEvent: {}
[5.185692] (-) TimerEvent: {}
[5.287241] (-) TimerEvent: {}
[5.388775] (-) TimerEvent: {}
[5.490224] (-) TimerEvent: {}
[5.555328] (turtlebot3_description) JobEnded: {'identifier': 'turtlebot3_description', 'rc': 0}
[5.564562] (turtlebot3_node) JobStarted: {'identifier': 'turtlebot3_node'}
[5.590465] (-) TimerEvent: {}
[5.635948] (turtlebot3_node) JobProgress: {'identifier': 'turtlebot3_node', 'progress': 'cmake'}
[5.648285] (turtlebot3_node) JobProgress: {'identifier': 'turtlebot3_node', 'progress': 'build'}
[5.651539] (turtlebot3_node) Command: {'cmd': ['/usr/bin/cmake', '--build', '/home/ubuntu/turtlebot3_ws/build/turtlebot3_node', '--', '-j4', '-l4'], 'cwd': '/home/ubuntu/turtlebot3_ws/build/turtlebot3_node', 'env': OrderedDict([('LESSOPEN', '| /usr/bin/lesspipe %s'), ('USER', 'ubuntu'), ('SSH_CLIENT', '10.42.0.114 44396 22'), ('XDG_SESSION_TYPE', 'tty'), ('GIT_ASKPASS', '/home/ubuntu/.vscode-server/cli/servers/Stable-dc96b837cf6bb4af9cd736aa3af08cf8279f7685/server/extensions/git/dist/askpass.sh'), ('SHLVL', '2'), ('LD_LIBRARY_PATH', '/opt/ros/humble/opt/rviz_ogre_vendor/lib:/opt/ros/humble/lib/aarch64-linux-gnu:/opt/ros/humble/lib'), ('BROWSER', '/home/ubuntu/.vscode-server/cli/servers/Stable-dc96b837cf6bb4af9cd736aa3af08cf8279f7685/server/bin/helpers/browser.sh'), ('MOTD_SHOWN', 'pam'), ('HOME', '/home/ubuntu'), ('OLDPWD', '/home/ubuntu/turtlebot3_ws/src'), ('TERM_PROGRAM_VERSION', '1.89.1'), ('VSCODE_IPC_HOOK_CLI', '/run/user/1000/vscode-ipc-51fe23fc-42cb-4226-9c38-dfa451b1faf9.sock'), ('ROS_PYTHON_VERSION', '3'), ('VSCODE_GIT_ASKPASS_MAIN', '/home/ubuntu/.vscode-server/cli/servers/Stable-dc96b837cf6bb4af9cd736aa3af08cf8279f7685/server/extensions/git/dist/askpass-main.js'), ('VSCODE_GIT_ASKPASS_NODE', '/home/ubuntu/.vscode-server/cli/servers/Stable-dc96b837cf6bb4af9cd736aa3af08cf8279f7685/server/node'), ('SSL_CERT_FILE', '/usr/lib/ssl/certs/ca-certificates.crt'), ('DBUS_SESSION_BUS_ADDRESS', 'unix:path=/run/user/1000/bus'), ('COLORTERM', 'truecolor'), ('COLCON_PREFIX_PATH', '/home/ubuntu/turtlebot3_ws/install'), ('ROS_DISTRO', 'humble'), ('LOGNAME', 'ubuntu'), ('_', '/usr/bin/colcon'), ('ROS_VERSION', '2'), ('XDG_SESSION_CLASS', 'user'), ('TERM', 'xterm-256color'), ('XDG_SESSION_ID', '4'), ('ROS_LOCALHOST_ONLY', '0'), ('PATH', '/home/ubuntu/.vscode-server/cli/servers/Stable-dc96b837cf6bb4af9cd736aa3af08cf8279f7685/server/bin/remote-cli:/opt/ros/humble/bin:/usr/local/sbin:/usr/local/bin:/usr/sbin:/usr/bin:/sbin:/bin:/usr/games:/usr/local/games:/snap/bin'), ('XDG_RUNTIME_DIR', '/run/user/1000'), ('SSL_CERT_DIR', '/usr/lib/ssl/certs'), ('LANG', 'C.UTF-8'), ('LS_COLORS', 'rs=0:di=01;34:ln=01;36:mh=00:pi=40;33:so=01;35:do=01;35:bd=40;33;01:cd=40;33;01:or=40;31;01:mi=00:su=37;41:sg=30;43:ca=30;41:tw=30;42:ow=34;42:st=37;44:ex=01;32:*.tar=01;31:*.tgz=01;31:*.arc=01;31:*.arj=01;31:*.taz=01;31:*.lha=01;31:*.lz4=01;31:*.lzh=01;31:*.lzma=01;31:*.tlz=01;31:*.txz=01;31:*.tzo=01;31:*.t7z=01;31:*.zip=01;31:*.z=01;31:*.dz=01;31:*.gz=01;31:*.lrz=01;31:*.lz=01;31:*.lzo=01;31:*.xz=01;31:*.zst=01;31:*.tzst=01;31:*.bz2=01;31:*.bz=01;31:*.tbz=01;31:*.tbz2=01;31:*.tz=01;31:*.deb=01;31:*.rpm=01;31:*.jar=01;31:*.war=01;31:*.ear=01;31:*.sar=01;31:*.rar=01;31:*.alz=01;31:*.ace=01;31:*.zoo=01;31:*.cpio=01;31:*.7z=01;31:*.rz=01;31:*.cab=01;31:*.wim=01;31:*.swm=01;31:*.dwm=01;31:*.esd=01;31:*.jpg=01;35:*.jpeg=01;35:*.mjpg=01;35:*.mjpeg=01;35:*.gif=01;35:*.bmp=01;35:*.pbm=01;35:*.pgm=01;35:*.ppm=01;35:*.tga=01;35:*.xbm=01;35:*.xpm=01;35:*.tif=01;35:*.tiff=01;35:*.png=01;35:*.svg=01;35:*.svgz=01;35:*.mng=01;35:*.pcx=01;35:*.mov=01;35:*.mpg=01;35:*.mpeg=01;35:*.m2v=01;35:*.mkv=01;35:*.webm=01;35:*.webp=01;35:*.ogm=01;35:*.mp4=01;35:*.m4v=01;35:*.mp4v=01;35:*.vob=01;35:*.qt=01;35:*.nuv=01;35:*.wmv=01;35:*.asf=01;35:*.rm=01;35:*.rmvb=01;35:*.flc=01;35:*.avi=01;35:*.fli=01;35:*.flv=01;35:*.gl=01;35:*.dl=01;35:*.xcf=01;35:*.xwd=01;35:*.yuv=01;35:*.cgm=01;35:*.emf=01;35:*.ogv=01;35:*.ogx=01;35:*.aac=00;36:*.au=00;36:*.flac=00;36:*.m4a=00;36:*.mid=00;36:*.midi=00;36:*.mka=00;36:*.mp3=00;36:*.mpc=00;36:*.ogg=00;36:*.ra=00;36:*.wav=00;36:*.oga=00;36:*.opus=00;36:*.spx=00;36:*.xspf=00;36:'), ('VSCODE_GIT_IPC_HANDLE', '/run/user/1000/vscode-git-4efd26a09e.sock'), ('TERM_PROGRAM', 'vscode'), ('ROS_DOMAIN_ID', '30'), ('AMENT_PREFIX_PATH', '/home/ubuntu/turtlebot3_ws/install/turtlebot3:/home/ubuntu/turtlebot3_ws/install/turtlebot3_teleop:/home/ubuntu/turtlebot3_ws/install/turtlebot3_bringup:/home/ubuntu/turtlebot3_ws/install/turtlebot3_node:/home/ubuntu/turtlebot3_ws/install/turtlebot3_example:/home/ubuntu/turtlebot3_ws/install/turtlebot3_description:/home/ubuntu/turtlebot3_ws/install/ld08_driver:/opt/ros/humble'), ('SHELL', '/bin/bash'), ('LESSCLOSE', '/usr/bin/lesspipe %s %s'), ('VSCODE_GIT_ASKPASS_EXTRA_ARGS', ''), ('PWD', '/home/ubuntu/turtlebot3_ws/build/turtlebot3_node'), ('TURTLEBOT3_MODEL', 'burger'), ('SSH_CONNECTION', '10.42.0.114 44396 10.42.0.1 22'), ('XDG_DATA_DIRS', '/usr/local/share:/usr/share:/var/lib/snapd/desktop'), ('LDS_MODEL', 'LDS-01'), ('PYTHONPATH', '/home/ubuntu/turtlebot3_ws/build/turtlebot3_teleop:/home/ubuntu/turtlebot3_ws/install/turtlebot3_teleop/lib/python3.10/site-packages:/home/ubuntu/turtlebot3_ws/build/turtlebot3_example:/home/ubuntu/turtlebot3_ws/install/turtlebot3_example/lib/python3.10/site-packages:/opt/ros/humble/lib/python3.10/site-packages:/opt/ros/humble/local/lib/python3.10/dist-packages'), ('COLCON', '1'), ('CMAKE_PREFIX_PATH', '/home/ubuntu/turtlebot3_ws/install/turtlebot3:/home/ubuntu/turtlebot3_ws/install/turtlebot3_bringup:/home/ubuntu/turtlebot3_ws/install/turtlebot3_node:/home/ubuntu/turtlebot3_ws/install/turtlebot3_description:/home/ubuntu/turtlebot3_ws/install/ld08_driver:/home/ubuntu/turtlebot3_ws/install/turtlebot3_teleop:/home/ubuntu/turtlebot3_ws/install/turtlebot3_example:/opt/ros/humble')]), 'shell': False}
[5.690821] (-) TimerEvent: {}
[5.792239] (-) TimerEvent: {}
[5.893693] (-) TimerEvent: {}
[5.995136] (-) TimerEvent: {}
[6.056288] (turtlebot3_node) StdoutLine: {'line': b'-- Found ament_cmake: 1.3.9 (/opt/ros/humble/share/ament_cmake/cmake)\n'}
[6.095438] (-) TimerEvent: {}
[6.196861] (-) TimerEvent: {}
[6.298055] (-) TimerEvent: {}
[6.399385] (-) TimerEvent: {}
[6.500997] (-) TimerEvent: {}
[6.602426] (-) TimerEvent: {}
[6.703888] (-) TimerEvent: {}
[6.805355] (-) TimerEvent: {}
[6.906824] (-) TimerEvent: {}
[7.008278] (-) TimerEvent: {}
[7.109512] (-) TimerEvent: {}
[7.210836] (-) TimerEvent: {}
[7.312347] (-) TimerEvent: {}
[7.387299] (turtlebot3_node) StdoutLine: {'line': b'-- Override CMake install command with custom implementation using symlinks instead of copying resources\n'}
[7.412606] (-) TimerEvent: {}
[7.478616] (turtlebot3_node) StdoutLine: {'line': b'-- Found dynamixel_sdk: 3.7.60 (/opt/ros/humble/share/dynamixel_sdk/cmake)\n'}
[7.512840] (turtlebot3_node) StdoutLine: {'line': b'-- Found geometry_msgs: 4.2.3 (/opt/ros/humble/share/geometry_msgs/cmake)\n'}
[7.514431] (-) TimerEvent: {}
[7.615674] (-) TimerEvent: {}
[7.717159] (-) TimerEvent: {}
[7.818416] (-) TimerEvent: {}
[7.920660] (-) TimerEvent: {}
[7.959562] (turtlebot3_node) StdoutLine: {'line': b'-- Found rosidl_generator_c: 3.1.5 (/opt/ros/humble/share/rosidl_generator_c/cmake)\n'}
[8.000760] (turtlebot3_node) StdoutLine: {'line': b'-- Found rosidl_adapter: 3.1.5 (/opt/ros/humble/share/rosidl_adapter/cmake)\n'}
[8.020937] (-) TimerEvent: {}
[8.103923] (turtlebot3_node) StdoutLine: {'line': b'-- Found rosidl_generator_cpp: 3.1.5 (/opt/ros/humble/share/rosidl_generator_cpp/cmake)\n'}
[8.121213] (-) TimerEvent: {}
[8.222770] (-) TimerEvent: {}
[8.279729] (turtlebot3_node) StdoutLine: {'line': b'-- Using all available rosidl_typesupport_c: rosidl_typesupport_fastrtps_c;rosidl_typesupport_introspection_c\n'}
[8.323093] (-) TimerEvent: {}
[8.424570] (-) TimerEvent: {}
[8.495956] (turtlebot3_node) StdoutLine: {'line': b'-- Using all available rosidl_typesupport_cpp: rosidl_typesupport_fastrtps_cpp;rosidl_typesupport_introspection_cpp\n'}
[8.525000] (-) TimerEvent: {}
[8.626574] (-) TimerEvent: {}
[8.728318] (-) TimerEvent: {}
[8.829724] (-) TimerEvent: {}
[8.931064] (-) TimerEvent: {}
[9.032421] (-) TimerEvent: {}
[9.133665] (-) TimerEvent: {}
[9.235036] (-) TimerEvent: {}
[9.336597] (-) TimerEvent: {}
[9.438017] (-) TimerEvent: {}
[9.539570] (-) TimerEvent: {}
[9.641170] (-) TimerEvent: {}
[9.742516] (-) TimerEvent: {}
[9.793495] (turtlebot3_node) StdoutLine: {'line': b'-- Found message_filters: 4.3.4 (/opt/ros/humble/share/message_filters/cmake)\n'}
[9.842797] (-) TimerEvent: {}
[9.944143] (-) TimerEvent: {}
[10.045500] (-) TimerEvent: {}
[10.146828] (-) TimerEvent: {}
[10.248359] (-) TimerEvent: {}
[10.349781] (-) TimerEvent: {}
[10.451149] (-) TimerEvent: {}
[10.455257] (turtlebot3_node) StdoutLine: {'line': b'-- Found rmw_implementation_cmake: 6.1.2 (/opt/ros/humble/share/rmw_implementation_cmake/cmake)\n'}
[10.485536] (turtlebot3_node) StdoutLine: {'line': b'-- Found rmw_fastrtps_cpp: 6.2.6 (/opt/ros/humble/share/rmw_fastrtps_cpp/cmake)\n'}
[10.551485] (-) TimerEvent: {}
[10.652911] (-) TimerEvent: {}
[10.754346] (-) TimerEvent: {}
[10.855787] (-) TimerEvent: {}
[10.957134] (-) TimerEvent: {}
[11.058482] (-) TimerEvent: {}
[11.159736] (-) TimerEvent: {}
[11.261145] (-) TimerEvent: {}
[11.362715] (-) TimerEvent: {}
[11.464041] (-) TimerEvent: {}
[11.565725] (-) TimerEvent: {}
[11.667279] (-) TimerEvent: {}
[11.768793] (-) TimerEvent: {}
[11.870000] (-) TimerEvent: {}
[11.971257] (-) TimerEvent: {}
[12.072520] (-) TimerEvent: {}
[12.173958] (-) TimerEvent: {}
[12.275216] (-) TimerEvent: {}
[12.376626] (-) TimerEvent: {}
[12.475273] (turtlebot3_node) StdoutLine: {'line': b"-- Using RMW implementation 'rmw_fastrtps_cpp' as default\n"}
[12.476613] (-) TimerEvent: {}
[12.577622] (-) TimerEvent: {}
[12.679032] (-) TimerEvent: {}
[12.780640] (-) TimerEvent: {}
[12.882022] (-) TimerEvent: {}
[12.983360] (-) TimerEvent: {}
[13.084845] (-) TimerEvent: {}
[13.186229] (-) TimerEvent: {}
[13.289639] (-) TimerEvent: {}
[13.391168] (-) TimerEvent: {}
[13.492701] (-) TimerEvent: {}
[13.594050] (-) TimerEvent: {}
[13.695368] (-) TimerEvent: {}
[13.796801] (-) TimerEvent: {}
[13.898184] (-) TimerEvent: {}
[13.999513] (-) TimerEvent: {}
[14.029122] (turtlebot3_node) StdoutLine: {'line': b'-- Found nav_msgs: 4.2.3 (/opt/ros/humble/share/nav_msgs/cmake)\n'}
[14.099925] (-) TimerEvent: {}
[14.201511] (-) TimerEvent: {}
[14.303005] (-) TimerEvent: {}
[14.405072] (-) TimerEvent: {}
[14.506420] (-) TimerEvent: {}
[14.607803] (-) TimerEvent: {}
[14.709087] (-) TimerEvent: {}
[14.810407] (-) TimerEvent: {}
[14.900153] (turtlebot3_node) StdoutLine: {'line': b'-- Found sensor_msgs: 4.2.3 (/opt/ros/humble/share/sensor_msgs/cmake)\n'}
[14.910698] (-) TimerEvent: {}
[15.012180] (-) TimerEvent: {}
[15.113425] (-) TimerEvent: {}
[15.214690] (-) TimerEvent: {}
[15.316305] (-) TimerEvent: {}
[15.417560] (-) TimerEvent: {}
[15.518824] (-) TimerEvent: {}
[15.620175] (-) TimerEvent: {}
[15.721482] (-) TimerEvent: {}
[15.761334] (turtlebot3_node) StdoutLine: {'line': b'-- Found std_srvs: 4.2.3 (/opt/ros/humble/share/std_srvs/cmake)\n'}
[15.821816] (-) TimerEvent: {}
[15.923179] (-) TimerEvent: {}
[15.978069] (turtlebot3_node) StdoutLine: {'line': b'-- Found tf2: 0.25.6 (/opt/ros/humble/share/tf2/cmake)\n'}
[16.023505] (-) TimerEvent: {}
[16.072607] (turtlebot3_node) StdoutLine: {'line': b'-- Found tf2_ros: 0.25.6 (/opt/ros/humble/share/tf2_ros/cmake)\n'}
[16.123856] (-) TimerEvent: {}
[16.225170] (-) TimerEvent: {}
[16.326480] (-) TimerEvent: {}
[16.427811] (-) TimerEvent: {}
[16.529044] (-) TimerEvent: {}
[16.630712] (-) TimerEvent: {}
[16.732400] (-) TimerEvent: {}
[16.834145] (-) TimerEvent: {}
[16.935489] (-) TimerEvent: {}
[17.036783] (-) TimerEvent: {}
[17.138255] (-) TimerEvent: {}
[17.239553] (-) TimerEvent: {}
[17.340995] (-) TimerEvent: {}
[17.442308] (-) TimerEvent: {}
[17.543902] (-) TimerEvent: {}
[17.645162] (-) TimerEvent: {}
[17.746527] (-) TimerEvent: {}
[17.847916] (-) TimerEvent: {}
[17.949245] (-) TimerEvent: {}
[18.050903] (-) TimerEvent: {}
[18.152801] (-) TimerEvent: {}
[18.254410] (-) TimerEvent: {}
[18.355728] (-) TimerEvent: {}
[18.456987] (-) TimerEvent: {}
[18.558291] (-) TimerEvent: {}
[18.659568] (-) TimerEvent: {}
[18.760873] (-) TimerEvent: {}
[18.862147] (-) TimerEvent: {}
[18.963389] (-) TimerEvent: {}
[19.064691] (-) TimerEvent: {}
[19.165970] (-) TimerEvent: {}
[19.267314] (-) TimerEvent: {}
[19.369983] (-) TimerEvent: {}
[19.471565] (-) TimerEvent: {}
[19.573057] (-) TimerEvent: {}
[19.674387] (-) TimerEvent: {}
[19.684847] (turtlebot3_node) StdoutLine: {'line': b'-- Found turtlebot3_msgs: 2.2.3 (/opt/ros/humble/share/turtlebot3_msgs/cmake)\n'}
[19.774667] (-) TimerEvent: {}
[19.875979] (-) TimerEvent: {}
[19.977324] (-) TimerEvent: {}
[20.078658] (-) TimerEvent: {}
[20.180201] (-) TimerEvent: {}
[20.281547] (-) TimerEvent: {}
[20.382909] (-) TimerEvent: {}
[20.484418] (-) TimerEvent: {}
[20.585989] (-) TimerEvent: {}
[20.687264] (-) TimerEvent: {}
[20.789699] (-) TimerEvent: {}
[20.892131] (-) TimerEvent: {}
[20.993390] (-) TimerEvent: {}
[21.094706] (-) TimerEvent: {}
[21.196082] (-) TimerEvent: {}
[21.297525] (-) TimerEvent: {}
[21.359868] (turtlebot3_node) StdoutLine: {'line': b'-- Configuring done\n'}
[21.397773] (-) TimerEvent: {}
[21.499014] (-) TimerEvent: {}
[21.600493] (-) TimerEvent: {}
[21.702250] (-) TimerEvent: {}
[21.803870] (-) TimerEvent: {}
[21.864020] (turtlebot3_node) StdoutLine: {'line': b'-- Generating done\n'}
[21.889669] (turtlebot3_node) StdoutLine: {'line': b'-- Build files have been written to: /home/ubuntu/turtlebot3_ws/build/turtlebot3_node\n'}
[21.904312] (-) TimerEvent: {}
[22.005886] (-) TimerEvent: {}
[22.107935] (-) TimerEvent: {}
[22.210509] (-) TimerEvent: {}
[22.262555] (turtlebot3_node) StdoutLine: {'line': b'\x1b[35m\x1b[1mConsolidate compiler generated dependencies of target turtlebot3_node_lib\x1b[0m\n'}
[22.310807] (-) TimerEvent: {}
[22.412105] (-) TimerEvent: {}
[22.513362] (-) TimerEvent: {}
[22.614639] (-) TimerEvent: {}
[22.716090] (-) TimerEvent: {}
[22.817699] (-) TimerEvent: {}
[22.919465] (-) TimerEvent: {}
[22.943052] (turtlebot3_node) StdoutLine: {'line': b'[  7%] \x1b[32mBuilding CXX object CMakeFiles/turtlebot3_node_lib.dir/src/devices/motor_power.cpp.o\x1b[0m\n'}
[22.960612] (turtlebot3_node) StdoutLine: {'line': b'[ 14%] \x1b[32mBuilding CXX object CMakeFiles/turtlebot3_node_lib.dir/src/devices/sound.cpp.o\x1b[0m\n'}
[22.976907] (turtlebot3_node) StdoutLine: {'line': b'[ 21%] \x1b[32mBuilding CXX object CMakeFiles/turtlebot3_node_lib.dir/src/devices/reset.cpp.o\x1b[0m\n'}
[23.019803] (-) TimerEvent: {}
[23.068674] (turtlebot3_node) StdoutLine: {'line': b'[ 28%] \x1b[32mBuilding CXX object CMakeFiles/turtlebot3_node_lib.dir/src/diff_drive_controller.cpp.o\x1b[0m\n'}
[23.120086] (-) TimerEvent: {}
[23.221812] (-) TimerEvent: {}
[23.324532] (-) TimerEvent: {}
[23.425942] (-) TimerEvent: {}
[23.527352] (-) TimerEvent: {}
[23.629027] (-) TimerEvent: {}
[23.731948] (-) TimerEvent: {}
[23.833317] (-) TimerEvent: {}
[23.934606] (-) TimerEvent: {}
[24.037117] (-) TimerEvent: {}
[24.140027] (-) TimerEvent: {}
[24.242206] (-) TimerEvent: {}
[24.343425] (-) TimerEvent: {}
[24.445195] (-) TimerEvent: {}
[24.546527] (-) TimerEvent: {}
[24.648280] (-) TimerEvent: {}
[24.749660] (-) TimerEvent: {}
[24.851022] (-) TimerEvent: {}
[24.952571] (-) TimerEvent: {}
[25.054257] (-) TimerEvent: {}
[25.157290] (-) TimerEvent: {}
[25.260233] (-) TimerEvent: {}
[25.363395] (-) TimerEvent: {}
[25.466942] (-) TimerEvent: {}
[25.570095] (-) TimerEvent: {}
[25.671264] (-) TimerEvent: {}
[25.772517] (-) TimerEvent: {}
[25.876707] (-) TimerEvent: {}
[25.980328] (-) TimerEvent: {}
[26.084242] (-) TimerEvent: {}
[26.186321] (-) TimerEvent: {}
[26.290893] (-) TimerEvent: {}
[26.392535] (-) TimerEvent: {}
[26.495220] (-) TimerEvent: {}
[26.597503] (-) TimerEvent: {}
[26.701334] (-) TimerEvent: {}
[26.802754] (-) TimerEvent: {}
[26.904426] (-) TimerEvent: {}
[27.005705] (-) TimerEvent: {}
[27.107243] (-) TimerEvent: {}
[27.210386] (-) TimerEvent: {}
[27.314265] (-) TimerEvent: {}
[27.416724] (-) TimerEvent: {}
[27.519286] (-) TimerEvent: {}
[27.624314] (-) TimerEvent: {}
[27.727840] (-) TimerEvent: {}
[27.830160] (-) TimerEvent: {}
[27.931342] (-) TimerEvent: {}
[28.033902] (-) TimerEvent: {}
[28.136718] (-) TimerEvent: {}
[28.238842] (-) TimerEvent: {}
[28.341993] (-) TimerEvent: {}
[28.444618] (-) TimerEvent: {}
[28.546105] (-) TimerEvent: {}
[28.647467] (-) TimerEvent: {}
[28.749075] (-) TimerEvent: {}
[28.854894] (-) TimerEvent: {}
[28.956623] (-) TimerEvent: {}
[29.061017] (-) TimerEvent: {}
[29.162452] (-) TimerEvent: {}
[29.265176] (-) TimerEvent: {}
[29.366581] (-) TimerEvent: {}
[29.468311] (-) TimerEvent: {}
[29.569628] (-) TimerEvent: {}
[29.673594] (-) TimerEvent: {}
[29.776431] (-) TimerEvent: {}
[29.877906] (-) TimerEvent: {}
[29.980708] (-) TimerEvent: {}
[30.082877] (-) TimerEvent: {}
[30.188228] (-) TimerEvent: {}
[30.293425] (-) TimerEvent: {}
[30.396342] (-) TimerEvent: {}
[30.500749] (-) TimerEvent: {}
[30.607077] (-) TimerEvent: {}
[30.714434] (-) TimerEvent: {}
[30.829049] (-) TimerEvent: {}
[30.946775] (-) TimerEvent: {}
[31.055402] (-) TimerEvent: {}
[31.172017] (-) TimerEvent: {}
[31.288467] (-) TimerEvent: {}
[31.390415] (-) TimerEvent: {}
[31.492397] (-) TimerEvent: {}
[31.594218] (-) TimerEvent: {}
[31.700084] (-) TimerEvent: {}
[31.837439] (-) TimerEvent: {}
[31.941959] (-) TimerEvent: {}
[32.043944] (-) TimerEvent: {}
[32.146025] (-) TimerEvent: {}
[32.249657] (-) TimerEvent: {}
[32.351745] (-) TimerEvent: {}
[32.453696] (-) TimerEvent: {}
[32.560798] (-) TimerEvent: {}
[32.766974] (-) TimerEvent: {}
[32.869967] (-) TimerEvent: {}
[32.972021] (-) TimerEvent: {}
[33.074418] (-) TimerEvent: {}
[33.176321] (-) TimerEvent: {}
[33.278581] (-) TimerEvent: {}
[33.383488] (-) TimerEvent: {}
[33.489513] (-) TimerEvent: {}
[33.592846] (-) TimerEvent: {}
[33.697927] (-) TimerEvent: {}
[33.803289] (-) TimerEvent: {}
[33.908813] (-) TimerEvent: {}
[34.014088] (-) TimerEvent: {}
[34.119860] (-) TimerEvent: {}
[34.225083] (-) TimerEvent: {}
[34.331033] (-) TimerEvent: {}
[34.436706] (-) TimerEvent: {}
[34.542309] (-) TimerEvent: {}
[34.647436] (-) TimerEvent: {}
[34.753505] (-) TimerEvent: {}
[34.857983] (-) TimerEvent: {}
[34.959686] (-) TimerEvent: {}
[35.061113] (-) TimerEvent: {}
[35.162554] (-) TimerEvent: {}
[35.264006] (-) TimerEvent: {}
[35.365695] (-) TimerEvent: {}
[35.467300] (-) TimerEvent: {}
[35.568770] (-) TimerEvent: {}
[35.670280] (-) TimerEvent: {}
[35.771755] (-) TimerEvent: {}
[35.873268] (-) TimerEvent: {}
[35.974853] (-) TimerEvent: {}
[36.076496] (-) TimerEvent: {}
[36.178042] (-) TimerEvent: {}
[36.279642] (-) TimerEvent: {}
[36.381180] (-) TimerEvent: {}
[36.482744] (-) TimerEvent: {}
[36.584557] (-) TimerEvent: {}
[36.686260] (-) TimerEvent: {}
[36.788063] (-) TimerEvent: {}
[36.928500] (-) TimerEvent: {}
[37.107946] (-) TimerEvent: {}
[37.209660] (-) TimerEvent: {}
[37.312737] (-) TimerEvent: {}
[37.418280] (-) TimerEvent: {}
[37.521447] (-) TimerEvent: {}
[37.627084] (-) TimerEvent: {}
[37.733252] (-) TimerEvent: {}
[37.838623] (-) TimerEvent: {}
[37.944046] (-) TimerEvent: {}
[38.045778] (-) TimerEvent: {}
[38.147606] (-) TimerEvent: {}
[38.249188] (-) TimerEvent: {}
[38.350908] (-) TimerEvent: {}
[38.453138] (-) TimerEvent: {}
[38.554735] (-) TimerEvent: {}
[38.656381] (-) TimerEvent: {}
[38.757985] (-) TimerEvent: {}
[38.859810] (-) TimerEvent: {}
[38.961747] (-) TimerEvent: {}
[39.063649] (-) TimerEvent: {}
[39.165527] (-) TimerEvent: {}
[39.267238] (-) TimerEvent: {}
[39.369048] (-) TimerEvent: {}
[39.470973] (-) TimerEvent: {}
[39.572919] (-) TimerEvent: {}
[39.674640] (-) TimerEvent: {}
[39.776300] (-) TimerEvent: {}
[39.878038] (-) TimerEvent: {}
[39.979998] (-) TimerEvent: {}
[40.081651] (-) TimerEvent: {}
[40.183508] (-) TimerEvent: {}
[40.289128] (-) TimerEvent: {}
[40.395040] (-) TimerEvent: {}
[40.511785] (-) TimerEvent: {}
[40.627989] (-) TimerEvent: {}
[40.733720] (-) TimerEvent: {}
[40.840442] (-) TimerEvent: {}
[40.945803] (-) TimerEvent: {}
[41.052230] (-) TimerEvent: {}
[41.156160] (-) TimerEvent: {}
[41.261411] (-) TimerEvent: {}
[41.362936] (-) TimerEvent: {}
[41.464578] (-) TimerEvent: {}
[41.566382] (-) TimerEvent: {}
[41.669560] (-) TimerEvent: {}
[41.784305] (-) TimerEvent: {}
[41.896543] (-) TimerEvent: {}
[56.054386] (-) TimerEvent: {}
[58.151645] (-) TimerEvent: {}
[58.253128] (-) TimerEvent: {}
[58.354939] (-) TimerEvent: {}
[58.456541] (-) TimerEvent: {}
[58.558414] (-) TimerEvent: {}
[58.660116] (-) TimerEvent: {}
[58.761571] (-) TimerEvent: {}
[58.863374] (-) TimerEvent: {}
[58.968139] (-) TimerEvent: {}
[59.071429] (-) TimerEvent: {}
[59.173486] (-) TimerEvent: {}
[59.276685] (-) TimerEvent: {}
[59.381221] (-) TimerEvent: {}
[59.483879] (-) TimerEvent: {}
[60.139293] (-) TimerEvent: {}
[60.241610] (-) TimerEvent: {}
[60.343279] (-) TimerEvent: {}
[60.444819] (-) TimerEvent: {}
[60.546656] (-) TimerEvent: {}
[60.647969] (-) TimerEvent: {}
[60.749726] (-) TimerEvent: {}
[60.851416] (-) TimerEvent: {}
[60.953213] (-) TimerEvent: {}
[61.054793] (-) TimerEvent: {}
[61.156664] (-) TimerEvent: {}
[61.258417] (-) TimerEvent: {}
[61.360319] (-) TimerEvent: {}
[61.462118] (-) TimerEvent: {}
[61.563931] (-) TimerEvent: {}
[61.665572] (-) TimerEvent: {}
[61.767198] (-) TimerEvent: {}
[61.869193] (-) TimerEvent: {}
[61.970993] (-) TimerEvent: {}
[62.072738] (-) TimerEvent: {}
[62.174426] (-) TimerEvent: {}
[62.276379] (-) TimerEvent: {}
[62.378199] (-) TimerEvent: {}
[62.479917] (-) TimerEvent: {}
[62.581613] (-) TimerEvent: {}
[62.683214] (-) TimerEvent: {}
[62.784891] (-) TimerEvent: {}
[62.886495] (-) TimerEvent: {}
[62.988192] (-) TimerEvent: {}
[63.089933] (-) TimerEvent: {}
[63.191569] (-) TimerEvent: {}
[63.293467] (-) TimerEvent: {}
[63.395405] (-) TimerEvent: {}
[63.497407] (-) TimerEvent: {}
[63.599274] (-) TimerEvent: {}
[63.701071] (-) TimerEvent: {}
[63.802742] (-) TimerEvent: {}
[63.904711] (-) TimerEvent: {}
[64.006529] (-) TimerEvent: {}
[64.108544] (-) TimerEvent: {}
[64.210311] (-) TimerEvent: {}
[64.312115] (-) TimerEvent: {}
[64.413807] (-) TimerEvent: {}
[64.515486] (-) TimerEvent: {}
[64.617272] (-) TimerEvent: {}
[64.718980] (-) TimerEvent: {}
[64.820655] (-) TimerEvent: {}
[64.922426] (-) TimerEvent: {}
[65.024034] (-) TimerEvent: {}
[65.125881] (-) TimerEvent: {}
[65.227495] (-) TimerEvent: {}
[65.329240] (-) TimerEvent: {}
[65.431058] (-) TimerEvent: {}
[65.533000] (-) TimerEvent: {}
[65.634825] (-) TimerEvent: {}
[65.736738] (-) TimerEvent: {}
[65.838565] (-) TimerEvent: {}
[65.940583] (-) TimerEvent: {}
[66.043157] (-) TimerEvent: {}
[66.145778] (-) TimerEvent: {}
[66.248220] (-) TimerEvent: {}
[66.349805] (-) TimerEvent: {}
[66.453084] (-) TimerEvent: {}
[66.561923] (-) TimerEvent: {}
[66.674663] (-) TimerEvent: {}
[66.777387] (-) TimerEvent: {}
[66.884168] (-) TimerEvent: {}
[66.991230] (-) TimerEvent: {}
[67.095333] (-) TimerEvent: {}
[67.794935] (-) TimerEvent: {}
[70.905424] (-) TimerEvent: {}
[71.008589] (-) TimerEvent: {}
[71.114865] (-) TimerEvent: {}
[71.216980] (-) TimerEvent: {}
[71.320067] (-) TimerEvent: {}
[71.423688] (-) TimerEvent: {}
[71.528064] (-) TimerEvent: {}
[71.632238] (-) TimerEvent: {}
[71.734028] (-) TimerEvent: {}
[71.837071] (-) TimerEvent: {}
[71.940110] (-) TimerEvent: {}
[72.042526] (-) TimerEvent: {}
[72.144382] (-) TimerEvent: {}
[72.246014] (-) TimerEvent: {}
[72.347373] (-) TimerEvent: {}
[72.449120] (-) TimerEvent: {}
[72.550754] (-) TimerEvent: {}
[72.652587] (-) TimerEvent: {}
[72.754470] (-) TimerEvent: {}
[72.905641] (-) TimerEvent: {}
[73.008502] (-) TimerEvent: {}
[73.110184] (-) TimerEvent: {}
[73.211705] (-) TimerEvent: {}
[73.313499] (-) TimerEvent: {}
[73.415231] (-) TimerEvent: {}
[73.517033] (-) TimerEvent: {}
[73.618694] (-) TimerEvent: {}
[73.720515] (-) TimerEvent: {}
[73.822831] (-) TimerEvent: {}
[73.924482] (-) TimerEvent: {}
[74.026292] (-) TimerEvent: {}
[74.128336] (-) TimerEvent: {}
[74.229841] (-) TimerEvent: {}
[74.331375] (-) TimerEvent: {}
[74.433226] (-) TimerEvent: {}
[74.534790] (-) TimerEvent: {}
[74.636465] (-) TimerEvent: {}
[74.738089] (-) TimerEvent: {}
[74.839894] (-) TimerEvent: {}
[74.941500] (-) TimerEvent: {}
[75.043274] (-) TimerEvent: {}
[75.145012] (-) TimerEvent: {}
[75.246613] (-) TimerEvent: {}
[75.348570] (-) TimerEvent: {}
[75.450302] (-) TimerEvent: {}
[75.551946] (-) TimerEvent: {}
[75.653682] (-) TimerEvent: {}
[75.755231] (-) TimerEvent: {}
[75.856885] (-) TimerEvent: {}
[75.958500] (-) TimerEvent: {}
[76.060483] (-) TimerEvent: {}
[76.295017] (-) TimerEvent: {}
[76.398439] (-) TimerEvent: {}
[76.503658] (-) TimerEvent: {}
[76.610597] (-) TimerEvent: {}
[76.720182] (-) TimerEvent: {}
[76.823005] (-) TimerEvent: {}
[76.924570] (-) TimerEvent: {}
[77.026228] (-) TimerEvent: {}
[77.128112] (-) TimerEvent: {}
[77.229931] (-) TimerEvent: {}
[77.331816] (-) TimerEvent: {}
[77.433769] (-) TimerEvent: {}
[77.540001] (-) TimerEvent: {}
[77.643471] (-) TimerEvent: {}
[77.745387] (-) TimerEvent: {}
[77.847254] (-) TimerEvent: {}
[77.948995] (-) TimerEvent: {}
[78.050534] (-) TimerEvent: {}
[78.152208] (-) TimerEvent: {}
[78.254347] (-) TimerEvent: {}
[78.359881] (-) TimerEvent: {}
[78.462666] (-) TimerEvent: {}
[78.566048] (-) TimerEvent: {}
[78.667773] (-) TimerEvent: {}
[78.770595] (-) TimerEvent: {}
[78.872665] (-) TimerEvent: {}
[78.974243] (-) TimerEvent: {}
[79.075937] (-) TimerEvent: {}
[79.177970] (-) TimerEvent: {}
[79.279844] (-) TimerEvent: {}
[79.381364] (-) TimerEvent: {}
[79.483018] (-) TimerEvent: {}
[79.584815] (-) TimerEvent: {}
[79.686488] (-) TimerEvent: {}
[79.788545] (-) TimerEvent: {}
[79.890127] (-) TimerEvent: {}
[79.991553] (-) TimerEvent: {}
[80.093042] (-) TimerEvent: {}
[80.194563] (-) TimerEvent: {}
[80.296348] (-) TimerEvent: {}
[80.398020] (-) TimerEvent: {}
[80.499522] (-) TimerEvent: {}
[80.601539] (-) TimerEvent: {}
[80.703179] (-) TimerEvent: {}
[80.804916] (-) TimerEvent: {}
[80.906650] (-) TimerEvent: {}
[81.008535] (-) TimerEvent: {}
[81.110571] (-) TimerEvent: {}
[81.607469] (-) TimerEvent: {}
[81.709170] (-) TimerEvent: {}
[81.810806] (-) TimerEvent: {}
[81.912319] (-) TimerEvent: {}
[82.013888] (-) TimerEvent: {}
[82.115908] (-) TimerEvent: {}
[82.219770] (-) TimerEvent: {}
[82.321367] (-) TimerEvent: {}
[82.422976] (-) TimerEvent: {}
[82.524931] (-) TimerEvent: {}
[82.626579] (-) TimerEvent: {}
[82.728276] (-) TimerEvent: {}
[82.829678] (-) TimerEvent: {}
[82.931091] (-) TimerEvent: {}
[83.032682] (-) TimerEvent: {}
[83.134227] (-) TimerEvent: {}
[83.235794] (-) TimerEvent: {}
[83.337605] (-) TimerEvent: {}
[83.439251] (-) TimerEvent: {}
[83.540827] (-) TimerEvent: {}
[83.642715] (-) TimerEvent: {}
[83.744392] (-) TimerEvent: {}
[83.846005] (-) TimerEvent: {}
[83.947719] (-) TimerEvent: {}
[84.049382] (-) TimerEvent: {}
[84.151041] (-) TimerEvent: {}
[84.252866] (-) TimerEvent: {}
[84.354246] (-) TimerEvent: {}
[84.455922] (-) TimerEvent: {}
[84.557955] (-) TimerEvent: {}
[84.659765] (-) TimerEvent: {}
[84.762726] (-) TimerEvent: {}
[84.864524] (-) TimerEvent: {}
[84.966436] (-) TimerEvent: {}
[85.068288] (-) TimerEvent: {}
[85.169973] (-) TimerEvent: {}
[85.271559] (-) TimerEvent: {}
[85.373492] (-) TimerEvent: {}
[85.475292] (-) TimerEvent: {}
[85.577358] (-) TimerEvent: {}
[85.679084] (-) TimerEvent: {}
[85.780743] (-) TimerEvent: {}
[85.882256] (-) TimerEvent: {}
[85.984120] (-) TimerEvent: {}
[86.085879] (-) TimerEvent: {}
[86.187404] (-) TimerEvent: {}
[86.289194] (-) TimerEvent: {}
[86.948179] (-) TimerEvent: {}
[87.049615] (-) TimerEvent: {}
[87.151500] (-) TimerEvent: {}
[87.253051] (-) TimerEvent: {}
[87.354506] (-) TimerEvent: {}
[87.456308] (-) TimerEvent: {}
[87.557844] (-) TimerEvent: {}
[87.659769] (-) TimerEvent: {}
[87.761574] (-) TimerEvent: {}
[87.863447] (-) TimerEvent: {}
[87.965661] (-) TimerEvent: {}
[88.068582] (-) TimerEvent: {}
[88.170716] (-) TimerEvent: {}
[88.272318] (-) TimerEvent: {}
[88.374338] (-) TimerEvent: {}
[88.476115] (-) TimerEvent: {}
[88.577792] (-) TimerEvent: {}
[88.679568] (-) TimerEvent: {}
[88.781163] (-) TimerEvent: {}
[88.882669] (-) TimerEvent: {}
[88.984371] (-) TimerEvent: {}
[89.086201] (-) TimerEvent: {}
[89.188125] (-) TimerEvent: {}
[89.289959] (-) TimerEvent: {}
[89.391570] (-) TimerEvent: {}
[89.493363] (-) TimerEvent: {}
[89.594895] (-) TimerEvent: {}
[89.696443] (-) TimerEvent: {}
[89.798178] (-) TimerEvent: {}
[89.899943] (-) TimerEvent: {}
[90.001762] (-) TimerEvent: {}
[90.103326] (-) TimerEvent: {}
[90.205051] (-) TimerEvent: {}
[90.306701] (-) TimerEvent: {}
[90.408663] (-) TimerEvent: {}
[90.510496] (-) TimerEvent: {}
[90.612264] (-) TimerEvent: {}
[90.714127] (-) TimerEvent: {}
[90.815882] (-) TimerEvent: {}
[92.508010] (-) TimerEvent: {}
[92.609867] (-) TimerEvent: {}
[92.713264] (-) TimerEvent: {}
[92.815779] (-) TimerEvent: {}
[92.918862] (-) TimerEvent: {}
[93.020972] (-) TimerEvent: {}
[93.122914] (-) TimerEvent: {}
[93.225949] (-) TimerEvent: {}
[93.331381] (-) TimerEvent: {}
[93.433167] (-) TimerEvent: {}
[93.535088] (-) TimerEvent: {}
[93.638963] (-) TimerEvent: {}
[93.740741] (-) TimerEvent: {}
[93.843406] (-) TimerEvent: {}
[93.945247] (-) TimerEvent: {}
[94.047148] (-) TimerEvent: {}
[94.160036] (-) TimerEvent: {}
[94.261860] (-) TimerEvent: {}
[94.363850] (-) TimerEvent: {}
[94.465619] (-) TimerEvent: {}
[94.567132] (-) TimerEvent: {}
[94.668989] (-) TimerEvent: {}
[94.770794] (-) TimerEvent: {}
[94.872819] (-) TimerEvent: {}
[94.974742] (-) TimerEvent: {}
[95.076576] (-) TimerEvent: {}
[95.178312] (-) TimerEvent: {}
[95.280015] (-) TimerEvent: {}
[95.381822] (-) TimerEvent: {}
[95.483325] (-) TimerEvent: {}
[95.585295] (-) TimerEvent: {}
[95.689858] (-) TimerEvent: {}
[95.795195] (-) TimerEvent: {}
[95.896899] (-) TimerEvent: {}
[96.005236] (-) TimerEvent: {}
[96.108157] (-) TimerEvent: {}
[96.209757] (-) TimerEvent: {}
[96.311567] (-) TimerEvent: {}
[96.414397] (-) TimerEvent: {}
[96.516861] (-) TimerEvent: {}
[96.618674] (-) TimerEvent: {}
[96.721487] (-) TimerEvent: {}
[96.822892] (-) TimerEvent: {}
[96.924731] (-) TimerEvent: {}
[97.026511] (-) TimerEvent: {}
[97.128188] (-) TimerEvent: {}
[97.231084] (-) TimerEvent: {}
[97.332759] (-) TimerEvent: {}
[97.434559] (-) TimerEvent: {}
[97.536349] (-) TimerEvent: {}
[97.638205] (-) TimerEvent: {}
[97.740067] (-) TimerEvent: {}
[97.841635] (-) TimerEvent: {}
[97.943266] (-) TimerEvent: {}
[98.045186] (-) TimerEvent: {}
[98.147638] (-) TimerEvent: {}
[98.250085] (-) TimerEvent: {}
[98.351929] (-) TimerEvent: {}
[98.453802] (-) TimerEvent: {}
[98.555698] (-) TimerEvent: {}
[98.657513] (-) TimerEvent: {}
[98.759070] (-) TimerEvent: {}
[98.860692] (-) TimerEvent: {}
[98.962215] (-) TimerEvent: {}
[99.063920] (-) TimerEvent: {}
[99.165691] (-) TimerEvent: {}
[99.267445] (-) TimerEvent: {}
[99.369354] (-) TimerEvent: {}
[99.471090] (-) TimerEvent: {}
[99.572845] (-) TimerEvent: {}
[99.674627] (-) TimerEvent: {}
[99.777827] (-) TimerEvent: {}
[99.882128] (-) TimerEvent: {}
[99.986250] (-) TimerEvent: {}
[100.087863] (-) TimerEvent: {}
[100.190538] (-) TimerEvent: {}
[100.295400] (-) TimerEvent: {}
[100.397611] (-) TimerEvent: {}
[100.500473] (-) TimerEvent: {}
[100.602464] (-) TimerEvent: {}
[100.704330] (-) TimerEvent: {}
[100.805982] (-) TimerEvent: {}
[100.907767] (-) TimerEvent: {}
[101.009591] (-) TimerEvent: {}
[101.111470] (-) TimerEvent: {}
[101.213218] (-) TimerEvent: {}
[101.314922] (-) TimerEvent: {}
[101.416836] (-) TimerEvent: {}
[101.518451] (-) TimerEvent: {}
[101.620074] (-) TimerEvent: {}
[101.721810] (-) TimerEvent: {}
[101.823402] (-) TimerEvent: {}
[101.925098] (-) TimerEvent: {}
[102.026881] (-) TimerEvent: {}
[102.128608] (-) TimerEvent: {}
[102.230313] (-) TimerEvent: {}
[102.332357] (-) TimerEvent: {}
[102.468642] (-) TimerEvent: {}
[102.773514] (-) TimerEvent: {}
[103.010330] (-) TimerEvent: {}
[103.170959] (-) TimerEvent: {}
[104.804849] (-) TimerEvent: {}
[105.527039] (-) TimerEvent: {}
[108.358227] (-) TimerEvent: {}
[108.494641] (-) TimerEvent: {}
[108.651160] (-) TimerEvent: {}
[108.753398] (-) TimerEvent: {}
[108.855743] (-) TimerEvent: {}
[108.957764] (-) TimerEvent: {}
[109.062494] (-) TimerEvent: {}
[109.164952] (-) TimerEvent: {}
[109.266799] (-) TimerEvent: {}
[109.368600] (-) TimerEvent: {}
[109.470597] (-) TimerEvent: {}
[109.572952] (-) TimerEvent: {}
[109.675059] (-) TimerEvent: {}
[109.776647] (-) TimerEvent: {}
[109.878458] (-) TimerEvent: {}
[109.982353] (-) TimerEvent: {}
[110.084235] (-) TimerEvent: {}
[110.187029] (-) TimerEvent: {}
[110.289004] (-) TimerEvent: {}
[110.391233] (-) TimerEvent: {}
[110.493094] (-) TimerEvent: {}
[110.594975] (-) TimerEvent: {}
[110.696823] (-) TimerEvent: {}
[110.798437] (-) TimerEvent: {}
[110.900506] (-) TimerEvent: {}
[111.002260] (-) TimerEvent: {}
[111.103960] (-) TimerEvent: {}
[111.205416] (-) TimerEvent: {}
[111.307146] (-) TimerEvent: {}
[111.408962] (-) TimerEvent: {}
[111.510710] (-) TimerEvent: {}
[111.612743] (-) TimerEvent: {}
[111.715198] (-) TimerEvent: {}
[111.816634] (-) TimerEvent: {}
[111.919351] (-) TimerEvent: {}
[112.021636] (-) TimerEvent: {}
[112.124307] (-) TimerEvent: {}
[112.226234] (-) TimerEvent: {}
[112.329044] (-) TimerEvent: {}
[112.430806] (-) TimerEvent: {}
[112.534235] (-) TimerEvent: {}
[112.638935] (-) TimerEvent: {}
[112.742338] (-) TimerEvent: {}
[112.844305] (-) TimerEvent: {}
[112.948139] (-) TimerEvent: {}
[113.049749] (-) TimerEvent: {}
[113.151442] (-) TimerEvent: {}
[113.253319] (-) TimerEvent: {}
[113.355644] (-) TimerEvent: {}
[113.457402] (-) TimerEvent: {}
[113.559355] (-) TimerEvent: {}
[113.661187] (-) TimerEvent: {}
[113.762928] (-) TimerEvent: {}
[113.864753] (-) TimerEvent: {}
[113.966580] (-) TimerEvent: {}
[114.069539] (-) TimerEvent: {}
[114.179681] (-) TimerEvent: {}
[114.283384] (-) TimerEvent: {}
[114.385288] (-) TimerEvent: {}
[114.491283] (-) TimerEvent: {}
[114.596398] (-) TimerEvent: {}
[114.697743] (-) TimerEvent: {}
[114.799746] (-) TimerEvent: {}
[114.901362] (-) TimerEvent: {}
[115.003396] (-) TimerEvent: {}
[115.105152] (-) TimerEvent: {}
[115.206714] (-) TimerEvent: {}
[115.308958] (-) TimerEvent: {}
[115.412643] (-) TimerEvent: {}
[115.514678] (-) TimerEvent: {}
[115.619706] (-) TimerEvent: {}
[115.723549] (-) TimerEvent: {}
[115.827028] (-) TimerEvent: {}
[115.932368] (-) TimerEvent: {}
[116.037103] (-) TimerEvent: {}
[116.138491] (-) TimerEvent: {}
[116.240191] (-) TimerEvent: {}
[116.342395] (-) TimerEvent: {}
[116.446400] (-) TimerEvent: {}
[116.548401] (-) TimerEvent: {}
[116.650201] (-) TimerEvent: {}
[116.752239] (-) TimerEvent: {}
[116.854031] (-) TimerEvent: {}
[116.955516] (-) TimerEvent: {}
[117.057430] (-) TimerEvent: {}
[117.158857] (-) TimerEvent: {}
[117.260628] (-) TimerEvent: {}
[117.362536] (-) TimerEvent: {}
[117.464586] (-) TimerEvent: {}
[117.566079] (-) TimerEvent: {}
[117.667706] (-) TimerEvent: {}
[117.769342] (-) TimerEvent: {}
[117.870870] (-) TimerEvent: {}
[117.973867] (-) TimerEvent: {}
[118.076897] (-) TimerEvent: {}
[118.178947] (-) TimerEvent: {}
[118.280727] (-) TimerEvent: {}
[118.382409] (-) TimerEvent: {}
[118.484648] (-) TimerEvent: {}
[118.586444] (-) TimerEvent: {}
[118.688140] (-) TimerEvent: {}
[118.790253] (-) TimerEvent: {}
[118.892927] (-) TimerEvent: {}
[118.995823] (-) TimerEvent: {}
[119.097986] (-) TimerEvent: {}
[119.199996] (-) TimerEvent: {}
[119.301531] (-) TimerEvent: {}
[119.403112] (-) TimerEvent: {}
[119.504940] (-) TimerEvent: {}
[119.606713] (-) TimerEvent: {}
[119.709495] (-) TimerEvent: {}
[119.811320] (-) TimerEvent: {}
[119.913648] (-) TimerEvent: {}
[120.015818] (-) TimerEvent: {}
[120.117431] (-) TimerEvent: {}
[120.218852] (-) TimerEvent: {}
[120.320369] (-) TimerEvent: {}
[120.422102] (-) TimerEvent: {}
[120.524414] (-) TimerEvent: {}
[120.626602] (-) TimerEvent: {}
[120.728094] (-) TimerEvent: {}
[120.830050] (-) TimerEvent: {}
[120.932828] (-) TimerEvent: {}
[121.035424] (-) TimerEvent: {}
[121.138309] (-) TimerEvent: {}
[121.239910] (-) TimerEvent: {}
[121.342375] (-) TimerEvent: {}
[121.445444] (-) TimerEvent: {}
[121.547250] (-) TimerEvent: {}
[121.649140] (-) TimerEvent: {}
[121.750871] (-) TimerEvent: {}
[121.852482] (-) TimerEvent: {}
[121.953945] (-) TimerEvent: {}
[122.055721] (-) TimerEvent: {}
[122.157458] (-) TimerEvent: {}
[122.259047] (-) TimerEvent: {}
[122.360603] (-) TimerEvent: {}
[122.462429] (-) TimerEvent: {}
[122.564233] (-) TimerEvent: {}
[122.665944] (-) TimerEvent: {}
[122.767745] (-) TimerEvent: {}
[122.869346] (-) TimerEvent: {}
[122.971163] (-) TimerEvent: {}
[123.072755] (-) TimerEvent: {}
[123.174478] (-) TimerEvent: {}
[123.276214] (-) TimerEvent: {}
[123.377918] (-) TimerEvent: {}
[123.479662] (-) TimerEvent: {}
[123.581576] (-) TimerEvent: {}
[123.683233] (-) TimerEvent: {}
[123.785187] (-) TimerEvent: {}
[123.887083] (-) TimerEvent: {}
[123.989055] (-) TimerEvent: {}
[124.091229] (-) TimerEvent: {}
[124.193111] (-) TimerEvent: {}
[124.295358] (-) TimerEvent: {}
[124.449827] (-) TimerEvent: {}
[124.615926] (-) TimerEvent: {}
[124.720551] (-) TimerEvent: {}
[124.834052] (-) TimerEvent: {}
[124.935885] (-) TimerEvent: {}
[125.037493] (-) TimerEvent: {}
[125.138998] (-) TimerEvent: {}
[125.240519] (-) TimerEvent: {}
[125.344170] (-) TimerEvent: {}
[125.448991] (-) TimerEvent: {}
[125.552315] (-) TimerEvent: {}
[125.656117] (-) TimerEvent: {}
[125.767401] (-) TimerEvent: {}
[125.869177] (-) TimerEvent: {}
[125.970863] (-) TimerEvent: {}
[126.073225] (-) TimerEvent: {}
[126.174626] (-) TimerEvent: {}
[126.276383] (-) TimerEvent: {}
[126.380289] (-) TimerEvent: {}
[126.483783] (-) TimerEvent: {}
[126.589101] (-) TimerEvent: {}
[126.691106] (-) TimerEvent: {}
[126.794782] (-) TimerEvent: {}
[126.898100] (-) TimerEvent: {}
[127.002420] (-) TimerEvent: {}
[127.105416] (-) TimerEvent: {}
[127.207512] (-) TimerEvent: {}
[127.309197] (-) TimerEvent: {}
[127.410791] (-) TimerEvent: {}
[127.512650] (-) TimerEvent: {}
[127.614428] (-) TimerEvent: {}
[127.716204] (-) TimerEvent: {}
[127.817973] (-) TimerEvent: {}
[127.920942] (-) TimerEvent: {}
[128.023026] (-) TimerEvent: {}
[128.740754] (-) TimerEvent: {}
[128.842231] (-) TimerEvent: {}
[128.943869] (-) TimerEvent: {}
[129.045744] (-) TimerEvent: {}
[129.147538] (-) TimerEvent: {}
[129.249162] (-) TimerEvent: {}
[129.350864] (-) TimerEvent: {}
[129.452455] (-) TimerEvent: {}
[129.554009] (-) TimerEvent: {}
[129.655559] (-) TimerEvent: {}
[129.757398] (-) TimerEvent: {}
[129.859510] (-) TimerEvent: {}
[129.962834] (-) TimerEvent: {}
[130.067359] (-) TimerEvent: {}
[130.174661] (-) TimerEvent: {}
[130.278731] (-) TimerEvent: {}
[130.381554] (-) TimerEvent: {}
[130.494433] (-) TimerEvent: {}
[130.596519] (-) TimerEvent: {}
[130.698725] (-) TimerEvent: {}
[130.800837] (-) TimerEvent: {}
[130.902496] (-) TimerEvent: {}
[131.004082] (-) TimerEvent: {}
[131.105616] (-) TimerEvent: {}
[131.207245] (-) TimerEvent: {}
[131.310360] (-) TimerEvent: {}
[131.411850] (-) TimerEvent: {}
[131.515410] (-) TimerEvent: {}
[131.619169] (-) TimerEvent: {}
[131.732342] (-) TimerEvent: {}
[131.837164] (-) TimerEvent: {}
[131.939076] (-) TimerEvent: {}
[132.040754] (-) TimerEvent: {}
[132.142575] (-) TimerEvent: {}
[132.244702] (-) TimerEvent: {}
[132.346393] (-) TimerEvent: {}
[132.448264] (-) TimerEvent: {}
[132.550398] (-) TimerEvent: {}
[132.652394] (-) TimerEvent: {}
[132.753882] (-) TimerEvent: {}
[132.855745] (-) TimerEvent: {}
[132.957539] (-) TimerEvent: {}
[133.059099] (-) TimerEvent: {}
[133.160951] (-) TimerEvent: {}
[133.272795] (-) TimerEvent: {}
[133.374671] (-) TimerEvent: {}
[133.476426] (-) TimerEvent: {}
[133.578146] (-) TimerEvent: {}
[133.680314] (-) TimerEvent: {}
[133.781994] (-) TimerEvent: {}
[133.883557] (-) TimerEvent: {}
[133.985292] (-) TimerEvent: {}
[134.088194] (-) TimerEvent: {}
[134.190660] (-) TimerEvent: {}
[134.292665] (-) TimerEvent: {}
[134.394915] (-) TimerEvent: {}
[134.497464] (-) TimerEvent: {}
[134.598903] (-) TimerEvent: {}
[134.700778] (-) TimerEvent: {}
[134.804391] (-) TimerEvent: {}
[134.907036] (-) TimerEvent: {}
[135.009755] (-) TimerEvent: {}
[135.112515] (-) TimerEvent: {}
[135.214632] (-) TimerEvent: {}
[135.316129] (-) TimerEvent: {}
[135.417477] (-) TimerEvent: {}
[135.519100] (-) TimerEvent: {}
[137.456135] (-) TimerEvent: {}
[137.558375] (-) TimerEvent: {}
[137.659971] (-) TimerEvent: {}
[137.761645] (-) TimerEvent: {}
[137.863183] (-) TimerEvent: {}
[137.965649] (-) TimerEvent: {}
[138.067750] (-) TimerEvent: {}
[138.170219] (-) TimerEvent: {}
[138.272717] (-) TimerEvent: {}
[138.376037] (-) TimerEvent: {}
[138.477771] (-) TimerEvent: {}
[138.580219] (-) TimerEvent: {}
[138.687023] (-) TimerEvent: {}
[138.800745] (-) TimerEvent: {}
[138.902604] (-) TimerEvent: {}
[139.004402] (-) TimerEvent: {}
[139.106348] (-) TimerEvent: {}
[139.208237] (-) TimerEvent: {}
[139.310312] (-) TimerEvent: {}
[139.411827] (-) TimerEvent: {}
[139.514384] (-) TimerEvent: {}
[139.617349] (-) TimerEvent: {}
[139.718932] (-) TimerEvent: {}
[139.820963] (-) TimerEvent: {}
[139.922542] (-) TimerEvent: {}
[140.024163] (-) TimerEvent: {}
[140.125599] (-) TimerEvent: {}
[140.227424] (-) TimerEvent: {}
[140.329234] (-) TimerEvent: {}
[140.430862] (-) TimerEvent: {}
[140.532374] (-) TimerEvent: {}
[140.634374] (-) TimerEvent: {}
[140.739717] (-) TimerEvent: {}
[140.843527] (-) TimerEvent: {}
[140.945391] (-) TimerEvent: {}
[141.047059] (-) TimerEvent: {}
[141.148683] (-) TimerEvent: {}
[141.250421] (-) TimerEvent: {}
[141.352189] (-) TimerEvent: {}
[141.453885] (-) TimerEvent: {}
[141.556164] (-) TimerEvent: {}
[141.657655] (-) TimerEvent: {}
[141.759142] (-) TimerEvent: {}
[141.860766] (-) TimerEvent: {}
[141.962490] (-) TimerEvent: {}
[142.063864] (-) TimerEvent: {}
[142.165646] (-) TimerEvent: {}
[142.267074] (-) TimerEvent: {}
[142.368953] (-) TimerEvent: {}
[142.470505] (-) TimerEvent: {}
[142.572181] (-) TimerEvent: {}
[142.673638] (-) TimerEvent: {}
[142.775146] (-) TimerEvent: {}
[142.876778] (-) TimerEvent: {}
[142.978219] (-) TimerEvent: {}
[143.079635] (-) TimerEvent: {}
[143.181513] (-) TimerEvent: {}
[143.283975] (-) TimerEvent: {}
[143.385402] (-) TimerEvent: {}
[143.486891] (-) TimerEvent: {}
[143.588473] (-) TimerEvent: {}
[143.690008] (-) TimerEvent: {}
[143.792217] (-) TimerEvent: {}
[143.894431] (-) TimerEvent: {}
[143.996192] (-) TimerEvent: {}
[144.098110] (-) TimerEvent: {}
[144.199946] (-) TimerEvent: {}
[144.301805] (-) TimerEvent: {}
[144.403650] (-) TimerEvent: {}
[144.505465] (-) TimerEvent: {}
[144.607324] (-) TimerEvent: {}
[144.708891] (-) TimerEvent: {}
[144.810458] (-) TimerEvent: {}
[144.912269] (-) TimerEvent: {}
[145.013947] (-) TimerEvent: {}
[145.115900] (-) TimerEvent: {}
[145.217786] (-) TimerEvent: {}
[145.319445] (-) TimerEvent: {}
[145.421342] (-) TimerEvent: {}
[145.523104] (-) TimerEvent: {}
[145.624702] (-) TimerEvent: {}
[145.780452] (-) TimerEvent: {}
[145.881849] (-) TimerEvent: {}
[145.983849] (-) TimerEvent: {}
[146.085433] (-) TimerEvent: {}
[146.187404] (-) TimerEvent: {}
[146.289341] (-) TimerEvent: {}
[146.390962] (-) TimerEvent: {}
[146.492796] (-) TimerEvent: {}
[146.594239] (-) TimerEvent: {}
[146.696256] (-) TimerEvent: {}
[146.797982] (-) TimerEvent: {}
[146.900487] (-) TimerEvent: {}
[147.002246] (-) TimerEvent: {}
[147.104538] (-) TimerEvent: {}
[147.207489] (-) TimerEvent: {}
[147.309926] (-) TimerEvent: {}
[147.412716] (-) TimerEvent: {}
[147.514895] (-) TimerEvent: {}
[147.616837] (-) TimerEvent: {}
[147.718696] (-) TimerEvent: {}
[147.820651] (-) TimerEvent: {}
[147.922148] (-) TimerEvent: {}
[148.023884] (-) TimerEvent: {}
[148.125729] (-) TimerEvent: {}
[148.227324] (-) TimerEvent: {}
[148.329148] (-) TimerEvent: {}
[148.430952] (-) TimerEvent: {}
[148.532675] (-) TimerEvent: {}
[148.634299] (-) TimerEvent: {}
[148.735678] (-) TimerEvent: {}
[148.837445] (-) TimerEvent: {}
[148.939219] (-) TimerEvent: {}
[149.040914] (-) TimerEvent: {}
[149.142478] (-) TimerEvent: {}
[149.245003] (-) TimerEvent: {}
[149.349253] (-) TimerEvent: {}
[149.451734] (-) TimerEvent: {}
[149.553590] (-) TimerEvent: {}
[149.655443] (-) TimerEvent: {}
[149.757256] (-) TimerEvent: {}
[149.859153] (-) TimerEvent: {}
[149.961987] (-) TimerEvent: {}
[150.064102] (-) TimerEvent: {}
[150.165799] (-) TimerEvent: {}
[150.267417] (-) TimerEvent: {}
[150.369973] (-) TimerEvent: {}
[150.472959] (-) TimerEvent: {}
[150.575828] (-) TimerEvent: {}
[150.678345] (-) TimerEvent: {}
[150.791016] (-) TimerEvent: {}
[150.892637] (-) TimerEvent: {}
[150.994462] (-) TimerEvent: {}
[151.096549] (-) TimerEvent: {}
[151.198179] (-) TimerEvent: {}
[151.299849] (-) TimerEvent: {}
[151.401835] (-) TimerEvent: {}
[151.504000] (-) TimerEvent: {}
[151.605921] (-) TimerEvent: {}
[151.708257] (-) TimerEvent: {}
[151.811173] (-) TimerEvent: {}
[151.913493] (-) TimerEvent: {}
[152.015140] (-) TimerEvent: {}
[152.116930] (-) TimerEvent: {}
[152.218678] (-) TimerEvent: {}
[152.320304] (-) TimerEvent: {}
[152.421996] (-) TimerEvent: {}
[152.523619] (-) TimerEvent: {}
[152.625253] (-) TimerEvent: {}
[152.726687] (-) TimerEvent: {}
[152.828804] (-) TimerEvent: {}
[152.930685] (-) TimerEvent: {}
[153.032423] (-) TimerEvent: {}
[153.134008] (-) TimerEvent: {}
[153.235722] (-) TimerEvent: {}
[153.337266] (-) TimerEvent: {}
[153.438799] (-) TimerEvent: {}
[153.541469] (-) TimerEvent: {}
[153.934663] (-) TimerEvent: {}
[154.036425] (-) TimerEvent: {}
[154.139311] (-) TimerEvent: {}
[154.241541] (-) TimerEvent: {}
[154.343246] (-) TimerEvent: {}
[154.446031] (-) TimerEvent: {}
[154.548113] (-) TimerEvent: {}
[154.650401] (-) TimerEvent: {}
[154.751886] (-) TimerEvent: {}
[154.855041] (-) TimerEvent: {}
[154.956925] (-) TimerEvent: {}
[155.058866] (-) TimerEvent: {}
[155.161325] (-) TimerEvent: {}
[155.262868] (-) TimerEvent: {}
[155.364780] (-) TimerEvent: {}
[155.466485] (-) TimerEvent: {}
[155.568910] (-) TimerEvent: {}
[155.670640] (-) TimerEvent: {}
[155.772800] (-) TimerEvent: {}
[155.875816] (-) TimerEvent: {}
[155.978623] (-) TimerEvent: {}
[156.080701] (-) TimerEvent: {}
[156.182227] (-) TimerEvent: {}
[156.283903] (-) TimerEvent: {}
[156.385669] (-) TimerEvent: {}
[156.487309] (-) TimerEvent: {}
[156.589095] (-) TimerEvent: {}
[156.690572] (-) TimerEvent: {}
[156.792392] (-) TimerEvent: {}
[156.894066] (-) TimerEvent: {}
[156.995634] (-) TimerEvent: {}
[157.097315] (-) TimerEvent: {}
[157.199113] (-) TimerEvent: {}
[157.300701] (-) TimerEvent: {}
[157.402349] (-) TimerEvent: {}
[157.503920] (-) TimerEvent: {}
[157.605651] (-) TimerEvent: {}
[157.707450] (-) TimerEvent: {}
[157.809065] (-) TimerEvent: {}
[157.910785] (-) TimerEvent: {}
[158.012549] (-) TimerEvent: {}
[158.114122] (-) TimerEvent: {}
[158.215962] (-) TimerEvent: {}
[158.317761] (-) TimerEvent: {}
[158.419428] (-) TimerEvent: {}
[158.522500] (-) TimerEvent: {}
[158.624309] (-) TimerEvent: {}
[158.726130] (-) TimerEvent: {}
[158.829380] (-) TimerEvent: {}
[158.931026] (-) TimerEvent: {}
[159.032774] (-) TimerEvent: {}
[159.134412] (-) TimerEvent: {}
[159.236108] (-) TimerEvent: {}
[159.338164] (-) TimerEvent: {}
[159.440121] (-) TimerEvent: {}
[159.542088] (-) TimerEvent: {}
[159.644135] (-) TimerEvent: {}
[159.747303] (-) TimerEvent: {}
[159.849719] (-) TimerEvent: {}
[159.952210] (-) TimerEvent: {}
[160.053801] (-) TimerEvent: {}
[160.157329] (-) TimerEvent: {}
[160.261478] (-) TimerEvent: {}
[160.363108] (-) TimerEvent: {}
[160.465293] (-) TimerEvent: {}
[160.566962] (-) TimerEvent: {}
[160.668715] (-) TimerEvent: {}
[160.770476] (-) TimerEvent: {}
[160.872327] (-) TimerEvent: {}
[161.706884] (-) TimerEvent: {}
[161.808734] (-) TimerEvent: {}
[161.910743] (-) TimerEvent: {}
[162.012370] (-) TimerEvent: {}
[162.113996] (-) TimerEvent: {}
[162.215659] (-) TimerEvent: {}
[162.317351] (-) TimerEvent: {}
[162.419167] (-) TimerEvent: {}
[162.520823] (-) TimerEvent: {}
[162.622506] (-) TimerEvent: {}
[162.724376] (-) TimerEvent: {}
[162.825966] (-) TimerEvent: {}
[162.927480] (-) TimerEvent: {}
[163.029371] (-) TimerEvent: {}
[163.130978] (-) TimerEvent: {}
[163.232720] (-) TimerEvent: {}
[163.334268] (-) TimerEvent: {}
[163.435939] (-) TimerEvent: {}
[163.537758] (-) TimerEvent: {}
[163.639660] (-) TimerEvent: {}
[163.741342] (-) TimerEvent: {}
[163.843019] (-) TimerEvent: {}
[163.944625] (-) TimerEvent: {}
[164.046474] (-) TimerEvent: {}
[164.148478] (-) TimerEvent: {}
[164.250251] (-) TimerEvent: {}
[164.352126] (-) TimerEvent: {}
[164.453508] (-) TimerEvent: {}
[164.555031] (-) TimerEvent: {}
[164.656687] (-) TimerEvent: {}
[164.758077] (-) TimerEvent: {}
[164.859692] (-) TimerEvent: {}
[164.961271] (-) TimerEvent: {}
[165.062873] (-) TimerEvent: {}
[165.164683] (-) TimerEvent: {}
[165.266218] (-) TimerEvent: {}
[165.368017] (-) TimerEvent: {}
[165.469590] (-) TimerEvent: {}
[165.571243] (-) TimerEvent: {}
[165.673015] (-) TimerEvent: {}
[165.774511] (-) TimerEvent: {}
[165.876959] (-) TimerEvent: {}
[166.705582] (-) TimerEvent: {}
[166.807358] (-) TimerEvent: {}
[166.909116] (-) TimerEvent: {}
[167.010936] (-) TimerEvent: {}
[167.112628] (-) TimerEvent: {}
[167.214554] (-) TimerEvent: {}
[167.316225] (-) TimerEvent: {}
[167.418035] (-) TimerEvent: {}
[167.519841] (-) TimerEvent: {}
[167.621537] (-) TimerEvent: {}
[167.723543] (-) TimerEvent: {}
[167.825457] (-) TimerEvent: {}
[167.927359] (-) TimerEvent: {}
[168.029068] (-) TimerEvent: {}
[168.131308] (-) TimerEvent: {}
[168.233883] (-) TimerEvent: {}
[168.335848] (-) TimerEvent: {}
[168.437849] (-) TimerEvent: {}
[168.539857] (-) TimerEvent: {}
[168.641598] (-) TimerEvent: {}
[168.754587] (-) TimerEvent: {}
[168.881804] (-) TimerEvent: {}
[168.985385] (-) TimerEvent: {}
[169.087003] (-) TimerEvent: {}
[169.189268] (-) TimerEvent: {}
[169.290952] (-) TimerEvent: {}
[169.393215] (-) TimerEvent: {}
[169.494592] (-) TimerEvent: {}
[169.596161] (-) TimerEvent: {}
[169.697789] (-) TimerEvent: {}
[169.799350] (-) TimerEvent: {}
[169.900945] (-) TimerEvent: {}
[170.002573] (-) TimerEvent: {}
[170.104310] (-) TimerEvent: {}
[170.205971] (-) TimerEvent: {}
[170.307646] (-) TimerEvent: {}
[170.409230] (-) TimerEvent: {}
[170.510718] (-) TimerEvent: {}
[170.612354] (-) TimerEvent: {}
[170.713895] (-) TimerEvent: {}
[170.816024] (-) TimerEvent: {}
[170.917659] (-) TimerEvent: {}
[171.019771] (-) TimerEvent: {}
[171.121764] (-) TimerEvent: {}
[171.223344] (-) TimerEvent: {}
[171.325113] (-) TimerEvent: {}
[171.426689] (-) TimerEvent: {}
[171.528479] (-) TimerEvent: {}
[171.630309] (-) TimerEvent: {}
[171.731849] (-) TimerEvent: {}
[171.834095] (-) TimerEvent: {}
[171.937139] (-) TimerEvent: {}
[172.038711] (-) TimerEvent: {}
[172.141218] (-) TimerEvent: {}
[172.243426] (-) TimerEvent: {}
[172.345251] (-) TimerEvent: {}
[172.446961] (-) TimerEvent: {}
[172.548957] (-) TimerEvent: {}
[172.650564] (-) TimerEvent: {}
[172.752605] (-) TimerEvent: {}
[172.854121] (-) TimerEvent: {}
[172.955766] (-) TimerEvent: {}
[173.057616] (-) TimerEvent: {}
[173.159951] (-) TimerEvent: {}
[173.262649] (-) TimerEvent: {}
[173.364345] (-) TimerEvent: {}
[173.465840] (-) TimerEvent: {}
[173.567733] (-) TimerEvent: {}
[173.669520] (-) TimerEvent: {}
[173.771107] (-) TimerEvent: {}
[173.873212] (-) TimerEvent: {}
[173.975081] (-) TimerEvent: {}
[174.076877] (-) TimerEvent: {}
[174.178710] (-) TimerEvent: {}
[174.280330] (-) TimerEvent: {}
[174.382099] (-) TimerEvent: {}
[174.483812] (-) TimerEvent: {}
[174.585470] (-) TimerEvent: {}
[174.687176] (-) TimerEvent: {}
[174.788941] (-) TimerEvent: {}
[174.890671] (-) TimerEvent: {}
[174.992442] (-) TimerEvent: {}
[175.094564] (-) TimerEvent: {}
[175.196210] (-) TimerEvent: {}
[175.299362] (-) TimerEvent: {}
[175.403865] (-) TimerEvent: {}
[175.507397] (-) TimerEvent: {}
[175.609103] (-) TimerEvent: {}
[175.710757] (-) TimerEvent: {}
[175.812458] (-) TimerEvent: {}
[175.914075] (-) TimerEvent: {}
[176.015770] (-) TimerEvent: {}
[176.117680] (-) TimerEvent: {}
[176.219692] (-) TimerEvent: {}
[176.321249] (-) TimerEvent: {}
[176.422825] (-) TimerEvent: {}
[176.524515] (-) TimerEvent: {}
[176.625767] (-) TimerEvent: {}
[176.727272] (-) TimerEvent: {}
[176.828938] (-) TimerEvent: {}
[176.930707] (-) TimerEvent: {}
[177.032392] (-) TimerEvent: {}
[177.133912] (-) TimerEvent: {}
[177.235331] (-) TimerEvent: {}
[177.337028] (-) TimerEvent: {}
[177.438659] (-) TimerEvent: {}
[177.540371] (-) TimerEvent: {}
[177.641942] (-) TimerEvent: {}
[177.743622] (-) TimerEvent: {}
[177.845121] (-) TimerEvent: {}
[177.946782] (-) TimerEvent: {}
[178.048618] (-) TimerEvent: {}
[178.150269] (-) TimerEvent: {}
[178.251917] (-) TimerEvent: {}
[178.353308] (-) TimerEvent: {}
[178.454681] (-) TimerEvent: {}
[178.556680] (-) TimerEvent: {}
[178.658991] (-) TimerEvent: {}
[178.760946] (-) TimerEvent: {}
[178.862780] (-) TimerEvent: {}
[178.964285] (-) TimerEvent: {}
[179.065949] (-) TimerEvent: {}
[179.167361] (-) TimerEvent: {}
[179.269145] (-) TimerEvent: {}
[179.370676] (-) TimerEvent: {}
[179.472221] (-) TimerEvent: {}
[179.573515] (-) TimerEvent: {}
[179.675185] (-) TimerEvent: {}
[179.777022] (-) TimerEvent: {}
[179.878710] (-) TimerEvent: {}
[179.980481] (-) TimerEvent: {}
[180.083922] (-) TimerEvent: {}
[180.185480] (-) TimerEvent: {}
[180.286951] (-) TimerEvent: {}
[180.388898] (-) TimerEvent: {}
[180.490611] (-) TimerEvent: {}
[180.593258] (-) TimerEvent: {}
[180.694969] (-) TimerEvent: {}
[180.797099] (-) TimerEvent: {}
[180.898962] (-) TimerEvent: {}
[181.001642] (-) TimerEvent: {}
[181.105302] (-) TimerEvent: {}
[181.208187] (-) TimerEvent: {}
[181.311399] (-) TimerEvent: {}
[181.413017] (-) TimerEvent: {}
[181.514671] (-) TimerEvent: {}
[181.616298] (-) TimerEvent: {}
[181.717978] (-) TimerEvent: {}
[181.821825] (-) TimerEvent: {}
[181.923868] (-) TimerEvent: {}
[182.026385] (-) TimerEvent: {}
[182.128234] (-) TimerEvent: {}
[182.230070] (-) TimerEvent: {}
[182.332161] (-) TimerEvent: {}
[182.434560] (-) TimerEvent: {}
[182.536366] (-) TimerEvent: {}
[182.638002] (-) TimerEvent: {}
[182.739536] (-) TimerEvent: {}
[182.841257] (-) TimerEvent: {}
[182.942990] (-) TimerEvent: {}
[183.044813] (-) TimerEvent: {}
[183.146417] (-) TimerEvent: {}
[183.248145] (-) TimerEvent: {}
[183.349670] (-) TimerEvent: {}
[183.451317] (-) TimerEvent: {}
[183.553801] (-) TimerEvent: {}
[183.655683] (-) TimerEvent: {}
[183.757296] (-) TimerEvent: {}
[183.859864] (-) TimerEvent: {}
[183.962601] (-) TimerEvent: {}
[184.077806] (-) TimerEvent: {}
[184.179570] (-) TimerEvent: {}
[184.281358] (-) TimerEvent: {}
[184.382747] (-) TimerEvent: {}
[184.484523] (-) TimerEvent: {}
[184.586063] (-) TimerEvent: {}
[184.687514] (-) TimerEvent: {}
[184.789041] (-) TimerEvent: {}
[184.890667] (-) TimerEvent: {}
[184.993063] (-) TimerEvent: {}
[185.095334] (-) TimerEvent: {}
[185.196853] (-) TimerEvent: {}
[185.298347] (-) TimerEvent: {}
[185.399923] (-) TimerEvent: {}
[185.501688] (-) TimerEvent: {}
[185.603490] (-) TimerEvent: {}
[185.705195] (-) TimerEvent: {}
[185.806732] (-) TimerEvent: {}
[185.908454] (-) TimerEvent: {}
[186.010336] (-) TimerEvent: {}
[186.111969] (-) TimerEvent: {}
[186.213694] (-) TimerEvent: {}
[186.465059] (-) TimerEvent: {}
[186.566484] (-) TimerEvent: {}
[186.668042] (-) TimerEvent: {}
[186.769834] (-) TimerEvent: {}
[186.873569] (-) TimerEvent: {}
[186.974974] (-) TimerEvent: {}
[187.076582] (-) TimerEvent: {}
[187.178555] (-) TimerEvent: {}
[187.280318] (-) TimerEvent: {}
[187.381882] (-) TimerEvent: {}
[187.483664] (-) TimerEvent: {}
[187.585321] (-) TimerEvent: {}
[187.686889] (-) TimerEvent: {}
[187.788553] (-) TimerEvent: {}
[187.890062] (-) TimerEvent: {}
[187.991772] (-) TimerEvent: {}
[188.093261] (-) TimerEvent: {}
[188.194885] (-) TimerEvent: {}
[188.296666] (-) TimerEvent: {}
[188.398244] (-) TimerEvent: {}
[188.500116] (-) TimerEvent: {}
[188.601855] (-) TimerEvent: {}
[188.703529] (-) TimerEvent: {}
[188.805499] (-) TimerEvent: {}
[188.907100] (-) TimerEvent: {}
[189.008693] (-) TimerEvent: {}
[189.110273] (-) TimerEvent: {}
[189.211958] (-) TimerEvent: {}
[189.313510] (-) TimerEvent: {}
[189.415217] (-) TimerEvent: {}
[189.517175] (-) TimerEvent: {}
[189.619974] (-) TimerEvent: {}
[189.733190] (-) TimerEvent: {}
[189.835847] (-) TimerEvent: {}
[189.939340] (-) TimerEvent: {}
[190.040830] (-) TimerEvent: {}
[190.142325] (-) TimerEvent: {}
[190.244095] (-) TimerEvent: {}
[190.345829] (-) TimerEvent: {}
[190.447754] (-) TimerEvent: {}
[190.550567] (-) TimerEvent: {}
[190.652089] (-) TimerEvent: {}
[190.753702] (-) TimerEvent: {}
[190.855434] (-) TimerEvent: {}
[190.957927] (-) TimerEvent: {}
[191.059736] (-) TimerEvent: {}
[191.161364] (-) TimerEvent: {}
[191.262743] (-) TimerEvent: {}
[192.660195] (-) TimerEvent: {}
[192.762666] (-) TimerEvent: {}
[192.864458] (-) TimerEvent: {}
[192.967177] (-) TimerEvent: {}
[193.070164] (-) TimerEvent: {}
[193.173373] (-) TimerEvent: {}
[193.276786] (-) TimerEvent: {}
[193.381097] (-) TimerEvent: {}
[193.482739] (-) TimerEvent: {}
[193.584929] (-) TimerEvent: {}
[193.687040] (-) TimerEvent: {}
[193.789121] (-) TimerEvent: {}
[193.892841] (-) TimerEvent: {}
[193.994841] (-) TimerEvent: {}
[194.096594] (-) TimerEvent: {}
[194.198406] (-) TimerEvent: {}
[194.300972] (-) TimerEvent: {}
[194.402700] (-) TimerEvent: {}
[194.504573] (-) TimerEvent: {}
[194.606423] (-) TimerEvent: {}
[194.708223] (-) TimerEvent: {}
[194.809891] (-) TimerEvent: {}
[194.911703] (-) TimerEvent: {}
[195.013631] (-) TimerEvent: {}
[195.115417] (-) TimerEvent: {}
[195.217287] (-) TimerEvent: {}
[195.318831] (-) TimerEvent: {}
[195.420725] (-) TimerEvent: {}
[195.522325] (-) TimerEvent: {}
[195.624076] (-) TimerEvent: {}
[195.725893] (-) TimerEvent: {}
[195.827671] (-) TimerEvent: {}
[195.929070] (-) TimerEvent: {}
[196.030566] (-) TimerEvent: {}
[196.133239] (-) TimerEvent: {}
[196.234986] (-) TimerEvent: {}
[196.336708] (-) TimerEvent: {}
[196.438425] (-) TimerEvent: {}
[196.540700] (-) TimerEvent: {}
[196.642266] (-) TimerEvent: {}
[196.743982] (-) TimerEvent: {}
[196.845958] (-) TimerEvent: {}
[196.948470] (-) TimerEvent: {}
[197.050409] (-) TimerEvent: {}
[197.152121] (-) TimerEvent: {}
[197.253824] (-) TimerEvent: {}
[197.355499] (-) TimerEvent: {}
[197.457280] (-) TimerEvent: {}
[197.558914] (-) TimerEvent: {}
[197.660681] (-) TimerEvent: {}
[197.762386] (-) TimerEvent: {}
[197.864093] (-) TimerEvent: {}
[197.965792] (-) TimerEvent: {}
[198.067428] (-) TimerEvent: {}
[198.169071] (-) TimerEvent: {}
[198.270573] (-) TimerEvent: {}
[198.372059] (-) TimerEvent: {}
[198.473677] (-) TimerEvent: {}
[198.575244] (-) TimerEvent: {}
[198.676567] (-) TimerEvent: {}
[198.778032] (-) TimerEvent: {}
[198.899805] (-) TimerEvent: {}
[199.042276] (-) TimerEvent: {}
[199.144724] (-) TimerEvent: {}
[199.246913] (-) TimerEvent: {}
[199.348632] (-) TimerEvent: {}
[199.450841] (-) TimerEvent: {}
[199.553237] (-) TimerEvent: {}
[199.654756] (-) TimerEvent: {}
[199.756320] (-) TimerEvent: {}
[199.858262] (-) TimerEvent: {}
[199.960116] (-) TimerEvent: {}
[200.062514] (-) TimerEvent: {}
[200.166348] (-) TimerEvent: {}
[200.267964] (-) TimerEvent: {}
[200.370445] (-) TimerEvent: {}
[200.472124] (-) TimerEvent: {}
[200.574381] (-) TimerEvent: {}
[200.676407] (-) TimerEvent: {}
[200.778780] (-) TimerEvent: {}
[200.880373] (-) TimerEvent: {}
[200.982822] (-) TimerEvent: {}
[201.084486] (-) TimerEvent: {}
[201.186491] (-) TimerEvent: {}
[201.289511] (-) TimerEvent: {}
[201.391269] (-) TimerEvent: {}
[201.492760] (-) TimerEvent: {}
[201.594682] (-) TimerEvent: {}
[201.696304] (-) TimerEvent: {}
[201.798001] (-) TimerEvent: {}
[201.899754] (-) TimerEvent: {}
[202.001325] (-) TimerEvent: {}
[202.103078] (-) TimerEvent: {}
[202.204961] (-) TimerEvent: {}
[202.306601] (-) TimerEvent: {}
[202.408378] (-) TimerEvent: {}
[202.510039] (-) TimerEvent: {}
[202.611758] (-) TimerEvent: {}
[202.713404] (-) TimerEvent: {}
[202.814924] (-) TimerEvent: {}
[202.916766] (-) TimerEvent: {}
[203.018328] (-) TimerEvent: {}
[203.119928] (-) TimerEvent: {}
[203.221484] (-) TimerEvent: {}
[203.325168] (-) TimerEvent: {}
[203.428162] (-) TimerEvent: {}
[203.530769] (-) TimerEvent: {}
[203.632466] (-) TimerEvent: {}
[203.735551] (-) TimerEvent: {}
[203.837629] (-) TimerEvent: {}
[203.939224] (-) TimerEvent: {}
[204.041228] (-) TimerEvent: {}
[204.143080] (-) TimerEvent: {}
[204.244890] (-) TimerEvent: {}
[204.346248] (-) TimerEvent: {}
[204.447935] (-) TimerEvent: {}
[204.549560] (-) TimerEvent: {}
[204.651306] (-) TimerEvent: {}
[204.753159] (-) TimerEvent: {}
[204.854940] (-) TimerEvent: {}
[204.956568] (-) TimerEvent: {}
[205.058216] (-) TimerEvent: {}
[205.159770] (-) TimerEvent: {}
[205.261563] (-) TimerEvent: {}
[205.363362] (-) TimerEvent: {}
[205.465213] (-) TimerEvent: {}
[205.566875] (-) TimerEvent: {}
[205.668736] (-) TimerEvent: {}
[205.770520] (-) TimerEvent: {}
[205.872419] (-) TimerEvent: {}
[205.974055] (-) TimerEvent: {}
[206.075981] (-) TimerEvent: {}
[206.177731] (-) TimerEvent: {}
[206.279439] (-) TimerEvent: {}
[206.381123] (-) TimerEvent: {}
[206.482803] (-) TimerEvent: {}
[206.584410] (-) TimerEvent: {}
[206.762752] (-) TimerEvent: {}
[206.865234] (-) TimerEvent: {}
[206.966890] (-) TimerEvent: {}
[207.068611] (-) TimerEvent: {}
[207.170867] (-) TimerEvent: {}
[207.272915] (-) TimerEvent: {}
[207.374986] (-) TimerEvent: {}
[207.476957] (-) TimerEvent: {}
[207.578527] (-) TimerEvent: {}
[207.680225] (-) TimerEvent: {}
[207.781548] (-) TimerEvent: {}
[207.883467] (-) TimerEvent: {}
[207.985167] (-) TimerEvent: {}
[208.086878] (-) TimerEvent: {}
[208.188923] (-) TimerEvent: {}
[208.290708] (-) TimerEvent: {}
[208.393364] (-) TimerEvent: {}
[208.495234] (-) TimerEvent: {}
[208.598173] (-) TimerEvent: {}
[208.700811] (-) TimerEvent: {}
[208.803252] (-) TimerEvent: {}
[208.904898] (-) TimerEvent: {}
[209.006709] (-) TimerEvent: {}
[209.108330] (-) TimerEvent: {}
[209.210003] (-) TimerEvent: {}
[209.311655] (-) TimerEvent: {}
[209.413375] (-) TimerEvent: {}
[209.514903] (-) TimerEvent: {}
[209.616699] (-) TimerEvent: {}
[209.718354] (-) TimerEvent: {}
[209.819913] (-) TimerEvent: {}
[209.921580] (-) TimerEvent: {}
[210.024032] (-) TimerEvent: {}
[210.127280] (-) TimerEvent: {}
[210.228854] (-) TimerEvent: {}
[210.330392] (-) TimerEvent: {}
[210.432272] (-) TimerEvent: {}
[210.533819] (-) TimerEvent: {}
[210.636019] (-) TimerEvent: {}
[210.737603] (-) TimerEvent: {}
[210.839169] (-) TimerEvent: {}
[210.940802] (-) TimerEvent: {}
[211.042612] (-) TimerEvent: {}
[211.144322] (-) TimerEvent: {}
[211.245805] (-) TimerEvent: {}
[211.347246] (-) TimerEvent: {}
[211.449721] (-) TimerEvent: {}
[211.551200] (-) TimerEvent: {}
[211.653146] (-) TimerEvent: {}
[211.754790] (-) TimerEvent: {}
[211.856602] (-) TimerEvent: {}
[211.958294] (-) TimerEvent: {}
[212.059965] (-) TimerEvent: {}
[212.161694] (-) TimerEvent: {}
[212.263399] (-) TimerEvent: {}
[212.365110] (-) TimerEvent: {}
[212.467121] (-) TimerEvent: {}
[212.570174] (-) TimerEvent: {}
[212.672096] (-) TimerEvent: {}
[212.773792] (-) TimerEvent: {}
[212.875328] (-) TimerEvent: {}
[212.977081] (-) TimerEvent: {}
[213.079009] (-) TimerEvent: {}
[213.180524] (-) TimerEvent: {}
[213.282328] (-) TimerEvent: {}
[213.384969] (-) TimerEvent: {}
[213.486720] (-) TimerEvent: {}
[213.588513] (-) TimerEvent: {}
[213.690104] (-) TimerEvent: {}
[213.791727] (-) TimerEvent: {}
[213.893237] (-) TimerEvent: {}
[213.994729] (-) TimerEvent: {}
[214.097071] (-) TimerEvent: {}
[214.198833] (-) TimerEvent: {}
[214.301145] (-) TimerEvent: {}
[214.402792] (-) TimerEvent: {}
[214.504561] (-) TimerEvent: {}
[214.606116] (-) TimerEvent: {}
[214.708279] (-) TimerEvent: {}
[214.810600] (-) TimerEvent: {}
[214.913262] (-) TimerEvent: {}
[215.016012] (-) TimerEvent: {}
[215.118158] (-) TimerEvent: {}
[215.220468] (-) TimerEvent: {}
[215.322202] (-) TimerEvent: {}
[215.423642] (-) TimerEvent: {}
[215.525458] (-) TimerEvent: {}
[215.626831] (-) TimerEvent: {}
[215.728507] (-) TimerEvent: {}
[215.829960] (-) TimerEvent: {}
[215.933494] (-) TimerEvent: {}
[216.034819] (-) TimerEvent: {}
[216.136718] (-) TimerEvent: {}
[216.238553] (-) TimerEvent: {}
[216.339964] (-) TimerEvent: {}
[216.441409] (-) TimerEvent: {}
[216.542805] (-) TimerEvent: {}
[216.644397] (-) TimerEvent: {}
[216.746209] (-) TimerEvent: {}
[216.847999] (-) TimerEvent: {}
[216.949486] (-) TimerEvent: {}
[217.051398] (-) TimerEvent: {}
[217.153027] (-) TimerEvent: {}
[217.254563] (-) TimerEvent: {}
[217.356191] (-) TimerEvent: {}
[217.457873] (-) TimerEvent: {}
[217.560402] (-) TimerEvent: {}
[217.661861] (-) TimerEvent: {}
[217.763379] (-) TimerEvent: {}
[217.865068] (-) TimerEvent: {}
[217.966812] (-) TimerEvent: {}
[218.068468] (-) TimerEvent: {}
[218.170347] (-) TimerEvent: {}
[218.272183] (-) TimerEvent: {}
[218.374308] (-) TimerEvent: {}
[218.476737] (-) TimerEvent: {}
[218.579901] (-) TimerEvent: {}
[218.681990] (-) TimerEvent: {}
[218.784201] (-) TimerEvent: {}
[218.885810] (-) TimerEvent: {}
[218.987868] (-) TimerEvent: {}
[219.089313] (-) TimerEvent: {}
[219.190823] (-) TimerEvent: {}
[219.292343] (-) TimerEvent: {}
[219.393841] (-) TimerEvent: {}
[219.495992] (-) TimerEvent: {}
[219.598698] (-) TimerEvent: {}
[219.700862] (-) TimerEvent: {}
[219.802635] (-) TimerEvent: {}
[219.904918] (-) TimerEvent: {}
[220.006742] (-) TimerEvent: {}
[220.108482] (-) TimerEvent: {}
[220.210085] (-) TimerEvent: {}
[220.311678] (-) TimerEvent: {}
[220.414088] (-) TimerEvent: {}
[220.515720] (-) TimerEvent: {}
[220.617262] (-) TimerEvent: {}
[220.718801] (-) TimerEvent: {}
[220.821384] (-) TimerEvent: {}
[220.922983] (-) TimerEvent: {}
[221.024676] (-) TimerEvent: {}
[221.126591] (-) TimerEvent: {}
[221.228260] (-) TimerEvent: {}
[221.329779] (-) TimerEvent: {}
[221.431474] (-) TimerEvent: {}
[221.533040] (-) TimerEvent: {}
[221.635124] (-) TimerEvent: {}
[221.737141] (-) TimerEvent: {}
[221.839549] (-) TimerEvent: {}
[221.941271] (-) TimerEvent: {}
[222.042674] (-) TimerEvent: {}
[222.144293] (-) TimerEvent: {}
[222.245943] (-) TimerEvent: {}
[222.347646] (-) TimerEvent: {}
[222.449218] (-) TimerEvent: {}
[222.551100] (-) TimerEvent: {}
[222.652902] (-) TimerEvent: {}
[222.754547] (-) TimerEvent: {}
[222.856507] (-) TimerEvent: {}
[222.958258] (-) TimerEvent: {}
[223.059805] (-) TimerEvent: {}
[223.161664] (-) TimerEvent: {}
[223.263669] (-) TimerEvent: {}
[223.365797] (-) TimerEvent: {}
[223.468977] (-) TimerEvent: {}
[223.570636] (-) TimerEvent: {}
[223.672382] (-) TimerEvent: {}
[223.774155] (-) TimerEvent: {}
[223.875993] (-) TimerEvent: {}
[223.977854] (-) TimerEvent: {}
[224.081179] (-) TimerEvent: {}
[224.182773] (-) TimerEvent: {}
[224.284388] (-) TimerEvent: {}
[224.385933] (-) TimerEvent: {}
[224.487420] (-) TimerEvent: {}
[224.589948] (-) TimerEvent: {}
[224.692732] (-) TimerEvent: {}
[224.795453] (-) TimerEvent: {}
[224.898609] (-) TimerEvent: {}
[225.000204] (-) TimerEvent: {}
[225.101801] (-) TimerEvent: {}
[225.203709] (-) TimerEvent: {}
[225.305483] (-) TimerEvent: {}
[225.407160] (-) TimerEvent: {}
[225.508625] (-) TimerEvent: {}
[225.610157] (-) TimerEvent: {}
[225.711755] (-) TimerEvent: {}
[225.813227] (-) TimerEvent: {}
[225.914782] (-) TimerEvent: {}
[226.016431] (-) TimerEvent: {}
[226.118207] (-) TimerEvent: {}
[226.220401] (-) TimerEvent: {}
[226.323033] (-) TimerEvent: {}
[226.424640] (-) TimerEvent: {}
[226.526247] (-) TimerEvent: {}
[226.628024] (-) TimerEvent: {}
[226.729393] (-) TimerEvent: {}
[226.830848] (-) TimerEvent: {}
[226.932510] (-) TimerEvent: {}
[227.328656] (-) TimerEvent: {}
[227.430679] (-) TimerEvent: {}
[227.532722] (-) TimerEvent: {}
[227.634470] (-) TimerEvent: {}
[227.736110] (-) TimerEvent: {}
[227.837563] (-) TimerEvent: {}
[227.939278] (-) TimerEvent: {}
[228.041284] (-) TimerEvent: {}
[228.143179] (-) TimerEvent: {}
[228.244898] (-) TimerEvent: {}
[228.346587] (-) TimerEvent: {}
[228.448311] (-) TimerEvent: {}
[228.549861] (-) TimerEvent: {}
[228.651396] (-) TimerEvent: {}
[228.753137] (-) TimerEvent: {}
[228.855623] (-) TimerEvent: {}
[228.957188] (-) TimerEvent: {}
[229.058932] (-) TimerEvent: {}
[229.160939] (-) TimerEvent: {}
[229.262599] (-) TimerEvent: {}
[229.364341] (-) TimerEvent: {}
[229.466118] (-) TimerEvent: {}
[229.567899] (-) TimerEvent: {}
[229.669293] (-) TimerEvent: {}
[229.771015] (-) TimerEvent: {}
[229.873003] (-) TimerEvent: {}
[229.974520] (-) TimerEvent: {}
[230.076299] (-) TimerEvent: {}
[230.178023] (-) TimerEvent: {}
[230.280863] (-) TimerEvent: {}
[230.383039] (-) TimerEvent: {}
[230.484552] (-) TimerEvent: {}
[230.586223] (-) TimerEvent: {}
[230.689138] (-) TimerEvent: {}
[230.791525] (-) TimerEvent: {}
[230.893343] (-) TimerEvent: {}
[230.994866] (-) TimerEvent: {}
[231.096790] (-) TimerEvent: {}
[231.198303] (-) TimerEvent: {}
[231.299750] (-) TimerEvent: {}
[231.401162] (-) TimerEvent: {}
[231.502824] (-) TimerEvent: {}
[231.604459] (-) TimerEvent: {}
[231.706028] (-) TimerEvent: {}
[231.807959] (-) TimerEvent: {}
[231.910097] (-) TimerEvent: {}
[232.011789] (-) TimerEvent: {}
[232.113401] (-) TimerEvent: {}
[232.214964] (-) TimerEvent: {}
[232.316396] (-) TimerEvent: {}
[232.418155] (-) TimerEvent: {}
[232.520198] (-) TimerEvent: {}
[232.621904] (-) TimerEvent: {}
[232.723648] (-) TimerEvent: {}
[232.825452] (-) TimerEvent: {}
[232.927244] (-) TimerEvent: {}
[233.028887] (-) TimerEvent: {}
[233.130577] (-) TimerEvent: {}
[233.232313] (-) TimerEvent: {}
[233.333753] (-) TimerEvent: {}
[233.435347] (-) TimerEvent: {}
[233.536952] (-) TimerEvent: {}
[233.638656] (-) TimerEvent: {}
[233.740387] (-) TimerEvent: {}
[233.842219] (-) TimerEvent: {}
[233.943861] (-) TimerEvent: {}
[234.045642] (-) TimerEvent: {}
[234.147356] (-) TimerEvent: {}
[234.248997] (-) TimerEvent: {}
[234.350506] (-) TimerEvent: {}
[234.451950] (-) TimerEvent: {}
[234.553461] (-) TimerEvent: {}
[234.655229] (-) TimerEvent: {}
[234.757268] (-) TimerEvent: {}
[234.859101] (-) TimerEvent: {}
[234.961043] (-) TimerEvent: {}
[235.062569] (-) TimerEvent: {}
[235.164310] (-) TimerEvent: {}
[235.265969] (-) TimerEvent: {}
[235.367701] (-) TimerEvent: {}
[235.469529] (-) TimerEvent: {}
[235.571350] (-) TimerEvent: {}
[235.682105] (-) TimerEvent: {}
[235.784812] (-) TimerEvent: {}
[235.886844] (-) TimerEvent: {}
[235.989586] (-) TimerEvent: {}
[236.092268] (-) TimerEvent: {}
[236.194247] (-) TimerEvent: {}
[236.295979] (-) TimerEvent: {}
[236.398529] (-) TimerEvent: {}
[236.501306] (-) TimerEvent: {}
[236.603553] (-) TimerEvent: {}
[236.706050] (-) TimerEvent: {}
[236.807805] (-) TimerEvent: {}
[236.909474] (-) TimerEvent: {}
[237.011069] (-) TimerEvent: {}
[237.112777] (-) TimerEvent: {}
[237.214323] (-) TimerEvent: {}
[237.315889] (-) TimerEvent: {}
[237.419125] (-) TimerEvent: {}
[237.521806] (-) TimerEvent: {}
[237.623901] (-) TimerEvent: {}
[237.725884] (-) TimerEvent: {}
[237.829293] (-) TimerEvent: {}
[237.931446] (-) TimerEvent: {}
[238.033439] (-) TimerEvent: {}
[238.136335] (-) TimerEvent: {}
[238.239989] (-) TimerEvent: {}
[238.341916] (-) TimerEvent: {}
[238.443558] (-) TimerEvent: {}
[238.545683] (-) TimerEvent: {}
[238.647462] (-) TimerEvent: {}
[238.750120] (-) TimerEvent: {}
[238.852709] (-) TimerEvent: {}
[238.954324] (-) TimerEvent: {}
[239.055977] (-) TimerEvent: {}
[239.157728] (-) TimerEvent: {}
[239.259394] (-) TimerEvent: {}
[239.361274] (-) TimerEvent: {}
[239.463006] (-) TimerEvent: {}
[239.564828] (-) TimerEvent: {}
[239.666463] (-) TimerEvent: {}
[239.768323] (-) TimerEvent: {}
[239.870048] (-) TimerEvent: {}
[239.971781] (-) TimerEvent: {}
[240.073512] (-) TimerEvent: {}
[240.175120] (-) TimerEvent: {}
[240.276583] (-) TimerEvent: {}
[240.378115] (-) TimerEvent: {}
[240.479851] (-) TimerEvent: {}
[240.581574] (-) TimerEvent: {}
[240.683354] (-) TimerEvent: {}
[240.785159] (-) TimerEvent: {}
[240.886490] (-) TimerEvent: {}
[240.988195] (-) TimerEvent: {}
[241.090362] (-) TimerEvent: {}
[241.192835] (-) TimerEvent: {}
[241.294615] (-) TimerEvent: {}
[241.397394] (-) TimerEvent: {}
[241.498830] (-) TimerEvent: {}
[241.600325] (-) TimerEvent: {}
[241.701983] (-) TimerEvent: {}
[241.803766] (-) TimerEvent: {}
[241.905582] (-) TimerEvent: {}
[242.008585] (-) TimerEvent: {}
[242.110660] (-) TimerEvent: {}
[242.212718] (-) TimerEvent: {}
[242.314573] (-) TimerEvent: {}
[242.416093] (-) TimerEvent: {}
[242.517674] (-) TimerEvent: {}
[242.619223] (-) TimerEvent: {}
[242.720917] (-) TimerEvent: {}
[242.822751] (-) TimerEvent: {}
[242.924613] (-) TimerEvent: {}
[243.026143] (-) TimerEvent: {}
[243.128417] (-) TimerEvent: {}
[243.230021] (-) TimerEvent: {}
[243.331762] (-) TimerEvent: {}
[243.433451] (-) TimerEvent: {}
[243.536232] (-) TimerEvent: {}
[243.638604] (-) TimerEvent: {}
[243.741378] (-) TimerEvent: {}
[243.843331] (-) TimerEvent: {}
[243.945029] (-) TimerEvent: {}
[244.046694] (-) TimerEvent: {}
[244.148542] (-) TimerEvent: {}
[244.250813] (-) TimerEvent: {}
[244.352275] (-) TimerEvent: {}
[244.454060] (-) TimerEvent: {}
[244.555301] (-) TimerEvent: {}
[244.656939] (-) TimerEvent: {}
[244.758625] (-) TimerEvent: {}
[244.860248] (-) TimerEvent: {}
[244.962005] (-) TimerEvent: {}
[245.063688] (-) TimerEvent: {}
[245.165135] (-) TimerEvent: {}
[245.267501] (-) TimerEvent: {}
[245.369207] (-) TimerEvent: {}
[245.470786] (-) TimerEvent: {}
[245.572367] (-) TimerEvent: {}
[245.674273] (-) TimerEvent: {}
[245.775965] (-) TimerEvent: {}
[245.877637] (-) TimerEvent: {}
[245.979546] (-) TimerEvent: {}
[246.081737] (-) TimerEvent: {}
[246.183697] (-) TimerEvent: {}
[246.285241] (-) TimerEvent: {}
[246.386838] (-) TimerEvent: {}
[246.488569] (-) TimerEvent: {}
[246.590432] (-) TimerEvent: {}
[246.693091] (-) TimerEvent: {}
[246.795072] (-) TimerEvent: {}
[246.896617] (-) TimerEvent: {}
[246.998937] (-) TimerEvent: {}
[247.100451] (-) TimerEvent: {}
[247.202785] (-) TimerEvent: {}
[247.304525] (-) TimerEvent: {}
[247.407491] (-) TimerEvent: {}
[247.511065] (-) TimerEvent: {}
[247.613566] (-) TimerEvent: {}
[247.716082] (-) TimerEvent: {}
[247.818258] (-) TimerEvent: {}
[247.920726] (-) TimerEvent: {}
[248.022121] (-) TimerEvent: {}
[248.124100] (-) TimerEvent: {}
[248.225762] (-) TimerEvent: {}
[248.327085] (-) TimerEvent: {}
[248.429786] (-) TimerEvent: {}
[248.531522] (-) TimerEvent: {}
[248.633340] (-) TimerEvent: {}
[248.735066] (-) TimerEvent: {}
[248.836853] (-) TimerEvent: {}
[248.938398] (-) TimerEvent: {}
[249.039989] (-) TimerEvent: {}
[249.141668] (-) TimerEvent: {}
[249.243397] (-) TimerEvent: {}
[249.344994] (-) TimerEvent: {}
[249.446457] (-) TimerEvent: {}
[249.547893] (-) TimerEvent: {}
[249.649341] (-) TimerEvent: {}
[249.751083] (-) TimerEvent: {}
[249.852413] (-) TimerEvent: {}
[249.954090] (-) TimerEvent: {}
[250.056312] (-) TimerEvent: {}
[250.158167] (-) TimerEvent: {}
[250.259994] (-) TimerEvent: {}
[250.361479] (-) TimerEvent: {}
[250.462996] (-) TimerEvent: {}
[250.566565] (-) TimerEvent: {}
[250.670229] (-) TimerEvent: {}
[250.773522] (-) TimerEvent: {}
[250.875446] (-) TimerEvent: {}
[250.977001] (-) TimerEvent: {}
[251.079697] (-) TimerEvent: {}
[251.181040] (-) TimerEvent: {}
[251.282544] (-) TimerEvent: {}
[251.384035] (-) TimerEvent: {}
[251.485863] (-) TimerEvent: {}
[251.587787] (-) TimerEvent: {}
[251.689492] (-) TimerEvent: {}
[251.791566] (-) TimerEvent: {}
[251.893452] (-) TimerEvent: {}
[251.994952] (-) TimerEvent: {}
[252.096666] (-) TimerEvent: {}
[252.198379] (-) TimerEvent: {}
[252.300055] (-) TimerEvent: {}
[252.401530] (-) TimerEvent: {}
[252.561955] (-) TimerEvent: {}
[252.663415] (-) TimerEvent: {}
[252.764906] (-) TimerEvent: {}
[252.866735] (-) TimerEvent: {}
[252.968289] (-) TimerEvent: {}
[253.070046] (-) TimerEvent: {}
[253.171851] (-) TimerEvent: {}
[253.273562] (-) TimerEvent: {}
[253.375140] (-) TimerEvent: {}
[253.476919] (-) TimerEvent: {}
[253.578722] (-) TimerEvent: {}
[253.680293] (-) TimerEvent: {}
[253.781683] (-) TimerEvent: {}
[253.883243] (-) TimerEvent: {}
[253.986301] (-) TimerEvent: {}
[254.087819] (-) TimerEvent: {}
[254.189274] (-) TimerEvent: {}
[254.290923] (-) TimerEvent: {}
[254.392175] (-) TimerEvent: {}
[254.493587] (-) TimerEvent: {}
[254.595031] (-) TimerEvent: {}
[254.698996] (-) TimerEvent: {}
[254.800757] (-) TimerEvent: {}
[254.902553] (-) TimerEvent: {}
[255.004338] (-) TimerEvent: {}
[255.105979] (-) TimerEvent: {}
[255.207548] (-) TimerEvent: {}
[255.309250] (-) TimerEvent: {}
[255.410646] (-) TimerEvent: {}
[255.512171] (-) TimerEvent: {}
[255.613526] (-) TimerEvent: {}
[255.715301] (-) TimerEvent: {}
[255.818177] (-) TimerEvent: {}
[255.920372] (-) TimerEvent: {}
[256.023511] (-) TimerEvent: {}
[256.125695] (-) TimerEvent: {}
[256.228500] (-) TimerEvent: {}
[256.330536] (-) TimerEvent: {}
[256.433678] (-) TimerEvent: {}
[256.536084] (-) TimerEvent: {}
[256.637792] (-) TimerEvent: {}
[256.739529] (-) TimerEvent: {}
[256.841981] (-) TimerEvent: {}
[256.945012] (-) TimerEvent: {}
[257.047976] (-) TimerEvent: {}
[257.149953] (-) TimerEvent: {}
[257.251934] (-) TimerEvent: {}
[257.353511] (-) TimerEvent: {}
[257.455029] (-) TimerEvent: {}
[257.556878] (-) TimerEvent: {}
[257.658302] (-) TimerEvent: {}
[257.760650] (-) TimerEvent: {}
[257.862138] (-) TimerEvent: {}
[257.963568] (-) TimerEvent: {}
[258.065045] (-) TimerEvent: {}
[258.166678] (-) TimerEvent: {}
[258.268358] (-) TimerEvent: {}
[258.370139] (-) TimerEvent: {}
[258.471650] (-) TimerEvent: {}
[258.573814] (-) TimerEvent: {}
[258.675880] (-) TimerEvent: {}
[258.777334] (-) TimerEvent: {}
[258.878887] (-) TimerEvent: {}
[258.980666] (-) TimerEvent: {}
[259.723530] (-) TimerEvent: {}
[260.138592] (-) TimerEvent: {}
[260.240608] (-) TimerEvent: {}
[260.342391] (-) TimerEvent: {}
[260.445271] (-) TimerEvent: {}
[260.546945] (-) TimerEvent: {}
[260.649026] (-) TimerEvent: {}
[260.750899] (-) TimerEvent: {}
[260.852675] (-) TimerEvent: {}
[260.954956] (-) TimerEvent: {}
[261.056554] (-) TimerEvent: {}
[261.159388] (-) TimerEvent: {}
[261.261409] (-) TimerEvent: {}
[261.363109] (-) TimerEvent: {}
[261.465449] (-) TimerEvent: {}
[261.568122] (-) TimerEvent: {}
[261.670161] (-) TimerEvent: {}
[261.772991] (-) TimerEvent: {}
[261.876470] (-) TimerEvent: {}
[261.977826] (-) TimerEvent: {}
[262.079508] (-) TimerEvent: {}
[262.181250] (-) TimerEvent: {}
[262.282976] (-) TimerEvent: {}
[262.384800] (-) TimerEvent: {}
[262.486157] (-) TimerEvent: {}
[262.587501] (-) TimerEvent: {}
[262.689388] (-) TimerEvent: {}
[262.790796] (-) TimerEvent: {}
[262.892465] (-) TimerEvent: {}
[262.994305] (-) TimerEvent: {}
[263.096384] (-) TimerEvent: {}
[263.197826] (-) TimerEvent: {}
[263.299705] (-) TimerEvent: {}
[263.401304] (-) TimerEvent: {}
[263.503111] (-) TimerEvent: {}
[263.605001] (-) TimerEvent: {}
[263.706575] (-) TimerEvent: {}
[263.808482] (-) TimerEvent: {}
[263.910330] (-) TimerEvent: {}
[264.012040] (-) TimerEvent: {}
[264.113578] (-) TimerEvent: {}
[264.215141] (-) TimerEvent: {}
[264.316946] (-) TimerEvent: {}
[264.418916] (-) TimerEvent: {}
[264.521028] (-) TimerEvent: {}
[264.622797] (-) TimerEvent: {}
[264.724265] (-) TimerEvent: {}
[264.825790] (-) TimerEvent: {}
[264.927120] (-) TimerEvent: {}
[265.028780] (-) TimerEvent: {}
[265.130497] (-) TimerEvent: {}
[265.232120] (-) TimerEvent: {}
[265.333854] (-) TimerEvent: {}
[265.435468] (-) TimerEvent: {}
[265.537213] (-) TimerEvent: {}
[265.638989] (-) TimerEvent: {}
[265.743646] (-) TimerEvent: {}
[265.845088] (-) TimerEvent: {}
[265.946638] (-) TimerEvent: {}
[266.048588] (-) TimerEvent: {}
[266.150170] (-) TimerEvent: {}
[266.252371] (-) TimerEvent: {}
[266.353893] (-) TimerEvent: {}
[266.455748] (-) TimerEvent: {}
[266.557239] (-) TimerEvent: {}
[266.658787] (-) TimerEvent: {}
[266.760854] (-) TimerEvent: {}
[266.862710] (-) TimerEvent: {}
[266.964607] (-) TimerEvent: {}
[267.066431] (-) TimerEvent: {}
[267.168057] (-) TimerEvent: {}
[267.269909] (-) TimerEvent: {}
[267.371926] (-) TimerEvent: {}
[267.474332] (-) TimerEvent: {}
[267.575826] (-) TimerEvent: {}
[267.677317] (-) TimerEvent: {}
[267.778850] (-) TimerEvent: {}
[267.880758] (-) TimerEvent: {}
[267.982382] (-) TimerEvent: {}
[268.084008] (-) TimerEvent: {}
[268.185799] (-) TimerEvent: {}
[268.287502] (-) TimerEvent: {}
[268.389331] (-) TimerEvent: {}
[268.491498] (-) TimerEvent: {}
[268.593138] (-) TimerEvent: {}
[268.696285] (-) TimerEvent: {}
[268.798606] (-) TimerEvent: {}
[268.901305] (-) TimerEvent: {}
[269.003654] (-) TimerEvent: {}
[269.105674] (-) TimerEvent: {}
[269.208442] (-) TimerEvent: {}
[269.310677] (-) TimerEvent: {}
[269.412416] (-) TimerEvent: {}
[269.515010] (-) TimerEvent: {}
[269.617547] (-) TimerEvent: {}
[269.720803] (-) TimerEvent: {}
[269.824017] (-) TimerEvent: {}
[269.925597] (-) TimerEvent: {}
[270.027009] (-) TimerEvent: {}
[270.128832] (-) TimerEvent: {}
[270.230349] (-) TimerEvent: {}
[270.331869] (-) TimerEvent: {}
[270.433439] (-) TimerEvent: {}
[270.534771] (-) TimerEvent: {}
[270.636270] (-) TimerEvent: {}
[270.738871] (-) TimerEvent: {}
[270.840954] (-) TimerEvent: {}
[270.942588] (-) TimerEvent: {}
[271.045429] (-) TimerEvent: {}
[271.147361] (-) TimerEvent: {}
[271.249133] (-) TimerEvent: {}
[271.350878] (-) TimerEvent: {}
[271.452638] (-) TimerEvent: {}
[271.554262] (-) TimerEvent: {}
[271.656576] (-) TimerEvent: {}
[271.758754] (-) TimerEvent: {}
[271.861533] (-) TimerEvent: {}
[271.964178] (-) TimerEvent: {}
[272.066094] (-) TimerEvent: {}
[272.167662] (-) TimerEvent: {}
[272.269394] (-) TimerEvent: {}
[272.371043] (-) TimerEvent: {}
[272.472855] (-) TimerEvent: {}
[272.574441] (-) TimerEvent: {}
[272.675915] (-) TimerEvent: {}
[272.777386] (-) TimerEvent: {}
[272.879225] (-) TimerEvent: {}
[272.980736] (-) TimerEvent: {}
[273.082643] (-) TimerEvent: {}
[273.184269] (-) TimerEvent: {}
[273.285789] (-) TimerEvent: {}
[273.387353] (-) TimerEvent: {}
[273.489024] (-) TimerEvent: {}
[273.590617] (-) TimerEvent: {}
[273.692170] (-) TimerEvent: {}
[273.793759] (-) TimerEvent: {}
[273.895554] (-) TimerEvent: {}
[273.997167] (-) TimerEvent: {}
[274.098698] (-) TimerEvent: {}
[274.200210] (-) TimerEvent: {}
[274.301913] (-) TimerEvent: {}
[274.403561] (-) TimerEvent: {}
[274.505269] (-) TimerEvent: {}
[274.607998] (-) TimerEvent: {}
[274.709676] (-) TimerEvent: {}
[274.811263] (-) TimerEvent: {}
[274.912941] (-) TimerEvent: {}
[275.015372] (-) TimerEvent: {}
[275.117049] (-) TimerEvent: {}
[275.218859] (-) TimerEvent: {}
[275.320535] (-) TimerEvent: {}
[275.422007] (-) TimerEvent: {}
[275.523884] (-) TimerEvent: {}
[275.625577] (-) TimerEvent: {}
[275.727783] (-) TimerEvent: {}
[275.830465] (-) TimerEvent: {}
[275.933507] (-) TimerEvent: {}
[276.035766] (-) TimerEvent: {}
[276.137116] (-) TimerEvent: {}
[276.238774] (-) TimerEvent: {}
[276.340805] (-) TimerEvent: {}
[276.442979] (-) TimerEvent: {}
[276.544615] (-) TimerEvent: {}
[276.646299] (-) TimerEvent: {}
[276.748041] (-) TimerEvent: {}
[276.849890] (-) TimerEvent: {}
[276.952014] (-) TimerEvent: {}
[277.053541] (-) TimerEvent: {}
[277.154886] (-) TimerEvent: {}
[277.256890] (-) TimerEvent: {}
[277.358732] (-) TimerEvent: {}
[277.460364] (-) TimerEvent: {}
[277.561988] (-) TimerEvent: {}
[277.663798] (-) TimerEvent: {}
[277.765772] (-) TimerEvent: {}
[277.867257] (-) TimerEvent: {}
[277.969049] (-) TimerEvent: {}
[278.070670] (-) TimerEvent: {}
[278.172244] (-) TimerEvent: {}
[278.273775] (-) TimerEvent: {}
[278.375425] (-) TimerEvent: {}
[278.477335] (-) TimerEvent: {}
[278.579250] (-) TimerEvent: {}
[278.681241] (-) TimerEvent: {}
[278.782760] (-) TimerEvent: {}
[278.884987] (-) TimerEvent: {}
[278.986561] (-) TimerEvent: {}
[279.088070] (-) TimerEvent: {}
[279.189591] (-) TimerEvent: {}
[279.291067] (-) TimerEvent: {}
[279.392811] (-) TimerEvent: {}
[279.494576] (-) TimerEvent: {}
[279.596405] (-) TimerEvent: {}
[279.698174] (-) TimerEvent: {}
[279.800154] (-) TimerEvent: {}
[279.901813] (-) TimerEvent: {}
[280.003414] (-) TimerEvent: {}
[280.105368] (-) TimerEvent: {}
[280.206935] (-) TimerEvent: {}
[280.308787] (-) TimerEvent: {}
[280.410765] (-) TimerEvent: {}
[280.512413] (-) TimerEvent: {}
[280.613817] (-) TimerEvent: {}
[280.715481] (-) TimerEvent: {}
[280.817256] (-) TimerEvent: {}
[280.918989] (-) TimerEvent: {}
[281.020823] (-) TimerEvent: {}
[281.122277] (-) TimerEvent: {}
[281.223938] (-) TimerEvent: {}
[281.325516] (-) TimerEvent: {}
[281.427176] (-) TimerEvent: {}
[281.528814] (-) TimerEvent: {}
[281.630382] (-) TimerEvent: {}
[281.732363] (-) TimerEvent: {}
[281.833844] (-) TimerEvent: {}
[281.936113] (-) TimerEvent: {}
[282.037984] (-) TimerEvent: {}
[282.139567] (-) TimerEvent: {}
[282.241273] (-) TimerEvent: {}
[282.342998] (-) TimerEvent: {}
[282.444581] (-) TimerEvent: {}
[282.546621] (-) TimerEvent: {}
[282.648351] (-) TimerEvent: {}
[282.749973] (-) TimerEvent: {}
[282.851763] (-) TimerEvent: {}
[282.953243] (-) TimerEvent: {}
[283.054773] (-) TimerEvent: {}
[283.156726] (-) TimerEvent: {}
[283.258286] (-) TimerEvent: {}
[283.360748] (-) TimerEvent: {}
[283.462613] (-) TimerEvent: {}
[283.564223] (-) TimerEvent: {}
[283.665810] (-) TimerEvent: {}
[283.767431] (-) TimerEvent: {}
[283.869065] (-) TimerEvent: {}
[283.970790] (-) TimerEvent: {}
[284.072649] (-) TimerEvent: {}
[284.174444] (-) TimerEvent: {}
[284.276296] (-) TimerEvent: {}
[284.377706] (-) TimerEvent: {}
[284.479114] (-) TimerEvent: {}
[284.580697] (-) TimerEvent: {}
[284.682352] (-) TimerEvent: {}
[284.784118] (-) TimerEvent: {}
[284.885606] (-) TimerEvent: {}
[284.987117] (-) TimerEvent: {}
[285.089105] (-) TimerEvent: {}
[285.190706] (-) TimerEvent: {}
[285.292281] (-) TimerEvent: {}
[285.394040] (-) TimerEvent: {}
[285.495479] (-) TimerEvent: {}
[285.596963] (-) TimerEvent: {}
[285.699749] (-) TimerEvent: {}
[285.801172] (-) TimerEvent: {}
[285.902760] (-) TimerEvent: {}
[286.004429] (-) TimerEvent: {}
[286.106566] (-) TimerEvent: {}
[286.208999] (-) TimerEvent: {}
[286.311131] (-) TimerEvent: {}
[286.413849] (-) TimerEvent: {}
[286.515480] (-) TimerEvent: {}
[286.617266] (-) TimerEvent: {}
[286.718919] (-) TimerEvent: {}
[286.820603] (-) TimerEvent: {}
[286.922105] (-) TimerEvent: {}
[287.024116] (-) TimerEvent: {}
[287.126461] (-) TimerEvent: {}
[287.228495] (-) TimerEvent: {}
[287.330260] (-) TimerEvent: {}
[287.431932] (-) TimerEvent: {}
[287.533865] (-) TimerEvent: {}
[287.636272] (-) TimerEvent: {}
[287.737869] (-) TimerEvent: {}
[287.839236] (-) TimerEvent: {}
[287.940912] (-) TimerEvent: {}
[288.042514] (-) TimerEvent: {}
[288.144684] (-) TimerEvent: {}
[288.246528] (-) TimerEvent: {}
[288.348198] (-) TimerEvent: {}
[288.449831] (-) TimerEvent: {}
[288.551304] (-) TimerEvent: {}
[288.653090] (-) TimerEvent: {}
[288.754770] (-) TimerEvent: {}
[288.856781] (-) TimerEvent: {}
[288.958739] (-) TimerEvent: {}
[289.060382] (-) TimerEvent: {}
[289.162631] (-) TimerEvent: {}
[289.264553] (-) TimerEvent: {}
[289.366245] (-) TimerEvent: {}
[289.468289] (-) TimerEvent: {}
[289.569884] (-) TimerEvent: {}
[289.671745] (-) TimerEvent: {}
[289.773233] (-) TimerEvent: {}
[289.874815] (-) TimerEvent: {}
[289.976523] (-) TimerEvent: {}
[290.081319] (-) TimerEvent: {}
[290.199822] (-) TimerEvent: {}
[290.301584] (-) TimerEvent: {}
[290.403078] (-) TimerEvent: {}
[290.504734] (-) TimerEvent: {}
[290.606509] (-) TimerEvent: {}
[290.709680] (-) TimerEvent: {}
[290.811761] (-) TimerEvent: {}
[290.913586] (-) TimerEvent: {}
[291.015144] (-) TimerEvent: {}
[291.117117] (-) TimerEvent: {}
[291.218750] (-) TimerEvent: {}
[291.320307] (-) TimerEvent: {}
[291.421799] (-) TimerEvent: {}
[291.523653] (-) TimerEvent: {}
[291.625527] (-) TimerEvent: {}
[291.728250] (-) TimerEvent: {}
[291.829928] (-) TimerEvent: {}
[291.932182] (-) TimerEvent: {}
[292.034428] (-) TimerEvent: {}
[292.136727] (-) TimerEvent: {}
[292.238266] (-) TimerEvent: {}
[292.339879] (-) TimerEvent: {}
[292.441345] (-) TimerEvent: {}
[292.543833] (-) TimerEvent: {}
[292.645631] (-) TimerEvent: {}
[292.747664] (-) TimerEvent: {}
[292.849385] (-) TimerEvent: {}
[292.950955] (-) TimerEvent: {}
[293.052792] (-) TimerEvent: {}
[293.155353] (-) TimerEvent: {}
[293.257850] (-) TimerEvent: {}
[293.360924] (-) TimerEvent: {}
[293.462465] (-) TimerEvent: {}
[293.564133] (-) TimerEvent: {}
[293.665701] (-) TimerEvent: {}
[293.767895] (-) TimerEvent: {}
[293.869829] (-) TimerEvent: {}
[293.973762] (-) TimerEvent: {}
[294.076134] (-) TimerEvent: {}
[294.178699] (-) TimerEvent: {}
[294.280918] (-) TimerEvent: {}
[294.383816] (-) TimerEvent: {}
[294.486189] (-) TimerEvent: {}
[294.588384] (-) TimerEvent: {}
[294.690950] (-) TimerEvent: {}
[294.793253] (-) TimerEvent: {}
[294.894783] (-) TimerEvent: {}
[294.996475] (-) TimerEvent: {}
[295.098913] (-) TimerEvent: {}
[295.200904] (-) TimerEvent: {}
[295.302458] (-) TimerEvent: {}
[295.404145] (-) TimerEvent: {}
[295.505723] (-) TimerEvent: {}
[295.608923] (-) TimerEvent: {}
[295.712646] (-) TimerEvent: {}
[295.813912] (-) TimerEvent: {}
[295.915563] (-) TimerEvent: {}
[296.017256] (-) TimerEvent: {}
[296.120531] (-) TimerEvent: {}
[296.222124] (-) TimerEvent: {}
[296.323800] (-) TimerEvent: {}
[296.425608] (-) TimerEvent: {}
[296.527244] (-) TimerEvent: {}
[296.628860] (-) TimerEvent: {}
[296.730419] (-) TimerEvent: {}
[296.832090] (-) TimerEvent: {}
[296.933770] (-) TimerEvent: {}
[297.035419] (-) TimerEvent: {}
[297.136996] (-) TimerEvent: {}
[297.239680] (-) TimerEvent: {}
[297.341278] (-) TimerEvent: {}
[297.442862] (-) TimerEvent: {}
[297.544392] (-) TimerEvent: {}
[297.646019] (-) TimerEvent: {}
[297.747743] (-) TimerEvent: {}
[297.849586] (-) TimerEvent: {}
[297.951096] (-) TimerEvent: {}
[298.052660] (-) TimerEvent: {}
[298.154416] (-) TimerEvent: {}
[298.256151] (-) TimerEvent: {}
[298.358096] (-) TimerEvent: {}
[298.460166] (-) TimerEvent: {}
[298.562236] (-) TimerEvent: {}
[298.664230] (-) TimerEvent: {}
[298.765905] (-) TimerEvent: {}
[298.867519] (-) TimerEvent: {}
[298.969079] (-) TimerEvent: {}
[299.070663] (-) TimerEvent: {}
[299.177980] (-) TimerEvent: {}
[299.279881] (-) TimerEvent: {}
[299.381506] (-) TimerEvent: {}
[299.483186] (-) TimerEvent: {}
[299.584931] (-) TimerEvent: {}
[299.686685] (-) TimerEvent: {}
[299.789300] (-) TimerEvent: {}
[299.891829] (-) TimerEvent: {}
[299.994084] (-) TimerEvent: {}
[300.096039] (-) TimerEvent: {}
[300.197685] (-) TimerEvent: {}
[300.299349] (-) TimerEvent: {}
[300.401505] (-) TimerEvent: {}
[300.504303] (-) TimerEvent: {}
[300.607037] (-) TimerEvent: {}
[300.708568] (-) TimerEvent: {}
[300.810052] (-) TimerEvent: {}
[300.912061] (-) TimerEvent: {}
[301.013395] (-) TimerEvent: {}
[301.114915] (-) TimerEvent: {}
[301.216858] (-) TimerEvent: {}
[301.318872] (-) TimerEvent: {}
[301.420582] (-) TimerEvent: {}
[301.522266] (-) TimerEvent: {}
[301.623962] (-) TimerEvent: {}
[301.725515] (-) TimerEvent: {}
[301.827286] (-) TimerEvent: {}
[301.930214] (-) TimerEvent: {}
[302.032903] (-) TimerEvent: {}
[302.135494] (-) TimerEvent: {}
[302.238702] (-) TimerEvent: {}
[302.340373] (-) TimerEvent: {}
[302.442205] (-) TimerEvent: {}
[302.543655] (-) TimerEvent: {}
[302.645206] (-) TimerEvent: {}
[302.746846] (-) TimerEvent: {}
[302.848509] (-) TimerEvent: {}
[302.950570] (-) TimerEvent: {}
[303.052170] (-) TimerEvent: {}
[303.154211] (-) TimerEvent: {}
[303.256322] (-) TimerEvent: {}
[303.358771] (-) TimerEvent: {}
[303.460436] (-) TimerEvent: {}
[303.562231] (-) TimerEvent: {}
[303.663777] (-) TimerEvent: {}
[303.766319] (-) TimerEvent: {}
[303.868759] (-) TimerEvent: {}
[303.970697] (-) TimerEvent: {}
[304.073430] (-) TimerEvent: {}
[304.175907] (-) TimerEvent: {}
[304.277685] (-) TimerEvent: {}
[304.380331] (-) TimerEvent: {}
[304.483041] (-) TimerEvent: {}
[304.585259] (-) TimerEvent: {}
[304.687627] (-) TimerEvent: {}
[304.789380] (-) TimerEvent: {}
[304.890977] (-) TimerEvent: {}
[304.992863] (-) TimerEvent: {}
[305.094451] (-) TimerEvent: {}
[305.196166] (-) TimerEvent: {}
[305.297807] (-) TimerEvent: {}
[305.399320] (-) TimerEvent: {}
[305.501122] (-) TimerEvent: {}
[305.602818] (-) TimerEvent: {}
[305.704621] (-) TimerEvent: {}
[305.806087] (-) TimerEvent: {}
[305.907439] (-) TimerEvent: {}
[306.009164] (-) TimerEvent: {}
[306.110547] (-) TimerEvent: {}
[306.212345] (-) TimerEvent: {}
[306.313897] (-) TimerEvent: {}
[306.415527] (-) TimerEvent: {}
[306.517247] (-) TimerEvent: {}
[306.619125] (-) TimerEvent: {}
[306.721273] (-) TimerEvent: {}
[306.822716] (-) TimerEvent: {}
[306.924334] (-) TimerEvent: {}
[307.026193] (-) TimerEvent: {}
[307.127997] (-) TimerEvent: {}
[307.229534] (-) TimerEvent: {}
[307.331878] (-) TimerEvent: {}
[307.433534] (-) TimerEvent: {}
[307.535102] (-) TimerEvent: {}
[307.637180] (-) TimerEvent: {}
[307.739783] (-) TimerEvent: {}
[307.841443] (-) TimerEvent: {}
[307.943158] (-) TimerEvent: {}
[308.044882] (-) TimerEvent: {}
[308.146630] (-) TimerEvent: {}
[308.248262] (-) TimerEvent: {}
[308.350010] (-) TimerEvent: {}
[308.451922] (-) TimerEvent: {}
[308.554158] (-) TimerEvent: {}
[308.656082] (-) TimerEvent: {}
[308.759152] (-) TimerEvent: {}
[308.861359] (-) TimerEvent: {}
[308.963197] (-) TimerEvent: {}
[309.065307] (-) TimerEvent: {}
[309.168260] (-) TimerEvent: {}
[309.269760] (-) TimerEvent: {}
[309.371458] (-) TimerEvent: {}
[309.473214] (-) TimerEvent: {}
[309.576660] (-) TimerEvent: {}
[309.678882] (-) TimerEvent: {}
[309.780733] (-) TimerEvent: {}
[309.882609] (-) TimerEvent: {}
[309.984406] (-) TimerEvent: {}
[310.085938] (-) TimerEvent: {}
[310.187433] (-) TimerEvent: {}
[310.289341] (-) TimerEvent: {}
[310.390919] (-) TimerEvent: {}
[310.492865] (-) TimerEvent: {}
[310.596199] (-) TimerEvent: {}
[310.698168] (-) TimerEvent: {}
[310.799717] (-) TimerEvent: {}
[310.901546] (-) TimerEvent: {}
[311.003193] (-) TimerEvent: {}
[311.104875] (-) TimerEvent: {}
[311.215438] (-) TimerEvent: {}
[311.316917] (-) TimerEvent: {}
[311.418738] (-) TimerEvent: {}
[311.520693] (-) TimerEvent: {}
[311.623472] (-) TimerEvent: {}
[311.726090] (-) TimerEvent: {}
[311.828842] (-) TimerEvent: {}
[311.930401] (-) TimerEvent: {}
[312.031953] (-) TimerEvent: {}
[312.133410] (-) TimerEvent: {}
[312.235211] (-) TimerEvent: {}
[312.337192] (-) TimerEvent: {}
[312.438818] (-) TimerEvent: {}
[312.540415] (-) TimerEvent: {}
[312.641998] (-) TimerEvent: {}
[312.743545] (-) TimerEvent: {}
[312.845340] (-) TimerEvent: {}
[312.946887] (-) TimerEvent: {}
[313.048579] (-) TimerEvent: {}
[313.150326] (-) TimerEvent: {}
[313.251893] (-) TimerEvent: {}
[313.353542] (-) TimerEvent: {}
[313.455197] (-) TimerEvent: {}
[313.556839] (-) TimerEvent: {}
[313.659032] (-) TimerEvent: {}
[313.760771] (-) TimerEvent: {}
[313.862405] (-) TimerEvent: {}
[313.964111] (-) TimerEvent: {}
[314.066580] (-) TimerEvent: {}
[314.168234] (-) TimerEvent: {}
[314.271072] (-) TimerEvent: {}
[314.373334] (-) TimerEvent: {}
[314.474888] (-) TimerEvent: {}
[314.576667] (-) TimerEvent: {}
[314.678398] (-) TimerEvent: {}
[314.781194] (-) TimerEvent: {}
[314.883808] (-) TimerEvent: {}
[314.985915] (-) TimerEvent: {}
[315.088351] (-) TimerEvent: {}
[315.190857] (-) TimerEvent: {}
[315.293835] (-) TimerEvent: {}
[315.396973] (-) TimerEvent: {}
[315.499739] (-) TimerEvent: {}
[315.601257] (-) TimerEvent: {}
[315.702983] (-) TimerEvent: {}
[315.805627] (-) TimerEvent: {}
[315.907177] (-) TimerEvent: {}
[316.010535] (-) TimerEvent: {}
[316.112782] (-) TimerEvent: {}
[316.214783] (-) TimerEvent: {}
[316.316662] (-) TimerEvent: {}
[316.418645] (-) TimerEvent: {}
[316.520240] (-) TimerEvent: {}
[316.621910] (-) TimerEvent: {}
[316.723942] (-) TimerEvent: {}
[316.825545] (-) TimerEvent: {}
[316.927317] (-) TimerEvent: {}
[317.029561] (-) TimerEvent: {}
[317.131082] (-) TimerEvent: {}
[317.232724] (-) TimerEvent: {}
[317.334548] (-) TimerEvent: {}
[317.436862] (-) TimerEvent: {}
[317.540008] (-) TimerEvent: {}
[317.642920] (-) TimerEvent: {}
[317.745262] (-) TimerEvent: {}
[317.846839] (-) TimerEvent: {}
[317.948610] (-) TimerEvent: {}
[318.050178] (-) TimerEvent: {}
[318.152368] (-) TimerEvent: {}
[318.253945] (-) TimerEvent: {}
[318.355972] (-) TimerEvent: {}
[318.457662] (-) TimerEvent: {}
[318.559492] (-) TimerEvent: {}
[318.661162] (-) TimerEvent: {}
[318.762896] (-) TimerEvent: {}
[318.864475] (-) TimerEvent: {}
[318.966028] (-) TimerEvent: {}
[319.067760] (-) TimerEvent: {}
[319.169509] (-) TimerEvent: {}
[319.271189] (-) TimerEvent: {}
[319.373116] (-) TimerEvent: {}
[319.474583] (-) TimerEvent: {}
[319.576113] (-) TimerEvent: {}
[319.677657] (-) TimerEvent: {}
[319.779699] (-) TimerEvent: {}
[319.881944] (-) TimerEvent: {}
[319.983702] (-) TimerEvent: {}
[320.085367] (-) TimerEvent: {}
[320.186924] (-) TimerEvent: {}
[320.288553] (-) TimerEvent: {}
[320.390359] (-) TimerEvent: {}
[320.492075] (-) TimerEvent: {}
[320.593605] (-) TimerEvent: {}
[320.695388] (-) TimerEvent: {}
[320.797466] (-) TimerEvent: {}
[320.898956] (-) TimerEvent: {}
[321.000437] (-) TimerEvent: {}
[321.102824] (-) TimerEvent: {}
[321.204402] (-) TimerEvent: {}
[321.306276] (-) TimerEvent: {}
[321.409039] (-) TimerEvent: {}
[321.510827] (-) TimerEvent: {}
[321.612482] (-) TimerEvent: {}
[321.714460] (-) TimerEvent: {}
[321.816714] (-) TimerEvent: {}
[321.918460] (-) TimerEvent: {}
[322.020216] (-) TimerEvent: {}
[322.121976] (-) TimerEvent: {}
[322.223848] (-) TimerEvent: {}
[322.325512] (-) TimerEvent: {}
[322.427098] (-) TimerEvent: {}
[322.528941] (-) TimerEvent: {}
[322.630779] (-) TimerEvent: {}
[322.732407] (-) TimerEvent: {}
[322.834068] (-) TimerEvent: {}
[322.935991] (-) TimerEvent: {}
[323.037758] (-) TimerEvent: {}
[323.139302] (-) TimerEvent: {}
[323.241023] (-) TimerEvent: {}
[323.342744] (-) TimerEvent: {}
[323.444315] (-) TimerEvent: {}
[323.545937] (-) TimerEvent: {}
[323.647335] (-) TimerEvent: {}
[323.749116] (-) TimerEvent: {}
[323.852078] (-) TimerEvent: {}
[323.954192] (-) TimerEvent: {}
[324.055829] (-) TimerEvent: {}
[324.157564] (-) TimerEvent: {}
[324.259569] (-) TimerEvent: {}
[324.362351] (-) TimerEvent: {}
[324.464161] (-) TimerEvent: {}
[324.566528] (-) TimerEvent: {}
[324.667975] (-) TimerEvent: {}
[324.769708] (-) TimerEvent: {}
[324.871369] (-) TimerEvent: {}
[324.973286] (-) TimerEvent: {}
[325.075148] (-) TimerEvent: {}
[325.176945] (-) TimerEvent: {}
[325.278655] (-) TimerEvent: {}
[325.381791] (-) TimerEvent: {}
[325.483998] (-) TimerEvent: {}
[325.586131] (-) TimerEvent: {}
[325.688004] (-) TimerEvent: {}
[325.789506] (-) TimerEvent: {}
[325.891229] (-) TimerEvent: {}
[325.994273] (-) TimerEvent: {}
[326.095980] (-) TimerEvent: {}
[326.198676] (-) TimerEvent: {}
[326.300274] (-) TimerEvent: {}
[326.401712] (-) TimerEvent: {}
[326.503272] (-) TimerEvent: {}
[326.605178] (-) TimerEvent: {}
[326.706890] (-) TimerEvent: {}
[326.808487] (-) TimerEvent: {}
[326.910663] (-) TimerEvent: {}
[327.013032] (-) TimerEvent: {}
[327.114878] (-) TimerEvent: {}
[327.216547] (-) TimerEvent: {}
[327.318229] (-) TimerEvent: {}
[327.419820] (-) TimerEvent: {}
[327.521524] (-) TimerEvent: {}
[327.623681] (-) TimerEvent: {}
[327.725998] (-) TimerEvent: {}
[327.827511] (-) TimerEvent: {}
[327.929172] (-) TimerEvent: {}
[328.030813] (-) TimerEvent: {}
[328.132367] (-) TimerEvent: {}
[328.234354] (-) TimerEvent: {}
[328.336131] (-) TimerEvent: {}
[328.437607] (-) TimerEvent: {}
[328.539486] (-) TimerEvent: {}
[328.642975] (-) TimerEvent: {}
[328.745045] (-) TimerEvent: {}
[328.846886] (-) TimerEvent: {}
[328.948771] (-) TimerEvent: {}
[329.050432] (-) TimerEvent: {}
[329.152165] (-) TimerEvent: {}
[329.253750] (-) TimerEvent: {}
[329.355140] (-) TimerEvent: {}
[329.457655] (-) TimerEvent: {}
[329.559888] (-) TimerEvent: {}
[329.661465] (-) TimerEvent: {}
[329.763389] (-) TimerEvent: {}
[329.864896] (-) TimerEvent: {}
[329.966561] (-) TimerEvent: {}
[330.068220] (-) TimerEvent: {}
[330.170907] (-) TimerEvent: {}
[330.272736] (-) TimerEvent: {}
[330.375305] (-) TimerEvent: {}
[330.478264] (-) TimerEvent: {}
[330.579676] (-) TimerEvent: {}
[330.681312] (-) TimerEvent: {}
[330.783810] (-) TimerEvent: {}
[330.887144] (-) TimerEvent: {}
[330.988747] (-) TimerEvent: {}
[331.090449] (-) TimerEvent: {}
[331.192492] (-) TimerEvent: {}
[331.295705] (-) TimerEvent: {}
[331.398899] (-) TimerEvent: {}
[331.500699] (-) TimerEvent: {}
[331.602742] (-) TimerEvent: {}
[331.705849] (-) TimerEvent: {}
[331.807482] (-) TimerEvent: {}
[331.909207] (-) TimerEvent: {}
[332.012313] (-) TimerEvent: {}
[332.114355] (-) TimerEvent: {}
[332.220607] (-) TimerEvent: {}
[332.322520] (-) TimerEvent: {}
[332.424601] (-) TimerEvent: {}
[332.526893] (-) TimerEvent: {}
[332.629063] (-) TimerEvent: {}
[332.731564] (-) TimerEvent: {}
[332.833377] (-) TimerEvent: {}
[332.935833] (-) TimerEvent: {}
[333.038008] (-) TimerEvent: {}
[333.139794] (-) TimerEvent: {}
[333.241871] (-) TimerEvent: {}
[333.344557] (-) TimerEvent: {}
[333.446565] (-) TimerEvent: {}
[333.549029] (-) TimerEvent: {}
[333.650591] (-) TimerEvent: {}
[333.752293] (-) TimerEvent: {}
[333.854064] (-) TimerEvent: {}
[333.956039] (-) TimerEvent: {}
[334.057863] (-) TimerEvent: {}
[334.160694] (-) TimerEvent: {}
[334.262636] (-) TimerEvent: {}
[334.364191] (-) TimerEvent: {}
[334.465874] (-) TimerEvent: {}
[334.567664] (-) TimerEvent: {}
[334.669848] (-) TimerEvent: {}
[334.771809] (-) TimerEvent: {}
[334.873303] (-) TimerEvent: {}
[334.974866] (-) TimerEvent: {}
[335.078807] (-) TimerEvent: {}
[335.182181] (-) TimerEvent: {}
[335.284496] (-) TimerEvent: {}
[335.386392] (-) TimerEvent: {}
[335.488209] (-) TimerEvent: {}
[335.591056] (-) TimerEvent: {}
[335.692855] (-) TimerEvent: {}
[335.794533] (-) TimerEvent: {}
[335.896024] (-) TimerEvent: {}
[335.997583] (-) TimerEvent: {}
[336.099429] (-) TimerEvent: {}
[336.201516] (-) TimerEvent: {}
[336.302933] (-) TimerEvent: {}
[336.405712] (-) TimerEvent: {}
[336.507715] (-) TimerEvent: {}
[336.615041] (-) TimerEvent: {}
[336.716948] (-) TimerEvent: {}
[336.818546] (-) TimerEvent: {}
[336.920530] (-) TimerEvent: {}
[337.021994] (-) TimerEvent: {}
[337.123790] (-) TimerEvent: {}
[337.226013] (-) TimerEvent: {}
[337.329780] (-) TimerEvent: {}
[337.431714] (-) TimerEvent: {}
[337.533370] (-) TimerEvent: {}
[337.635273] (-) TimerEvent: {}
[337.737174] (-) TimerEvent: {}
[337.839533] (-) TimerEvent: {}
[337.941965] (-) TimerEvent: {}
[338.043532] (-) TimerEvent: {}
[338.145267] (-) TimerEvent: {}
[338.246771] (-) TimerEvent: {}
[338.348595] (-) TimerEvent: {}
[338.451214] (-) TimerEvent: {}
[338.552998] (-) TimerEvent: {}
[338.654693] (-) TimerEvent: {}
[338.756902] (-) TimerEvent: {}
[338.858647] (-) TimerEvent: {}
[338.961043] (-) TimerEvent: {}
[339.062706] (-) TimerEvent: {}
[339.165673] (-) TimerEvent: {}
[339.267342] (-) TimerEvent: {}
[339.369030] (-) TimerEvent: {}
[339.470406] (-) TimerEvent: {}
[339.572057] (-) TimerEvent: {}
[339.673310] (-) TimerEvent: {}
[339.774917] (-) TimerEvent: {}
[339.876618] (-) TimerEvent: {}
[339.978121] (-) TimerEvent: {}
[340.080094] (-) TimerEvent: {}
[340.181599] (-) TimerEvent: {}
[340.282844] (-) TimerEvent: {}
[340.384818] (-) TimerEvent: {}
[340.487809] (-) TimerEvent: {}
[340.589481] (-) TimerEvent: {}
[340.691881] (-) TimerEvent: {}
[340.794294] (-) TimerEvent: {}
[340.896801] (-) TimerEvent: {}
[340.998798] (-) TimerEvent: {}
[341.100558] (-) TimerEvent: {}
[341.202064] (-) TimerEvent: {}
[341.303799] (-) TimerEvent: {}
[341.405907] (-) TimerEvent: {}
[341.508185] (-) TimerEvent: {}
[341.610757] (-) TimerEvent: {}
[341.712827] (-) TimerEvent: {}
[341.814668] (-) TimerEvent: {}
[341.917736] (-) TimerEvent: {}
[342.020155] (-) TimerEvent: {}
[342.122254] (-) TimerEvent: {}
[342.223741] (-) TimerEvent: {}
[342.325122] (-) TimerEvent: {}
[342.426676] (-) TimerEvent: {}
[342.528517] (-) TimerEvent: {}
[342.631119] (-) TimerEvent: {}
[342.732811] (-) TimerEvent: {}
[342.834631] (-) TimerEvent: {}
[342.937951] (-) TimerEvent: {}
[343.039560] (-) TimerEvent: {}
[343.141341] (-) TimerEvent: {}
[343.243240] (-) TimerEvent: {}
[343.345039] (-) TimerEvent: {}
[343.446838] (-) TimerEvent: {}
[343.548694] (-) TimerEvent: {}
[343.650397] (-) TimerEvent: {}
[343.752034] (-) TimerEvent: {}
[343.853888] (-) TimerEvent: {}
[343.955785] (-) TimerEvent: {}
[344.057533] (-) TimerEvent: {}
[344.161133] (-) TimerEvent: {}
[344.263483] (-) TimerEvent: {}
[344.365126] (-) TimerEvent: {}
[344.466723] (-) TimerEvent: {}
[344.568316] (-) TimerEvent: {}
[344.669940] (-) TimerEvent: {}
[344.771742] (-) TimerEvent: {}
[344.873377] (-) TimerEvent: {}
[344.975213] (-) TimerEvent: {}
[345.076909] (-) TimerEvent: {}
[345.178435] (-) TimerEvent: {}
[345.282070] (-) TimerEvent: {}
[345.383675] (-) TimerEvent: {}
[345.486789] (-) TimerEvent: {}
[345.588925] (-) TimerEvent: {}
[345.691246] (-) TimerEvent: {}
[345.792727] (-) TimerEvent: {}
[345.894962] (-) TimerEvent: {}
[345.998091] (-) TimerEvent: {}
[346.101500] (-) TimerEvent: {}
[346.203160] (-) TimerEvent: {}
[346.305610] (-) TimerEvent: {}
[346.408591] (-) TimerEvent: {}
[346.511179] (-) TimerEvent: {}
[346.612683] (-) TimerEvent: {}
[346.715152] (-) TimerEvent: {}
[346.817870] (-) TimerEvent: {}
[346.921073] (-) TimerEvent: {}
[347.022828] (-) TimerEvent: {}
[347.124542] (-) TimerEvent: {}
[347.226181] (-) TimerEvent: {}
[347.329506] (-) TimerEvent: {}
[347.431418] (-) TimerEvent: {}
[347.533273] (-) TimerEvent: {}
[347.634952] (-) TimerEvent: {}
[347.737573] (-) TimerEvent: {}
[347.839160] (-) TimerEvent: {}
[347.941098] (-) TimerEvent: {}
[348.042938] (-) TimerEvent: {}
[348.144593] (-) TimerEvent: {}
[348.246224] (-) TimerEvent: {}
[348.348829] (-) TimerEvent: {}
[348.450492] (-) TimerEvent: {}
[348.552078] (-) TimerEvent: {}
[348.653838] (-) TimerEvent: {}
[348.755859] (-) TimerEvent: {}
[348.857494] (-) TimerEvent: {}
[348.959142] (-) TimerEvent: {}
[349.060751] (-) TimerEvent: {}
[349.162720] (-) TimerEvent: {}
[349.264525] (-) TimerEvent: {}
[349.366183] (-) TimerEvent: {}
[349.467805] (-) TimerEvent: {}
[349.569273] (-) TimerEvent: {}
[349.670483] (-) TimerEvent: {}
[349.771829] (-) TimerEvent: {}
[349.873157] (-) TimerEvent: {}
[349.975185] (-) TimerEvent: {}
[350.078981] (-) TimerEvent: {}
[350.181681] (-) TimerEvent: {}
[350.284883] (-) TimerEvent: {}
[350.386571] (-) TimerEvent: {}
[350.488028] (-) TimerEvent: {}
[350.589400] (-) TimerEvent: {}
[350.691824] (-) TimerEvent: {}
[350.796188] (-) TimerEvent: {}
[350.898529] (-) TimerEvent: {}
[351.000282] (-) TimerEvent: {}
[351.101878] (-) TimerEvent: {}
[351.203512] (-) TimerEvent: {}
[351.305276] (-) TimerEvent: {}
[351.407172] (-) TimerEvent: {}
[351.508783] (-) TimerEvent: {}
[351.610609] (-) TimerEvent: {}
[351.712700] (-) TimerEvent: {}
[351.814534] (-) TimerEvent: {}
[351.917100] (-) TimerEvent: {}
[352.019232] (-) TimerEvent: {}
[352.122484] (-) TimerEvent: {}
[352.224006] (-) TimerEvent: {}
[352.326565] (-) TimerEvent: {}
[352.428838] (-) TimerEvent: {}
[352.530827] (-) TimerEvent: {}
[352.632764] (-) TimerEvent: {}
[352.735444] (-) TimerEvent: {}
[352.837840] (-) TimerEvent: {}
[352.939388] (-) TimerEvent: {}
[353.041162] (-) TimerEvent: {}
[353.142873] (-) TimerEvent: {}
[353.244639] (-) TimerEvent: {}
[353.346228] (-) TimerEvent: {}
[353.447658] (-) TimerEvent: {}
[353.551437] (-) TimerEvent: {}
[353.655867] (-) TimerEvent: {}
[353.757771] (-) TimerEvent: {}
[353.859861] (-) TimerEvent: {}
[353.961398] (-) TimerEvent: {}
[354.063464] (-) TimerEvent: {}
[354.165877] (-) TimerEvent: {}
[354.267324] (-) TimerEvent: {}
[354.369165] (-) TimerEvent: {}
[354.470657] (-) TimerEvent: {}
[354.572465] (-) TimerEvent: {}
[354.673895] (-) TimerEvent: {}
[354.775480] (-) TimerEvent: {}
[354.877545] (-) TimerEvent: {}
[354.979348] (-) TimerEvent: {}
[355.081062] (-) TimerEvent: {}
[355.184092] (-) TimerEvent: {}
[355.286447] (-) TimerEvent: {}
[355.389446] (-) TimerEvent: {}
[355.491001] (-) TimerEvent: {}
[355.592594] (-) TimerEvent: {}
[355.694075] (-) TimerEvent: {}
[355.795963] (-) TimerEvent: {}
[355.897580] (-) TimerEvent: {}
[356.000370] (-) TimerEvent: {}
[356.101990] (-) TimerEvent: {}
[356.203771] (-) TimerEvent: {}
[356.305810] (-) TimerEvent: {}
[356.407764] (-) TimerEvent: {}
[356.509731] (-) TimerEvent: {}
[356.611412] (-) TimerEvent: {}
[356.714239] (-) TimerEvent: {}
[356.816370] (-) TimerEvent: {}
[356.918226] (-) TimerEvent: {}
[357.020775] (-) TimerEvent: {}
[357.123791] (-) TimerEvent: {}
[357.227076] (-) TimerEvent: {}
[357.332470] (-) TimerEvent: {}
[357.435327] (-) TimerEvent: {}
[357.539985] (-) TimerEvent: {}
[357.643944] (-) TimerEvent: {}
[357.745615] (-) TimerEvent: {}
[357.848491] (-) TimerEvent: {}
[357.950398] (-) TimerEvent: {}
[358.051948] (-) TimerEvent: {}
[358.153658] (-) TimerEvent: {}
[358.255360] (-) TimerEvent: {}
[358.357466] (-) TimerEvent: {}
[358.459377] (-) TimerEvent: {}
[358.561048] (-) TimerEvent: {}
[358.662625] (-) TimerEvent: {}
[358.764595] (-) TimerEvent: {}
[358.866179] (-) TimerEvent: {}
[358.968450] (-) TimerEvent: {}
[359.070139] (-) TimerEvent: {}
[359.172078] (-) TimerEvent: {}
[359.273987] (-) TimerEvent: {}
[359.376308] (-) TimerEvent: {}
[359.478331] (-) TimerEvent: {}
[359.580948] (-) TimerEvent: {}
[359.685607] (-) TimerEvent: {}
[359.789177] (-) TimerEvent: {}
[359.892366] (-) TimerEvent: {}
[359.995241] (-) TimerEvent: {}
[360.098018] (-) TimerEvent: {}
[360.199460] (-) TimerEvent: {}
[360.301402] (-) TimerEvent: {}
[360.402743] (-) TimerEvent: {}
[360.504605] (-) TimerEvent: {}
[360.606141] (-) TimerEvent: {}
[360.708065] (-) TimerEvent: {}
[360.811207] (-) TimerEvent: {}
[360.912822] (-) TimerEvent: {}
[361.014247] (-) TimerEvent: {}
[361.115828] (-) TimerEvent: {}
[361.217419] (-) TimerEvent: {}
[361.318948] (-) TimerEvent: {}
[361.420728] (-) TimerEvent: {}
[361.522338] (-) TimerEvent: {}
[361.625213] (-) TimerEvent: {}
[361.726932] (-) TimerEvent: {}
[361.829680] (-) TimerEvent: {}
[361.932416] (-) TimerEvent: {}
[362.035118] (-) TimerEvent: {}
[362.137943] (-) TimerEvent: {}
[362.239435] (-) TimerEvent: {}
[362.341567] (-) TimerEvent: {}
[362.443309] (-) TimerEvent: {}
[362.545433] (-) TimerEvent: {}
[362.647389] (-) TimerEvent: {}
[362.749394] (-) TimerEvent: {}
[362.850845] (-) TimerEvent: {}
[362.952598] (-) TimerEvent: {}
[363.054177] (-) TimerEvent: {}
[363.155684] (-) TimerEvent: {}
[363.257196] (-) TimerEvent: {}
[363.359495] (-) TimerEvent: {}
[363.463110] (-) TimerEvent: {}
[363.564710] (-) TimerEvent: {}
[363.666214] (-) TimerEvent: {}
[363.768101] (-) TimerEvent: {}
[363.869857] (-) TimerEvent: {}
[363.974303] (-) TimerEvent: {}
[364.077276] (-) TimerEvent: {}
[364.179046] (-) TimerEvent: {}
[364.280648] (-) TimerEvent: {}
[364.382302] (-) TimerEvent: {}
[364.484354] (-) TimerEvent: {}
[364.585748] (-) TimerEvent: {}
[364.687494] (-) TimerEvent: {}
[364.789093] (-) TimerEvent: {}
[364.890541] (-) TimerEvent: {}
[364.992194] (-) TimerEvent: {}
[365.093736] (-) TimerEvent: {}
[365.195855] (-) TimerEvent: {}
[365.298389] (-) TimerEvent: {}
[365.404706] (-) TimerEvent: {}
[365.508227] (-) TimerEvent: {}
[365.609942] (-) TimerEvent: {}
[365.712311] (-) TimerEvent: {}
[365.813741] (-) TimerEvent: {}
[365.915315] (-) TimerEvent: {}
[366.017049] (-) TimerEvent: {}
[366.118976] (-) TimerEvent: {}
[366.222066] (-) TimerEvent: {}
[366.324814] (-) TimerEvent: {}
[366.427340] (-) TimerEvent: {}
[366.530143] (-) TimerEvent: {}
[366.631988] (-) TimerEvent: {}
[366.734481] (-) TimerEvent: {}
[366.837879] (-) TimerEvent: {}
[366.941250] (-) TimerEvent: {}
[367.044499] (-) TimerEvent: {}
[367.147394] (-) TimerEvent: {}
[367.249303] (-) TimerEvent: {}
[367.351997] (-) TimerEvent: {}
[367.454723] (-) TimerEvent: {}
[367.556957] (-) TimerEvent: {}
[367.658802] (-) TimerEvent: {}
[367.760390] (-) TimerEvent: {}
[367.867282] (-) TimerEvent: {}
[367.973209] (-) TimerEvent: {}
[368.076408] (-) TimerEvent: {}
[368.179272] (-) TimerEvent: {}
[368.286154] (-) TimerEvent: {}
[368.388135] (-) TimerEvent: {}
[368.490494] (-) TimerEvent: {}
[368.593130] (-) TimerEvent: {}
[368.694901] (-) TimerEvent: {}
[368.796867] (-) TimerEvent: {}
[368.898597] (-) TimerEvent: {}
[369.000377] (-) TimerEvent: {}
[369.102038] (-) TimerEvent: {}
[369.203548] (-) TimerEvent: {}
[369.305298] (-) TimerEvent: {}
[369.406832] (-) TimerEvent: {}
[369.508557] (-) TimerEvent: {}
[369.610270] (-) TimerEvent: {}
[369.713376] (-) TimerEvent: {}
[369.815089] (-) TimerEvent: {}
[369.916991] (-) TimerEvent: {}
[370.018796] (-) TimerEvent: {}
[370.120306] (-) TimerEvent: {}
[370.221745] (-) TimerEvent: {}
[370.324824] (-) TimerEvent: {}
[370.427953] (-) TimerEvent: {}
[370.529918] (-) TimerEvent: {}
[370.633187] (-) TimerEvent: {}
[370.734857] (-) TimerEvent: {}
[370.836767] (-) TimerEvent: {}
[370.939681] (-) TimerEvent: {}
[371.041291] (-) TimerEvent: {}
[371.142810] (-) TimerEvent: {}
[371.244457] (-) TimerEvent: {}
[371.346281] (-) TimerEvent: {}
[371.447928] (-) TimerEvent: {}
[371.549489] (-) TimerEvent: {}
[371.651010] (-) TimerEvent: {}
[371.752786] (-) TimerEvent: {}
[371.854746] (-) TimerEvent: {}
[371.956432] (-) TimerEvent: {}
[373.690043] (-) TimerEvent: {}
[373.791835] (-) TimerEvent: {}
[373.894172] (-) TimerEvent: {}
[373.996851] (-) TimerEvent: {}
[374.098615] (-) TimerEvent: {}
[374.200263] (-) TimerEvent: {}
[374.301942] (-) TimerEvent: {}
[374.403425] (-) TimerEvent: {}
[374.505282] (-) TimerEvent: {}
[374.606952] (-) TimerEvent: {}
[374.709023] (-) TimerEvent: {}
[374.811515] (-) TimerEvent: {}
[374.913357] (-) TimerEvent: {}
[375.016046] (-) TimerEvent: {}
[375.118565] (-) TimerEvent: {}
[375.221125] (-) TimerEvent: {}
[375.324423] (-) TimerEvent: {}
[375.426676] (-) TimerEvent: {}
[375.530182] (-) TimerEvent: {}
[375.631659] (-) TimerEvent: {}
[375.733425] (-) TimerEvent: {}
[375.835879] (-) TimerEvent: {}
[375.938053] (-) TimerEvent: {}
[376.039537] (-) TimerEvent: {}
[376.141398] (-) TimerEvent: {}
[376.243190] (-) TimerEvent: {}
[376.346641] (-) TimerEvent: {}
[376.448540] (-) TimerEvent: {}
[376.550639] (-) TimerEvent: {}
[376.653257] (-) TimerEvent: {}
[376.754997] (-) TimerEvent: {}
[376.857518] (-) TimerEvent: {}
[376.960278] (-) TimerEvent: {}
[377.061819] (-) TimerEvent: {}
[377.396332] (-) TimerEvent: {}
[377.498156] (-) TimerEvent: {}
[377.599799] (-) TimerEvent: {}
[377.701490] (-) TimerEvent: {}
[377.803284] (-) TimerEvent: {}
[377.904949] (-) TimerEvent: {}
[378.006551] (-) TimerEvent: {}
[378.108132] (-) TimerEvent: {}
[378.209853] (-) TimerEvent: {}
[378.313877] (-) TimerEvent: {}
[378.415776] (-) TimerEvent: {}
[378.517379] (-) TimerEvent: {}
[378.619122] (-) TimerEvent: {}
[378.720835] (-) TimerEvent: {}
[378.822506] (-) TimerEvent: {}
[378.924409] (-) TimerEvent: {}
[379.026137] (-) TimerEvent: {}
[379.127893] (-) TimerEvent: {}
[379.230504] (-) TimerEvent: {}
[379.332734] (-) TimerEvent: {}
[379.435845] (-) TimerEvent: {}
[379.537256] (-) TimerEvent: {}
[379.639210] (-) TimerEvent: {}
[379.740742] (-) TimerEvent: {}
[379.842289] (-) TimerEvent: {}
[379.943891] (-) TimerEvent: {}
[380.045371] (-) TimerEvent: {}
[380.147015] (-) TimerEvent: {}
[380.248606] (-) TimerEvent: {}
[380.361940] (-) TimerEvent: {}
[380.504938] (-) TimerEvent: {}
[380.609088] (-) TimerEvent: {}
[380.710689] (-) TimerEvent: {}
[380.812434] (-) TimerEvent: {}
[380.914087] (-) TimerEvent: {}
[381.015765] (-) TimerEvent: {}
[381.117667] (-) TimerEvent: {}
[381.219185] (-) TimerEvent: {}
[381.322046] (-) TimerEvent: {}
[381.423956] (-) TimerEvent: {}
[381.525481] (-) TimerEvent: {}
[381.628321] (-) TimerEvent: {}
[381.732097] (-) TimerEvent: {}
[381.834747] (-) TimerEvent: {}
[381.936570] (-) TimerEvent: {}
[382.038196] (-) TimerEvent: {}
[382.139896] (-) TimerEvent: {}
[382.241888] (-) TimerEvent: {}
[382.343221] (-) TimerEvent: {}
[382.444734] (-) TimerEvent: {}
[382.546080] (-) TimerEvent: {}
[382.647540] (-) TimerEvent: {}
[382.749698] (-) TimerEvent: {}
[382.851300] (-) TimerEvent: {}
[382.952843] (-) TimerEvent: {}
[383.054160] (-) TimerEvent: {}
[383.155898] (-) TimerEvent: {}
[383.257510] (-) TimerEvent: {}
[383.359150] (-) TimerEvent: {}
[383.461067] (-) TimerEvent: {}
[383.562875] (-) TimerEvent: {}
[383.664615] (-) TimerEvent: {}
[383.766215] (-) TimerEvent: {}
[383.867911] (-) TimerEvent: {}
[383.969599] (-) TimerEvent: {}
[384.071173] (-) TimerEvent: {}
[384.173120] (-) TimerEvent: {}
[384.275023] (-) TimerEvent: {}
[384.376810] (-) TimerEvent: {}
[384.478243] (-) TimerEvent: {}
[384.579786] (-) TimerEvent: {}
[384.681479] (-) TimerEvent: {}
[384.783137] (-) TimerEvent: {}
[384.886741] (-) TimerEvent: {}
[384.988682] (-) TimerEvent: {}
[385.090295] (-) TimerEvent: {}
[385.191670] (-) TimerEvent: {}
[385.293262] (-) TimerEvent: {}
[385.394832] (-) TimerEvent: {}
[385.496576] (-) TimerEvent: {}
[385.598242] (-) TimerEvent: {}
[385.699848] (-) TimerEvent: {}
[385.801549] (-) TimerEvent: {}
[385.903283] (-) TimerEvent: {}
[386.005387] (-) TimerEvent: {}
[386.107135] (-) TimerEvent: {}
[386.208791] (-) TimerEvent: {}
[386.310531] (-) TimerEvent: {}
[386.413020] (-) TimerEvent: {}
[386.514826] (-) TimerEvent: {}
[386.616854] (-) TimerEvent: {}
[386.718514] (-) TimerEvent: {}
[386.820314] (-) TimerEvent: {}
[386.921882] (-) TimerEvent: {}
[387.023663] (-) TimerEvent: {}
[387.125279] (-) TimerEvent: {}
[387.226867] (-) TimerEvent: {}
[387.329270] (-) TimerEvent: {}
[387.430974] (-) TimerEvent: {}
[387.576153] (-) TimerEvent: {}
[387.678626] (-) TimerEvent: {}
[387.781182] (-) TimerEvent: {}
[387.882896] (-) TimerEvent: {}
[387.985579] (-) TimerEvent: {}
[388.088719] (-) TimerEvent: {}
[388.190958] (-) TimerEvent: {}
[388.293031] (-) TimerEvent: {}
[388.394578] (-) TimerEvent: {}
[388.496121] (-) TimerEvent: {}
[388.597538] (-) TimerEvent: {}
[388.699258] (-) TimerEvent: {}
[388.801693] (-) TimerEvent: {}
[388.903131] (-) TimerEvent: {}
[389.004758] (-) TimerEvent: {}
[389.107169] (-) TimerEvent: {}
[389.208943] (-) TimerEvent: {}
[389.310611] (-) TimerEvent: {}
[389.413338] (-) TimerEvent: {}
[389.515163] (-) TimerEvent: {}
[389.616963] (-) TimerEvent: {}
[389.718759] (-) TimerEvent: {}
[389.820721] (-) TimerEvent: {}
[389.922540] (-) TimerEvent: {}
[390.024150] (-) TimerEvent: {}
[390.126009] (-) TimerEvent: {}
[390.227867] (-) TimerEvent: {}
[390.329587] (-) TimerEvent: {}
[390.431202] (-) TimerEvent: {}
[390.533046] (-) TimerEvent: {}
[390.634738] (-) TimerEvent: {}
[390.736507] (-) TimerEvent: {}
[390.838318] (-) TimerEvent: {}
[390.940173] (-) TimerEvent: {}
[391.041899] (-) TimerEvent: {}
[391.143825] (-) TimerEvent: {}
[391.245515] (-) TimerEvent: {}
[391.347223] (-) TimerEvent: {}
[391.448943] (-) TimerEvent: {}
[391.550576] (-) TimerEvent: {}
[391.652486] (-) TimerEvent: {}
[391.754117] (-) TimerEvent: {}
[391.855814] (-) TimerEvent: {}
[391.957351] (-) TimerEvent: {}
[392.058961] (-) TimerEvent: {}
[392.160913] (-) TimerEvent: {}
[392.262864] (-) TimerEvent: {}
[392.860998] (-) TimerEvent: {}
[392.962541] (-) TimerEvent: {}
[393.064545] (-) TimerEvent: {}
[393.165939] (-) TimerEvent: {}
[393.267688] (-) TimerEvent: {}
[393.370320] (-) TimerEvent: {}
[393.473087] (-) TimerEvent: {}
[393.574810] (-) TimerEvent: {}
[393.676732] (-) TimerEvent: {}
[393.780592] (-) TimerEvent: {}
[393.883702] (-) TimerEvent: {}
[393.985318] (-) TimerEvent: {}
[394.087011] (-) TimerEvent: {}
[394.189136] (-) TimerEvent: {}
[394.290761] (-) TimerEvent: {}
[394.393725] (-) TimerEvent: {}
[394.495533] (-) TimerEvent: {}
[394.597701] (-) TimerEvent: {}
[394.699827] (-) TimerEvent: {}
[394.801666] (-) TimerEvent: {}
[394.903667] (-) TimerEvent: {}
[395.006173] (-) TimerEvent: {}
[395.107924] (-) TimerEvent: {}
[395.209382] (-) TimerEvent: {}
[395.311300] (-) TimerEvent: {}
[395.412858] (-) TimerEvent: {}
[395.514469] (-) TimerEvent: {}
[395.616039] (-) TimerEvent: {}
[395.717473] (-) TimerEvent: {}
[395.821237] (-) TimerEvent: {}
[395.924101] (-) TimerEvent: {}
[396.026947] (-) TimerEvent: {}
[396.128916] (-) TimerEvent: {}
[396.231047] (-) TimerEvent: {}
[396.333065] (-) TimerEvent: {}
[396.436196] (-) TimerEvent: {}
[396.538706] (-) TimerEvent: {}
[396.641705] (-) TimerEvent: {}
[396.743802] (-) TimerEvent: {}
[396.847752] (-) TimerEvent: {}
[396.949372] (-) TimerEvent: {}
[397.052096] (-) TimerEvent: {}
[397.153874] (-) TimerEvent: {}
[397.255321] (-) TimerEvent: {}
[398.260992] (-) TimerEvent: {}
[398.362791] (-) TimerEvent: {}
[398.464839] (-) TimerEvent: {}
[398.566786] (-) TimerEvent: {}
[398.669615] (-) TimerEvent: {}
[398.772122] (-) TimerEvent: {}
[398.874291] (-) TimerEvent: {}
[398.976715] (-) TimerEvent: {}
[399.078554] (-) TimerEvent: {}
[399.181402] (-) TimerEvent: {}
[399.283135] (-) TimerEvent: {}
[399.385102] (-) TimerEvent: {}
[399.487160] (-) TimerEvent: {}
[399.589728] (-) TimerEvent: {}
[399.692190] (-) TimerEvent: {}
[399.794228] (-) TimerEvent: {}
[399.896431] (-) TimerEvent: {}
[399.997927] (-) TimerEvent: {}
[400.099685] (-) TimerEvent: {}
[400.202186] (-) TimerEvent: {}
[400.305703] (-) TimerEvent: {}
[400.407508] (-) TimerEvent: {}
[400.509223] (-) TimerEvent: {}
[400.610619] (-) TimerEvent: {}
[400.712427] (-) TimerEvent: {}
[400.814279] (-) TimerEvent: {}
[400.916009] (-) TimerEvent: {}
[401.017854] (-) TimerEvent: {}
[401.119666] (-) TimerEvent: {}
[401.221281] (-) TimerEvent: {}
[401.323074] (-) TimerEvent: {}
[401.424918] (-) TimerEvent: {}
[401.526729] (-) TimerEvent: {}
[401.628616] (-) TimerEvent: {}
[401.730438] (-) TimerEvent: {}
[401.832345] (-) TimerEvent: {}
[401.934151] (-) TimerEvent: {}
[402.035847] (-) TimerEvent: {}
[402.138581] (-) TimerEvent: {}
[402.241409] (-) TimerEvent: {}
[402.343110] (-) TimerEvent: {}
[402.454505] (-) TimerEvent: {}
[402.557352] (-) TimerEvent: {}
[402.659905] (-) TimerEvent: {}
[402.761518] (-) TimerEvent: {}
[402.863108] (-) TimerEvent: {}
[402.965429] (-) TimerEvent: {}
[403.068449] (-) TimerEvent: {}
[403.171911] (-) TimerEvent: {}
[403.273579] (-) TimerEvent: {}
[403.375310] (-) TimerEvent: {}
[403.478900] (-) TimerEvent: {}
[403.580701] (-) TimerEvent: {}
[403.684877] (-) TimerEvent: {}
[403.787760] (-) TimerEvent: {}
[403.889235] (-) TimerEvent: {}
[403.990813] (-) TimerEvent: {}
[404.092418] (-) TimerEvent: {}
[404.194288] (-) TimerEvent: {}
[404.296964] (-) TimerEvent: {}
[404.398895] (-) TimerEvent: {}
[404.501537] (-) TimerEvent: {}
[404.603062] (-) TimerEvent: {}
[404.704742] (-) TimerEvent: {}
[404.807353] (-) TimerEvent: {}
[404.909132] (-) TimerEvent: {}
[405.011329] (-) TimerEvent: {}
[405.113722] (-) TimerEvent: {}
[405.216047] (-) TimerEvent: {}
[405.318411] (-) TimerEvent: {}
[405.421414] (-) TimerEvent: {}
[405.523090] (-) TimerEvent: {}
[405.624766] (-) TimerEvent: {}
[405.726429] (-) TimerEvent: {}
[405.828517] (-) TimerEvent: {}
[405.930637] (-) TimerEvent: {}
[406.033428] (-) TimerEvent: {}
[406.135372] (-) TimerEvent: {}
[406.239087] (-) TimerEvent: {}
[406.341873] (-) TimerEvent: {}
[406.443719] (-) TimerEvent: {}
[406.545067] (-) TimerEvent: {}
[406.646704] (-) TimerEvent: {}
[406.748447] (-) TimerEvent: {}
[406.850452] (-) TimerEvent: {}
[406.957430] (-) TimerEvent: {}
[407.060809] (-) TimerEvent: {}
[407.162391] (-) TimerEvent: {}
[407.263892] (-) TimerEvent: {}
[407.365792] (-) TimerEvent: {}
[407.467900] (-) TimerEvent: {}
[407.570461] (-) TimerEvent: {}
[407.671987] (-) TimerEvent: {}
[407.773617] (-) TimerEvent: {}
[407.875363] (-) TimerEvent: {}
[407.976930] (-) TimerEvent: {}
[408.079389] (-) TimerEvent: {}
[408.182500] (-) TimerEvent: {}
[408.284605] (-) TimerEvent: {}
[408.387344] (-) TimerEvent: {}
[408.490491] (-) TimerEvent: {}
[408.592662] (-) TimerEvent: {}
[408.695067] (-) TimerEvent: {}
[408.797025] (-) TimerEvent: {}
[408.898558] (-) TimerEvent: {}
[409.000985] (-) TimerEvent: {}
[409.103755] (-) TimerEvent: {}
[409.205845] (-) TimerEvent: {}
[409.308922] (-) TimerEvent: {}
[409.412657] (-) TimerEvent: {}
[409.514117] (-) TimerEvent: {}
[409.615775] (-) TimerEvent: {}
[409.717918] (-) TimerEvent: {}
[409.819555] (-) TimerEvent: {}
[409.922390] (-) TimerEvent: {}
[410.024425] (-) TimerEvent: {}
[410.127074] (-) TimerEvent: {}
[410.228719] (-) TimerEvent: {}
[410.330331] (-) TimerEvent: {}
[410.432410] (-) TimerEvent: {}
[411.792597] (-) TimerEvent: {}
[411.937636] (-) TimerEvent: {}
[412.039089] (-) TimerEvent: {}
[412.140646] (-) TimerEvent: {}
[412.242275] (-) TimerEvent: {}
[412.345070] (-) TimerEvent: {}
[412.446933] (-) TimerEvent: {}
[412.549309] (-) TimerEvent: {}
[412.652586] (-) TimerEvent: {}
[412.754353] (-) TimerEvent: {}
[412.855953] (-) TimerEvent: {}
[412.958829] (-) TimerEvent: {}
[413.061367] (-) TimerEvent: {}
[413.164083] (-) TimerEvent: {}
[413.266538] (-) TimerEvent: {}
[413.369365] (-) TimerEvent: {}
[413.472331] (-) TimerEvent: {}
[413.574267] (-) TimerEvent: {}
[413.676812] (-) TimerEvent: {}
[413.778345] (-) TimerEvent: {}
[413.879887] (-) TimerEvent: {}
[413.981402] (-) TimerEvent: {}
[414.082981] (-) TimerEvent: {}
[414.184661] (-) TimerEvent: {}
[414.286283] (-) TimerEvent: {}
[414.388103] (-) TimerEvent: {}
[414.489756] (-) TimerEvent: {}
[414.591484] (-) TimerEvent: {}
[414.693018] (-) TimerEvent: {}
[414.794724] (-) TimerEvent: {}
[414.896225] (-) TimerEvent: {}
[414.997865] (-) TimerEvent: {}
[415.099634] (-) TimerEvent: {}
[415.201366] (-) TimerEvent: {}
[415.303042] (-) TimerEvent: {}
[415.404649] (-) TimerEvent: {}
[415.506069] (-) TimerEvent: {}
[415.607852] (-) TimerEvent: {}
[415.709905] (-) TimerEvent: {}
[415.811508] (-) TimerEvent: {}
[415.913035] (-) TimerEvent: {}
[416.014585] (-) TimerEvent: {}
[416.116349] (-) TimerEvent: {}
[416.218443] (-) TimerEvent: {}
[416.321153] (-) TimerEvent: {}
[416.422660] (-) TimerEvent: {}
[416.524230] (-) TimerEvent: {}
[416.625907] (-) TimerEvent: {}
[416.728208] (-) TimerEvent: {}
[416.829836] (-) TimerEvent: {}
[416.931302] (-) TimerEvent: {}
[417.033895] (-) TimerEvent: {}
[417.136721] (-) TimerEvent: {}
[417.239238] (-) TimerEvent: {}
[417.340924] (-) TimerEvent: {}
[417.442786] (-) TimerEvent: {}
[417.883312] (-) TimerEvent: {}
[417.984994] (-) TimerEvent: {}
[418.086533] (-) TimerEvent: {}
[418.188260] (-) TimerEvent: {}
[418.289951] (-) TimerEvent: {}
[418.391690] (-) TimerEvent: {}
[418.493890] (-) TimerEvent: {}
[418.595419] (-) TimerEvent: {}
[418.697013] (-) TimerEvent: {}
[418.798617] (-) TimerEvent: {}
[418.900338] (-) TimerEvent: {}
[419.002128] (-) TimerEvent: {}
[419.103848] (-) TimerEvent: {}
[419.205604] (-) TimerEvent: {}
[419.308045] (-) TimerEvent: {}
[419.410724] (-) TimerEvent: {}
[419.512432] (-) TimerEvent: {}
[419.614104] (-) TimerEvent: {}
[419.715696] (-) TimerEvent: {}
[419.817403] (-) TimerEvent: {}
[419.919076] (-) TimerEvent: {}
[420.020834] (-) TimerEvent: {}
[420.123662] (-) TimerEvent: {}
[420.226293] (-) TimerEvent: {}
[420.328622] (-) TimerEvent: {}
[420.430293] (-) TimerEvent: {}
[420.531910] (-) TimerEvent: {}
[420.633788] (-) TimerEvent: {}
[420.735549] (-) TimerEvent: {}
[420.837415] (-) TimerEvent: {}
[420.939275] (-) TimerEvent: {}
[421.041219] (-) TimerEvent: {}
[421.143039] (-) TimerEvent: {}
[421.245064] (-) TimerEvent: {}
[421.346892] (-) TimerEvent: {}
[421.448632] (-) TimerEvent: {}
[421.550229] (-) TimerEvent: {}
[421.651900] (-) TimerEvent: {}
[421.753546] (-) TimerEvent: {}
[421.855127] (-) TimerEvent: {}
[421.956948] (-) TimerEvent: {}
[422.059119] (-) TimerEvent: {}
[422.160740] (-) TimerEvent: {}
[422.262549] (-) TimerEvent: {}
[422.364434] (-) TimerEvent: {}
[422.466042] (-) TimerEvent: {}
[422.567760] (-) TimerEvent: {}
[422.669340] (-) TimerEvent: {}
[422.771041] (-) TimerEvent: {}
[422.872756] (-) TimerEvent: {}
[422.974549] (-) TimerEvent: {}
[423.076171] (-) TimerEvent: {}
[423.177900] (-) TimerEvent: {}
[423.279707] (-) TimerEvent: {}
[423.381417] (-) TimerEvent: {}
[423.482967] (-) TimerEvent: {}
[423.584819] (-) TimerEvent: {}
[423.686210] (-) TimerEvent: {}
[423.788559] (-) TimerEvent: {}
[423.890273] (-) TimerEvent: {}
[423.992215] (-) TimerEvent: {}
[424.093475] (-) TimerEvent: {}
[424.195692] (-) TimerEvent: {}
[424.297263] (-) TimerEvent: {}
[424.398721] (-) TimerEvent: {}
[424.500257] (-) TimerEvent: {}
[424.601799] (-) TimerEvent: {}
[424.703397] (-) TimerEvent: {}
[424.805527] (-) TimerEvent: {}
[424.907191] (-) TimerEvent: {}
[425.008900] (-) TimerEvent: {}
[425.110542] (-) TimerEvent: {}
[425.213171] (-) TimerEvent: {}
[425.314789] (-) TimerEvent: {}
[425.416365] (-) TimerEvent: {}
[425.517843] (-) TimerEvent: {}
[425.625634] (-) TimerEvent: {}
[425.728033] (-) TimerEvent: {}
[425.831177] (-) TimerEvent: {}
[425.932701] (-) TimerEvent: {}
[426.034241] (-) TimerEvent: {}
[426.135889] (-) TimerEvent: {}
[426.237489] (-) TimerEvent: {}
[426.339705] (-) TimerEvent: {}
[426.441578] (-) TimerEvent: {}
[426.543249] (-) TimerEvent: {}
[426.644900] (-) TimerEvent: {}
[426.746556] (-) TimerEvent: {}
[426.848206] (-) TimerEvent: {}
[426.949825] (-) TimerEvent: {}
[427.051459] (-) TimerEvent: {}
[427.153343] (-) TimerEvent: {}
[427.255094] (-) TimerEvent: {}
[427.356978] (-) TimerEvent: {}
[427.458538] (-) TimerEvent: {}
[427.560393] (-) TimerEvent: {}
[427.662143] (-) TimerEvent: {}
[427.763655] (-) TimerEvent: {}
[427.865136] (-) TimerEvent: {}
[427.966835] (-) TimerEvent: {}
[428.068790] (-) TimerEvent: {}
[428.170503] (-) TimerEvent: {}
[428.271987] (-) TimerEvent: {}
[428.373542] (-) TimerEvent: {}
[428.475017] (-) TimerEvent: {}
[428.576713] (-) TimerEvent: {}
[428.680635] (-) TimerEvent: {}
[428.783067] (-) TimerEvent: {}
[428.886544] (-) TimerEvent: {}
[428.988463] (-) TimerEvent: {}
[429.092587] (-) TimerEvent: {}
[429.194502] (-) TimerEvent: {}
[429.296279] (-) TimerEvent: {}
[429.397949] (-) TimerEvent: {}
[429.499548] (-) TimerEvent: {}
[429.601515] (-) TimerEvent: {}
[429.703807] (-) TimerEvent: {}
[429.805552] (-) TimerEvent: {}
[429.907246] (-) TimerEvent: {}
[430.010321] (-) TimerEvent: {}
[430.112102] (-) TimerEvent: {}
[431.652101] (-) TimerEvent: {}
[431.753762] (-) TimerEvent: {}
[431.855287] (-) TimerEvent: {}
[431.956904] (-) TimerEvent: {}
[432.058497] (-) TimerEvent: {}
[432.160306] (-) TimerEvent: {}
[432.261968] (-) TimerEvent: {}
[432.363728] (-) TimerEvent: {}
[432.465450] (-) TimerEvent: {}
[432.567161] (-) TimerEvent: {}
[432.670262] (-) TimerEvent: {}
[432.771916] (-) TimerEvent: {}
[432.873588] (-) TimerEvent: {}
[432.975117] (-) TimerEvent: {}
[433.076680] (-) TimerEvent: {}
[433.178439] (-) TimerEvent: {}
[433.282170] (-) TimerEvent: {}
[433.384575] (-) TimerEvent: {}
[433.486199] (-) TimerEvent: {}
[433.592529] (-) TimerEvent: {}
[433.694219] (-) TimerEvent: {}
[433.796197] (-) TimerEvent: {}
[433.898121] (-) TimerEvent: {}
[434.000024] (-) TimerEvent: {}
[434.101655] (-) TimerEvent: {}
[434.203283] (-) TimerEvent: {}
[434.304770] (-) TimerEvent: {}
[434.406394] (-) TimerEvent: {}
[434.508357] (-) TimerEvent: {}
[434.611266] (-) TimerEvent: {}
[434.713688] (-) TimerEvent: {}
[434.815840] (-) TimerEvent: {}
[434.917279] (-) TimerEvent: {}
[435.018799] (-) TimerEvent: {}
[435.123045] (-) TimerEvent: {}
[435.224821] (-) TimerEvent: {}
[435.327996] (-) TimerEvent: {}
[435.430548] (-) TimerEvent: {}
[435.531933] (-) TimerEvent: {}
[435.633605] (-) TimerEvent: {}
[435.735349] (-) TimerEvent: {}
[435.837097] (-) TimerEvent: {}
[435.938627] (-) TimerEvent: {}
[436.040262] (-) TimerEvent: {}
[436.141841] (-) TimerEvent: {}
[436.243737] (-) TimerEvent: {}
[436.345463] (-) TimerEvent: {}
[436.447183] (-) TimerEvent: {}
[436.548922] (-) TimerEvent: {}
[436.650772] (-) TimerEvent: {}
[436.752652] (-) TimerEvent: {}
[436.854398] (-) TimerEvent: {}
[436.956101] (-) TimerEvent: {}
[437.057681] (-) TimerEvent: {}
[437.159366] (-) TimerEvent: {}
[437.260850] (-) TimerEvent: {}
[437.362581] (-) TimerEvent: {}
[437.464571] (-) TimerEvent: {}
[437.568006] (-) TimerEvent: {}
[437.670950] (-) TimerEvent: {}
[437.774861] (-) TimerEvent: {}
[437.877376] (-) TimerEvent: {}
[437.979113] (-) TimerEvent: {}
[438.081356] (-) TimerEvent: {}
[438.183311] (-) TimerEvent: {}
[438.285344] (-) TimerEvent: {}
[438.387277] (-) TimerEvent: {}
[438.489137] (-) TimerEvent: {}
[438.590797] (-) TimerEvent: {}
[438.692422] (-) TimerEvent: {}
[438.794005] (-) TimerEvent: {}
[438.895450] (-) TimerEvent: {}
[438.996970] (-) TimerEvent: {}
[439.098485] (-) TimerEvent: {}
[439.200154] (-) TimerEvent: {}
[439.301761] (-) TimerEvent: {}
[439.403725] (-) TimerEvent: {}
[439.505598] (-) TimerEvent: {}
[439.607789] (-) TimerEvent: {}
[439.709795] (-) TimerEvent: {}
[439.812032] (-) TimerEvent: {}
[439.913532] (-) TimerEvent: {}
[440.015055] (-) TimerEvent: {}
[440.117853] (-) TimerEvent: {}
[440.221057] (-) TimerEvent: {}
[440.323672] (-) TimerEvent: {}
[440.426914] (-) TimerEvent: {}
[440.533177] (-) TimerEvent: {}
[440.636863] (-) TimerEvent: {}
[440.742077] (-) TimerEvent: {}
[440.845617] (-) TimerEvent: {}
[440.947235] (-) TimerEvent: {}
[441.049018] (-) TimerEvent: {}
[441.150466] (-) TimerEvent: {}
[441.252393] (-) TimerEvent: {}
[441.354413] (-) TimerEvent: {}
[441.456421] (-) TimerEvent: {}
[441.558031] (-) TimerEvent: {}
[441.659912] (-) TimerEvent: {}
[442.065633] (-) TimerEvent: {}
[442.168469] (-) TimerEvent: {}
[442.270277] (-) TimerEvent: {}
[442.372616] (-) TimerEvent: {}
[442.474182] (-) TimerEvent: {}
[442.576798] (-) TimerEvent: {}
[442.678359] (-) TimerEvent: {}
[442.780113] (-) TimerEvent: {}
[442.881903] (-) TimerEvent: {}
[442.983657] (-) TimerEvent: {}
[443.085394] (-) TimerEvent: {}
[443.187226] (-) TimerEvent: {}
[443.289086] (-) TimerEvent: {}
[443.390903] (-) TimerEvent: {}
[443.492498] (-) TimerEvent: {}
[443.594200] (-) TimerEvent: {}
[443.697141] (-) TimerEvent: {}
[443.798895] (-) TimerEvent: {}
[443.900668] (-) TimerEvent: {}
[444.004345] (-) TimerEvent: {}
[444.106071] (-) TimerEvent: {}
[444.207876] (-) TimerEvent: {}
[444.310476] (-) TimerEvent: {}
[444.412928] (-) TimerEvent: {}
[444.514444] (-) TimerEvent: {}
[444.618073] (-) TimerEvent: {}
[444.720135] (-) TimerEvent: {}
[444.823268] (-) TimerEvent: {}
[444.925533] (-) TimerEvent: {}
[445.027908] (-) TimerEvent: {}
[445.129642] (-) TimerEvent: {}
[445.231904] (-) TimerEvent: {}
[445.333279] (-) TimerEvent: {}
[445.434944] (-) TimerEvent: {}
[445.538008] (-) TimerEvent: {}
[445.640002] (-) TimerEvent: {}
[445.741748] (-) TimerEvent: {}
[445.843382] (-) TimerEvent: {}
[445.946180] (-) TimerEvent: {}
[446.048651] (-) TimerEvent: {}
[446.150073] (-) TimerEvent: {}
[446.251771] (-) TimerEvent: {}
[446.355881] (-) TimerEvent: {}
[446.459230] (-) TimerEvent: {}
[446.560763] (-) TimerEvent: {}
[446.662386] (-) TimerEvent: {}
[446.766098] (-) TimerEvent: {}
[446.868385] (-) TimerEvent: {}
[446.969889] (-) TimerEvent: {}
[447.071405] (-) TimerEvent: {}
[447.173050] (-) TimerEvent: {}
[447.274680] (-) TimerEvent: {}
[447.376550] (-) TimerEvent: {}
[447.479413] (-) TimerEvent: {}
[447.581858] (-) TimerEvent: {}
[447.684726] (-) TimerEvent: {}
[447.787518] (-) TimerEvent: {}
[447.889153] (-) TimerEvent: {}
[447.990787] (-) TimerEvent: {}
[448.092974] (-) TimerEvent: {}
[448.195249] (-) TimerEvent: {}
[448.297866] (-) TimerEvent: {}
[448.399543] (-) TimerEvent: {}
[448.501220] (-) TimerEvent: {}
[448.603003] (-) TimerEvent: {}
[448.704919] (-) TimerEvent: {}
[448.807215] (-) TimerEvent: {}
[448.909262] (-) TimerEvent: {}
[449.012245] (-) TimerEvent: {}
[449.113616] (-) TimerEvent: {}
[449.215644] (-) TimerEvent: {}
[449.317960] (-) TimerEvent: {}
[449.419730] (-) TimerEvent: {}
[449.521351] (-) TimerEvent: {}
[449.623308] (-) TimerEvent: {}
[449.724909] (-) TimerEvent: {}
[449.826404] (-) TimerEvent: {}
[449.928062] (-) TimerEvent: {}
[450.029897] (-) TimerEvent: {}
[450.131516] (-) TimerEvent: {}
[450.233396] (-) TimerEvent: {}
[450.335045] (-) TimerEvent: {}
[450.436664] (-) TimerEvent: {}
[450.538135] (-) TimerEvent: {}
[450.642503] (-) TimerEvent: {}
[450.745700] (-) TimerEvent: {}
[450.848463] (-) TimerEvent: {}
[450.951089] (-) TimerEvent: {}
[451.052742] (-) TimerEvent: {}
[451.155546] (-) TimerEvent: {}
[451.257769] (-) TimerEvent: {}
[451.359524] (-) TimerEvent: {}
[451.461139] (-) TimerEvent: {}
[451.562910] (-) TimerEvent: {}
[451.665516] (-) TimerEvent: {}
[451.768689] (-) TimerEvent: {}
[451.871348] (-) TimerEvent: {}
[451.973194] (-) TimerEvent: {}
[452.075655] (-) TimerEvent: {}
[452.177333] (-) TimerEvent: {}
[452.279257] (-) TimerEvent: {}
[452.381074] (-) TimerEvent: {}
[452.483072] (-) TimerEvent: {}
[452.584731] (-) TimerEvent: {}
[452.686234] (-) TimerEvent: {}
[452.787712] (-) TimerEvent: {}
[452.889462] (-) TimerEvent: {}
[452.991208] (-) TimerEvent: {}
[453.093055] (-) TimerEvent: {}
[453.194628] (-) TimerEvent: {}
[453.296346] (-) TimerEvent: {}
[453.398262] (-) TimerEvent: {}
[453.500417] (-) TimerEvent: {}
[453.603206] (-) TimerEvent: {}
[453.705532] (-) TimerEvent: {}
[453.809575] (-) TimerEvent: {}
[453.912303] (-) TimerEvent: {}
[454.014266] (-) TimerEvent: {}
[454.116599] (-) TimerEvent: {}
[454.218350] (-) TimerEvent: {}
[454.321149] (-) TimerEvent: {}
[454.424385] (-) TimerEvent: {}
[454.526327] (-) TimerEvent: {}
[454.628742] (-) TimerEvent: {}
[454.730207] (-) TimerEvent: {}
[454.832051] (-) TimerEvent: {}
[454.934385] (-) TimerEvent: {}
[455.036704] (-) TimerEvent: {}
[455.139924] (-) TimerEvent: {}
[455.241515] (-) TimerEvent: {}
[455.343198] (-) TimerEvent: {}
[455.444849] (-) TimerEvent: {}
[455.546246] (-) TimerEvent: {}
[455.647964] (-) TimerEvent: {}
[455.749359] (-) TimerEvent: {}
[455.851074] (-) TimerEvent: {}
[455.952780] (-) TimerEvent: {}
[456.054499] (-) TimerEvent: {}
[456.156283] (-) TimerEvent: {}
[456.258127] (-) TimerEvent: {}
[456.359895] (-) TimerEvent: {}
[456.461904] (-) TimerEvent: {}
[456.565248] (-) TimerEvent: {}
[456.667005] (-) TimerEvent: {}
[456.768896] (-) TimerEvent: {}
[457.009340] (-) TimerEvent: {}
[457.110998] (-) TimerEvent: {}
[457.212740] (-) TimerEvent: {}
[457.314375] (-) TimerEvent: {}
[457.416218] (-) TimerEvent: {}
[457.518178] (-) TimerEvent: {}
[457.619878] (-) TimerEvent: {}
[457.721682] (-) TimerEvent: {}
[457.824427] (-) TimerEvent: {}
[457.927070] (-) TimerEvent: {}
[458.028792] (-) TimerEvent: {}
[458.130271] (-) TimerEvent: {}
[458.231635] (-) TimerEvent: {}
[458.333820] (-) TimerEvent: {}
[458.435539] (-) TimerEvent: {}
[458.539898] (-) TimerEvent: {}
[458.642046] (-) TimerEvent: {}
[458.743920] (-) TimerEvent: {}
[458.845609] (-) TimerEvent: {}
[458.947509] (-) TimerEvent: {}
[459.049325] (-) TimerEvent: {}
[459.151253] (-) TimerEvent: {}
[459.253039] (-) TimerEvent: {}
[459.354785] (-) TimerEvent: {}
[459.456722] (-) TimerEvent: {}
[459.558430] (-) TimerEvent: {}
[459.660215] (-) TimerEvent: {}
[459.762036] (-) TimerEvent: {}
[459.863769] (-) TimerEvent: {}
[459.965671] (-) TimerEvent: {}
[460.068083] (-) TimerEvent: {}
[460.169983] (-) TimerEvent: {}
[460.272631] (-) TimerEvent: {}
[460.374635] (-) TimerEvent: {}
[460.477944] (-) TimerEvent: {}
[460.581246] (-) TimerEvent: {}
[460.684827] (-) TimerEvent: {}
[460.786929] (-) TimerEvent: {}
[460.888563] (-) TimerEvent: {}
[460.990302] (-) TimerEvent: {}
[461.092088] (-) TimerEvent: {}
[461.193858] (-) TimerEvent: {}
[461.295425] (-) TimerEvent: {}
[461.397323] (-) TimerEvent: {}
[461.499093] (-) TimerEvent: {}
[461.600846] (-) TimerEvent: {}
[461.702575] (-) TimerEvent: {}
[461.804301] (-) TimerEvent: {}
[461.906174] (-) TimerEvent: {}
[462.046153] (-) TimerEvent: {}
[462.147705] (-) TimerEvent: {}
[462.249459] (-) TimerEvent: {}
[462.350925] (-) TimerEvent: {}
[462.453156] (-) TimerEvent: {}
[462.558746] (-) TimerEvent: {}
[462.660683] (-) TimerEvent: {}
[462.762222] (-) TimerEvent: {}
[463.577073] (-) TimerEvent: {}
[463.678881] (-) TimerEvent: {}
[463.780467] (-) TimerEvent: {}
[463.882169] (-) TimerEvent: {}
[463.983955] (-) TimerEvent: {}
[464.085906] (-) TimerEvent: {}
[464.187353] (-) TimerEvent: {}
[464.288866] (-) TimerEvent: {}
[464.391195] (-) TimerEvent: {}
[464.492855] (-) TimerEvent: {}
[464.595757] (-) TimerEvent: {}
[464.698146] (-) TimerEvent: {}
[464.800759] (-) TimerEvent: {}
[464.902430] (-) TimerEvent: {}
[465.004032] (-) TimerEvent: {}
[465.105706] (-) TimerEvent: {}
[465.207362] (-) TimerEvent: {}
[465.309207] (-) TimerEvent: {}
[465.410982] (-) TimerEvent: {}
[465.512786] (-) TimerEvent: {}
[465.614516] (-) TimerEvent: {}
[465.716305] (-) TimerEvent: {}
[465.818024] (-) TimerEvent: {}
[465.919792] (-) TimerEvent: {}
[466.021462] (-) TimerEvent: {}
[466.123181] (-) TimerEvent: {}
[466.308497] (-) TimerEvent: {}
[466.410338] (-) TimerEvent: {}
[466.511929] (-) TimerEvent: {}
[466.613578] (-) TimerEvent: {}
[466.715385] (-) TimerEvent: {}
[466.817257] (-) TimerEvent: {}
[466.919090] (-) TimerEvent: {}
[467.021066] (-) TimerEvent: {}
[467.122674] (-) TimerEvent: {}
[467.224450] (-) TimerEvent: {}
[467.326164] (-) TimerEvent: {}
[467.427920] (-) TimerEvent: {}
[467.529622] (-) TimerEvent: {}
[467.631139] (-) TimerEvent: {}
[467.732814] (-) TimerEvent: {}
[467.834603] (-) TimerEvent: {}
[467.936505] (-) TimerEvent: {}
[468.038185] (-) TimerEvent: {}
[468.139988] (-) TimerEvent: {}
[468.243189] (-) TimerEvent: {}
[468.345093] (-) TimerEvent: {}
[468.446861] (-) TimerEvent: {}
[468.548247] (-) TimerEvent: {}
[468.649515] (-) TimerEvent: {}
[468.751360] (-) TimerEvent: {}
[468.853302] (-) TimerEvent: {}
[468.954932] (-) TimerEvent: {}
[469.056648] (-) TimerEvent: {}
[469.158176] (-) TimerEvent: {}
[469.260881] (-) TimerEvent: {}
[469.362589] (-) TimerEvent: {}
[469.464964] (-) TimerEvent: {}
[469.566734] (-) TimerEvent: {}
[469.668415] (-) TimerEvent: {}
[469.770051] (-) TimerEvent: {}
[469.871853] (-) TimerEvent: {}
[469.973729] (-) TimerEvent: {}
[470.075828] (-) TimerEvent: {}
[470.178941] (-) TimerEvent: {}
[470.280736] (-) TimerEvent: {}
[470.382769] (-) TimerEvent: {}
[470.484906] (-) TimerEvent: {}
[470.586607] (-) TimerEvent: {}
[470.688505] (-) TimerEvent: {}
[470.790207] (-) TimerEvent: {}
[470.891969] (-) TimerEvent: {}
[470.993651] (-) TimerEvent: {}
[471.095257] (-) TimerEvent: {}
[471.197041] (-) TimerEvent: {}
[471.298602] (-) TimerEvent: {}
[471.400394] (-) TimerEvent: {}
[471.504254] (-) TimerEvent: {}
[471.608739] (-) TimerEvent: {}
[471.711008] (-) TimerEvent: {}
[471.816270] (-) TimerEvent: {}
[471.918802] (-) TimerEvent: {}
[472.021461] (-) TimerEvent: {}
[472.145346] (-) TimerEvent: {}
[472.285425] (-) TimerEvent: {}
[475.939688] (-) TimerEvent: {}
[476.123474] (-) TimerEvent: {}
[476.302889] (-) TimerEvent: {}
[476.406323] (-) TimerEvent: {}
[476.508130] (-) TimerEvent: {}
[476.609679] (-) TimerEvent: {}
[476.712206] (-) TimerEvent: {}
[476.816420] (-) TimerEvent: {}
[476.919066] (-) TimerEvent: {}
[477.021571] (-) TimerEvent: {}
[477.123718] (-) TimerEvent: {}
[477.225341] (-) TimerEvent: {}
[477.327482] (-) TimerEvent: {}
[477.429177] (-) TimerEvent: {}
[477.530861] (-) TimerEvent: {}
[477.632786] (-) TimerEvent: {}
[477.735041] (-) TimerEvent: {}
[477.836781] (-) TimerEvent: {}
[477.941081] (-) TimerEvent: {}
[478.042515] (-) TimerEvent: {}
[478.144123] (-) TimerEvent: {}
[478.245897] (-) TimerEvent: {}
[478.347740] (-) TimerEvent: {}
[478.449434] (-) TimerEvent: {}
[478.551039] (-) TimerEvent: {}
[478.652966] (-) TimerEvent: {}
[478.754697] (-) TimerEvent: {}
[478.856719] (-) TimerEvent: {}
[478.958289] (-) TimerEvent: {}
[479.060066] (-) TimerEvent: {}
[479.164313] (-) TimerEvent: {}
[479.266214] (-) TimerEvent: {}
[479.369451] (-) TimerEvent: {}
[479.471739] (-) TimerEvent: {}
[479.575164] (-) TimerEvent: {}
[479.676931] (-) TimerEvent: {}
[479.778624] (-) TimerEvent: {}
[479.880469] (-) TimerEvent: {}
[479.982212] (-) TimerEvent: {}
[480.085153] (-) TimerEvent: {}
[480.187728] (-) TimerEvent: {}
[480.289019] (-) TimerEvent: {}
[480.390902] (-) TimerEvent: {}
[480.495869] (-) TimerEvent: {}
[480.598579] (-) TimerEvent: {}
[480.701776] (-) TimerEvent: {}
[480.803368] (-) TimerEvent: {}
[480.905388] (-) TimerEvent: {}
[481.008943] (-) TimerEvent: {}
[481.111065] (-) TimerEvent: {}
[481.213080] (-) TimerEvent: {}
[481.314794] (-) TimerEvent: {}
[481.416360] (-) TimerEvent: {}
[481.518086] (-) TimerEvent: {}
[481.619713] (-) TimerEvent: {}
[481.721298] (-) TimerEvent: {}
[481.823127] (-) TimerEvent: {}
[481.925012] (-) TimerEvent: {}
[482.026462] (-) TimerEvent: {}
[482.128077] (-) TimerEvent: {}
[482.229745] (-) TimerEvent: {}
[482.331416] (-) TimerEvent: {}
[482.433237] (-) TimerEvent: {}
[482.534951] (-) TimerEvent: {}
[482.636680] (-) TimerEvent: {}
[482.738256] (-) TimerEvent: {}
[482.839966] (-) TimerEvent: {}
[482.941849] (-) TimerEvent: {}
[483.043652] (-) TimerEvent: {}
[483.145420] (-) TimerEvent: {}
[483.247099] (-) TimerEvent: {}
[483.348707] (-) TimerEvent: {}
[483.450308] (-) TimerEvent: {}
[483.552117] (-) TimerEvent: {}
[483.653789] (-) TimerEvent: {}
[483.755359] (-) TimerEvent: {}
[483.857128] (-) TimerEvent: {}
[483.958909] (-) TimerEvent: {}
[484.060783] (-) TimerEvent: {}
[484.162433] (-) TimerEvent: {}
[484.264258] (-) TimerEvent: {}
[484.365795] (-) TimerEvent: {}
[484.467345] (-) TimerEvent: {}
[484.569184] (-) TimerEvent: {}
[484.670987] (-) TimerEvent: {}
[484.773043] (-) TimerEvent: {}
[484.875112] (-) TimerEvent: {}
[484.978657] (-) TimerEvent: {}
[485.080347] (-) TimerEvent: {}
[485.182001] (-) TimerEvent: {}
[485.284370] (-) TimerEvent: {}
[485.386080] (-) TimerEvent: {}
[485.487632] (-) TimerEvent: {}
[485.590327] (-) TimerEvent: {}
[485.691981] (-) TimerEvent: {}
[485.794427] (-) TimerEvent: {}
[485.895889] (-) TimerEvent: {}
[485.997314] (-) TimerEvent: {}
[486.099023] (-) TimerEvent: {}
[486.202570] (-) TimerEvent: {}
[486.304391] (-) TimerEvent: {}
[486.406185] (-) TimerEvent: {}
[486.508300] (-) TimerEvent: {}
[486.611713] (-) TimerEvent: {}
[486.714714] (-) TimerEvent: {}
[486.816476] (-) TimerEvent: {}
[486.918159] (-) TimerEvent: {}
[487.019834] (-) TimerEvent: {}
[487.121903] (-) TimerEvent: {}
[487.223490] (-) TimerEvent: {}
[487.366134] (-) TimerEvent: {}
[487.467719] (-) TimerEvent: {}
[487.569513] (-) TimerEvent: {}
[487.671059] (-) TimerEvent: {}
[487.772802] (-) TimerEvent: {}
[487.874347] (-) TimerEvent: {}
[487.975996] (-) TimerEvent: {}
[488.077467] (-) TimerEvent: {}
[488.179096] (-) TimerEvent: {}
[488.283889] (-) TimerEvent: {}
[488.385708] (-) TimerEvent: {}
[488.489818] (-) TimerEvent: {}
[488.591387] (-) TimerEvent: {}
[488.693012] (-) TimerEvent: {}
[488.794535] (-) TimerEvent: {}
[488.896101] (-) TimerEvent: {}
[488.997718] (-) TimerEvent: {}
[489.099426] (-) TimerEvent: {}
[489.201143] (-) TimerEvent: {}
[489.302659] (-) TimerEvent: {}
[489.404334] (-) TimerEvent: {}
[489.505908] (-) TimerEvent: {}
[489.607518] (-) TimerEvent: {}
[489.709431] (-) TimerEvent: {}
[489.811496] (-) TimerEvent: {}
[489.913331] (-) TimerEvent: {}
[490.015112] (-) TimerEvent: {}
[490.116822] (-) TimerEvent: {}
[490.218555] (-) TimerEvent: {}
[490.320055] (-) TimerEvent: {}
[490.421658] (-) TimerEvent: {}
[490.523326] (-) TimerEvent: {}
[490.625181] (-) TimerEvent: {}
[490.727895] (-) TimerEvent: {}
[490.829440] (-) TimerEvent: {}
[490.930963] (-) TimerEvent: {}
[491.032668] (-) TimerEvent: {}
[491.134191] (-) TimerEvent: {}
[491.235968] (-) TimerEvent: {}
[491.337520] (-) TimerEvent: {}
[491.439286] (-) TimerEvent: {}
[491.541062] (-) TimerEvent: {}
[491.642897] (-) TimerEvent: {}
[491.744604] (-) TimerEvent: {}
[491.846046] (-) TimerEvent: {}
[491.947734] (-) TimerEvent: {}
[492.049526] (-) TimerEvent: {}
[492.152618] (-) TimerEvent: {}
[492.254348] (-) TimerEvent: {}
[492.356769] (-) TimerEvent: {}
[492.459885] (-) TimerEvent: {}
[492.561544] (-) TimerEvent: {}
[492.662985] (-) TimerEvent: {}
[492.765281] (-) TimerEvent: {}
[492.867276] (-) TimerEvent: {}
[492.970187] (-) TimerEvent: {}
[493.072010] (-) TimerEvent: {}
[493.173641] (-) TimerEvent: {}
[493.278019] (-) TimerEvent: {}
[493.380215] (-) TimerEvent: {}
[493.483352] (-) TimerEvent: {}
[493.586737] (-) TimerEvent: {}
[493.690755] (-) TimerEvent: {}
[493.797086] (-) TimerEvent: {}
[493.899563] (-) TimerEvent: {}
[494.001404] (-) TimerEvent: {}
[494.103141] (-) TimerEvent: {}
[494.204979] (-) TimerEvent: {}
[494.306778] (-) TimerEvent: {}
[494.408503] (-) TimerEvent: {}
[494.510206] (-) TimerEvent: {}
[494.612160] (-) TimerEvent: {}
[494.715691] (-) TimerEvent: {}
[494.818820] (-) TimerEvent: {}
[494.920432] (-) TimerEvent: {}
[495.021953] (-) TimerEvent: {}
[495.123796] (-) TimerEvent: {}
[495.225468] (-) TimerEvent: {}
[495.327155] (-) TimerEvent: {}
[495.429043] (-) TimerEvent: {}
[495.531891] (-) TimerEvent: {}
[495.634403] (-) TimerEvent: {}
[495.735867] (-) TimerEvent: {}
[495.837439] (-) TimerEvent: {}
[495.939152] (-) TimerEvent: {}
[496.041040] (-) TimerEvent: {}
[496.142863] (-) TimerEvent: {}
[496.244754] (-) TimerEvent: {}
[496.346385] (-) TimerEvent: {}
[496.449772] (-) TimerEvent: {}
[496.553013] (-) TimerEvent: {}
[496.655887] (-) TimerEvent: {}
[496.757604] (-) TimerEvent: {}
[496.859849] (-) TimerEvent: {}
[496.962868] (-) TimerEvent: {}
[497.066023] (-) TimerEvent: {}
[497.168584] (-) TimerEvent: {}
[497.270514] (-) TimerEvent: {}
[497.372789] (-) TimerEvent: {}
[497.474575] (-) TimerEvent: {}
[497.576270] (-) TimerEvent: {}
[497.677619] (-) TimerEvent: {}
[497.779038] (-) TimerEvent: {}
[497.882053] (-) TimerEvent: {}
[497.983756] (-) TimerEvent: {}
[498.085341] (-) TimerEvent: {}
[498.186817] (-) TimerEvent: {}
[498.288224] (-) TimerEvent: {}
[498.389696] (-) TimerEvent: {}
[498.491645] (-) TimerEvent: {}
[498.593226] (-) TimerEvent: {}
[498.694932] (-) TimerEvent: {}
[498.796712] (-) TimerEvent: {}
[498.898431] (-) TimerEvent: {}
[499.000201] (-) TimerEvent: {}
[499.101757] (-) TimerEvent: {}
[499.203936] (-) TimerEvent: {}
[499.306286] (-) TimerEvent: {}
[499.408194] (-) TimerEvent: {}
[499.509754] (-) TimerEvent: {}
[499.611328] (-) TimerEvent: {}
[499.713071] (-) TimerEvent: {}
[499.814657] (-) TimerEvent: {}
[499.916460] (-) TimerEvent: {}
[500.018211] (-) TimerEvent: {}
[500.120031] (-) TimerEvent: {}
[500.221581] (-) TimerEvent: {}
[500.324008] (-) TimerEvent: {}
[500.427540] (-) TimerEvent: {}
[500.529272] (-) TimerEvent: {}
[500.631175] (-) TimerEvent: {}
[500.732733] (-) TimerEvent: {}
[500.834858] (-) TimerEvent: {}
[500.936591] (-) TimerEvent: {}
[501.038139] (-) TimerEvent: {}
[501.139816] (-) TimerEvent: {}
[501.241448] (-) TimerEvent: {}
[501.343934] (-) TimerEvent: {}
[501.447003] (-) TimerEvent: {}
[501.550041] (-) TimerEvent: {}
[501.652533] (-) TimerEvent: {}
[501.753980] (-) TimerEvent: {}
[501.855387] (-) TimerEvent: {}
[501.957912] (-) TimerEvent: {}
[502.061418] (-) TimerEvent: {}
[502.163634] (-) TimerEvent: {}
[502.265379] (-) TimerEvent: {}
[502.367162] (-) TimerEvent: {}
[502.468788] (-) TimerEvent: {}
[502.570514] (-) TimerEvent: {}
[502.672140] (-) TimerEvent: {}
[502.773859] (-) TimerEvent: {}
[502.875568] (-) TimerEvent: {}
[502.977167] (-) TimerEvent: {}
[503.078724] (-) TimerEvent: {}
[503.180456] (-) TimerEvent: {}
[503.282174] (-) TimerEvent: {}
[503.383882] (-) TimerEvent: {}
[503.485441] (-) TimerEvent: {}
[503.587832] (-) TimerEvent: {}
[503.689710] (-) TimerEvent: {}
[503.791542] (-) TimerEvent: {}
[503.893216] (-) TimerEvent: {}
[503.994646] (-) TimerEvent: {}
[504.096596] (-) TimerEvent: {}
[504.200077] (-) TimerEvent: {}
[504.304035] (-) TimerEvent: {}
[504.407065] (-) TimerEvent: {}
[504.510094] (-) TimerEvent: {}
[504.612920] (-) TimerEvent: {}
[504.714663] (-) TimerEvent: {}
[504.816422] (-) TimerEvent: {}
[504.918617] (-) TimerEvent: {}
[505.022138] (-) TimerEvent: {}
[505.125652] (-) TimerEvent: {}
[505.227445] (-) TimerEvent: {}
[505.330475] (-) TimerEvent: {}
[505.432561] (-) TimerEvent: {}
[505.534304] (-) TimerEvent: {}
[505.636061] (-) TimerEvent: {}
[505.737821] (-) TimerEvent: {}
[505.839354] (-) TimerEvent: {}
[505.941587] (-) TimerEvent: {}
[506.044020] (-) TimerEvent: {}
[506.145903] (-) TimerEvent: {}
[507.133886] (-) TimerEvent: {}
[507.278027] (-) TimerEvent: {}
[507.380552] (-) TimerEvent: {}
[507.482288] (-) TimerEvent: {}
[507.583888] (-) TimerEvent: {}
[507.685460] (-) TimerEvent: {}
[507.787080] (-) TimerEvent: {}
[507.888813] (-) TimerEvent: {}
[507.990503] (-) TimerEvent: {}
[508.092475] (-) TimerEvent: {}
[508.194136] (-) TimerEvent: {}
[508.296482] (-) TimerEvent: {}
[508.397950] (-) TimerEvent: {}
[508.501760] (-) TimerEvent: {}
[508.605019] (-) TimerEvent: {}
[508.707421] (-) TimerEvent: {}
[508.809414] (-) TimerEvent: {}
[508.910950] (-) TimerEvent: {}
[509.012744] (-) TimerEvent: {}
[509.115773] (-) TimerEvent: {}
[509.217516] (-) TimerEvent: {}
[509.320773] (-) TimerEvent: {}
[509.423875] (-) TimerEvent: {}
[509.525807] (-) TimerEvent: {}
[509.627668] (-) TimerEvent: {}
[509.729364] (-) TimerEvent: {}
[509.833139] (-) TimerEvent: {}
[509.935451] (-) TimerEvent: {}
[510.037328] (-) TimerEvent: {}
[510.138873] (-) TimerEvent: {}
[510.240556] (-) TimerEvent: {}
[510.342189] (-) TimerEvent: {}
[510.444303] (-) TimerEvent: {}
[510.547303] (-) TimerEvent: {}
[510.649065] (-) TimerEvent: {}
[510.750612] (-) TimerEvent: {}
[510.852365] (-) TimerEvent: {}
[510.954098] (-) TimerEvent: {}
[511.055946] (-) TimerEvent: {}
[511.157495] (-) TimerEvent: {}
[511.259346] (-) TimerEvent: {}
[511.360942] (-) TimerEvent: {}
[511.463837] (-) TimerEvent: {}
[511.565932] (-) TimerEvent: {}
[511.668486] (-) TimerEvent: {}
[511.770160] (-) TimerEvent: {}
[511.872660] (-) TimerEvent: {}
[511.974601] (-) TimerEvent: {}
[512.076794] (-) TimerEvent: {}
[512.178274] (-) TimerEvent: {}
[512.279874] (-) TimerEvent: {}
[512.381509] (-) TimerEvent: {}
[512.483371] (-) TimerEvent: {}
[512.585234] (-) TimerEvent: {}
[512.686783] (-) TimerEvent: {}
[512.788567] (-) TimerEvent: {}
[512.890274] (-) TimerEvent: {}
[512.991973] (-) TimerEvent: {}
[513.093665] (-) TimerEvent: {}
[513.195357] (-) TimerEvent: {}
[513.296973] (-) TimerEvent: {}
[513.398611] (-) TimerEvent: {}
[513.500279] (-) TimerEvent: {}
[513.601931] (-) TimerEvent: {}
[513.703663] (-) TimerEvent: {}
[513.805118] (-) TimerEvent: {}
[513.906842] (-) TimerEvent: {}
[514.008614] (-) TimerEvent: {}
[514.110490] (-) TimerEvent: {}
[514.212079] (-) TimerEvent: {}
[514.314008] (-) TimerEvent: {}
[514.415904] (-) TimerEvent: {}
[514.517647] (-) TimerEvent: {}
[514.619454] (-) TimerEvent: {}
[514.721141] (-) TimerEvent: {}
[514.823189] (-) TimerEvent: {}
[514.925145] (-) TimerEvent: {}
[515.028728] (-) TimerEvent: {}
[515.132082] (-) TimerEvent: {}
[515.234517] (-) TimerEvent: {}
[515.336529] (-) TimerEvent: {}
[515.437884] (-) TimerEvent: {}
[515.540777] (-) TimerEvent: {}
[515.642708] (-) TimerEvent: {}
[515.744783] (-) TimerEvent: {}
[515.846998] (-) TimerEvent: {}
[515.948778] (-) TimerEvent: {}
[516.051679] (-) TimerEvent: {}
[516.153228] (-) TimerEvent: {}
[516.254854] (-) TimerEvent: {}
[516.356762] (-) TimerEvent: {}
[516.458537] (-) TimerEvent: {}
[516.560279] (-) TimerEvent: {}
[516.663156] (-) TimerEvent: {}
[516.765036] (-) TimerEvent: {}
[516.866775] (-) TimerEvent: {}
[516.968771] (-) TimerEvent: {}
[517.070471] (-) TimerEvent: {}
[517.172225] (-) TimerEvent: {}
[517.273803] (-) TimerEvent: {}
[517.375308] (-) TimerEvent: {}
[517.476720] (-) TimerEvent: {}
[517.578566] (-) TimerEvent: {}
[517.680395] (-) TimerEvent: {}
[517.782283] (-) TimerEvent: {}
[517.883994] (-) TimerEvent: {}
[517.986130] (-) TimerEvent: {}
[518.087835] (-) TimerEvent: {}
[518.189496] (-) TimerEvent: {}
[518.291165] (-) TimerEvent: {}
[518.392559] (-) TimerEvent: {}
[518.495027] (-) TimerEvent: {}
[518.598094] (-) TimerEvent: {}
[518.700971] (-) TimerEvent: {}
[518.803355] (-) TimerEvent: {}
[518.905623] (-) TimerEvent: {}
[519.007290] (-) TimerEvent: {}
[519.110355] (-) TimerEvent: {}
[519.213039] (-) TimerEvent: {}
[519.314773] (-) TimerEvent: {}
[519.416472] (-) TimerEvent: {}
[519.518299] (-) TimerEvent: {}
[519.619905] (-) TimerEvent: {}
[519.721782] (-) TimerEvent: {}
[519.823544] (-) TimerEvent: {}
[519.925309] (-) TimerEvent: {}
[520.026996] (-) TimerEvent: {}
[520.128780] (-) TimerEvent: {}
[520.230277] (-) TimerEvent: {}
[520.331881] (-) TimerEvent: {}
[520.433612] (-) TimerEvent: {}
[520.535519] (-) TimerEvent: {}
[520.637510] (-) TimerEvent: {}
[520.739407] (-) TimerEvent: {}
[520.841239] (-) TimerEvent: {}
[520.944620] (-) TimerEvent: {}
[521.059066] (-) TimerEvent: {}
[521.162231] (-) TimerEvent: {}
[521.263844] (-) TimerEvent: {}
[521.365575] (-) TimerEvent: {}
[521.468105] (-) TimerEvent: {}
[521.569761] (-) TimerEvent: {}
[521.674857] (-) TimerEvent: {}
[521.777378] (-) TimerEvent: {}
[521.879162] (-) TimerEvent: {}
[521.981599] (-) TimerEvent: {}
[522.083187] (-) TimerEvent: {}
[522.185132] (-) TimerEvent: {}
[522.286864] (-) TimerEvent: {}
[522.388818] (-) TimerEvent: {}
[522.490262] (-) TimerEvent: {}
[522.592875] (-) TimerEvent: {}
[522.694995] (-) TimerEvent: {}
[522.796792] (-) TimerEvent: {}
[522.899516] (-) TimerEvent: {}
[523.001166] (-) TimerEvent: {}
[523.102840] (-) TimerEvent: {}
[523.204638] (-) TimerEvent: {}
[523.309148] (-) TimerEvent: {}
[523.410867] (-) TimerEvent: {}
[523.512947] (-) TimerEvent: {}
[523.615368] (-) TimerEvent: {}
[523.718258] (-) TimerEvent: {}
[523.820155] (-) TimerEvent: {}
[523.921917] (-) TimerEvent: {}
[524.024601] (-) TimerEvent: {}
[524.127173] (-) TimerEvent: {}
[524.230328] (-) TimerEvent: {}
[524.332523] (-) TimerEvent: {}
[524.434558] (-) TimerEvent: {}
[524.537096] (-) TimerEvent: {}
[524.639463] (-) TimerEvent: {}
[524.741548] (-) TimerEvent: {}
[524.843771] (-) TimerEvent: {}
[524.945298] (-) TimerEvent: {}
[525.048248] (-) TimerEvent: {}
[525.150152] (-) TimerEvent: {}
[525.251864] (-) TimerEvent: {}
[525.354090] (-) TimerEvent: {}
[525.456305] (-) TimerEvent: {}
[525.559341] (-) TimerEvent: {}
[525.661070] (-) TimerEvent: {}
[525.763029] (-) TimerEvent: {}
[525.866233] (-) TimerEvent: {}
[525.968697] (-) TimerEvent: {}
[526.070118] (-) TimerEvent: {}
[526.172239] (-) TimerEvent: {}
[526.275130] (-) TimerEvent: {}
[526.376702] (-) TimerEvent: {}
[526.478449] (-) TimerEvent: {}
[526.580600] (-) TimerEvent: {}
[526.682069] (-) TimerEvent: {}
[526.783772] (-) TimerEvent: {}
[526.885497] (-) TimerEvent: {}
[526.989231] (-) TimerEvent: {}
[527.090855] (-) TimerEvent: {}
[527.192230] (-) TimerEvent: {}
[527.293553] (-) TimerEvent: {}
[527.397376] (-) TimerEvent: {}
[527.498777] (-) TimerEvent: {}
[527.600343] (-) TimerEvent: {}
[527.702062] (-) TimerEvent: {}
[527.804135] (-) TimerEvent: {}
[527.906565] (-) TimerEvent: {}
[528.008979] (-) TimerEvent: {}
[528.111028] (-) TimerEvent: {}
[528.212567] (-) TimerEvent: {}
[528.314281] (-) TimerEvent: {}
[528.415820] (-) TimerEvent: {}
[528.517309] (-) TimerEvent: {}
[528.618773] (-) TimerEvent: {}
[528.720449] (-) TimerEvent: {}
[528.823222] (-) TimerEvent: {}
[528.925120] (-) TimerEvent: {}
[529.026809] (-) TimerEvent: {}
[529.128656] (-) TimerEvent: {}
[529.230306] (-) TimerEvent: {}
[529.332256] (-) TimerEvent: {}
[529.434148] (-) TimerEvent: {}
[529.536094] (-) TimerEvent: {}
[529.637849] (-) TimerEvent: {}
[529.739387] (-) TimerEvent: {}
[529.841096] (-) TimerEvent: {}
[529.942806] (-) TimerEvent: {}
[530.044454] (-) TimerEvent: {}
[530.146188] (-) TimerEvent: {}
[530.248206] (-) TimerEvent: {}
[530.350478] (-) TimerEvent: {}
[530.452293] (-) TimerEvent: {}
[530.553928] (-) TimerEvent: {}
[530.655325] (-) TimerEvent: {}
[530.756923] (-) TimerEvent: {}
[530.858607] (-) TimerEvent: {}
[530.960213] (-) TimerEvent: {}
[531.061747] (-) TimerEvent: {}
[531.163288] (-) TimerEvent: {}
[531.264868] (-) TimerEvent: {}
[531.366903] (-) TimerEvent: {}
[531.468772] (-) TimerEvent: {}
[531.570356] (-) TimerEvent: {}
[531.673462] (-) TimerEvent: {}
[531.775053] (-) TimerEvent: {}
[531.876719] (-) TimerEvent: {}
[531.978375] (-) TimerEvent: {}
[532.080461] (-) TimerEvent: {}
[532.181931] (-) TimerEvent: {}
[532.283531] (-) TimerEvent: {}
[532.385002] (-) TimerEvent: {}
[532.487257] (-) TimerEvent: {}
[532.589013] (-) TimerEvent: {}
[532.690713] (-) TimerEvent: {}
[532.792422] (-) TimerEvent: {}
[532.893872] (-) TimerEvent: {}
[532.995771] (-) TimerEvent: {}
[533.097528] (-) TimerEvent: {}
[533.198947] (-) TimerEvent: {}
[533.300782] (-) TimerEvent: {}
[533.402375] (-) TimerEvent: {}
[533.504625] (-) TimerEvent: {}
[533.607236] (-) TimerEvent: {}
[533.709799] (-) TimerEvent: {}
[533.812585] (-) TimerEvent: {}
[533.914281] (-) TimerEvent: {}
[534.016193] (-) TimerEvent: {}
[534.117851] (-) TimerEvent: {}
[534.219495] (-) TimerEvent: {}
[534.321242] (-) TimerEvent: {}
[534.423930] (-) TimerEvent: {}
[534.525453] (-) TimerEvent: {}
[534.627128] (-) TimerEvent: {}
[534.728709] (-) TimerEvent: {}
[534.831084] (-) TimerEvent: {}
[534.932627] (-) TimerEvent: {}
[535.034312] (-) TimerEvent: {}
[535.135841] (-) TimerEvent: {}
[535.237868] (-) TimerEvent: {}
[535.339391] (-) TimerEvent: {}
[535.440943] (-) TimerEvent: {}
[535.542522] (-) TimerEvent: {}
[535.650650] (-) TimerEvent: {}
[535.752609] (-) TimerEvent: {}
[535.854083] (-) TimerEvent: {}
[535.955974] (-) TimerEvent: {}
[536.057682] (-) TimerEvent: {}
[536.159379] (-) TimerEvent: {}
[536.260972] (-) TimerEvent: {}
[536.362518] (-) TimerEvent: {}
[536.464208] (-) TimerEvent: {}
[536.566532] (-) TimerEvent: {}
[536.669580] (-) TimerEvent: {}
[536.772269] (-) TimerEvent: {}
[536.874807] (-) TimerEvent: {}
[536.976601] (-) TimerEvent: {}
[537.078988] (-) TimerEvent: {}
[537.181167] (-) TimerEvent: {}
[537.283331] (-) TimerEvent: {}
[537.384837] (-) TimerEvent: {}
[537.486046] (-) TimerEvent: {}
[537.587715] (-) TimerEvent: {}
[537.698345] (-) TimerEvent: {}
[537.799959] (-) TimerEvent: {}
[537.901750] (-) TimerEvent: {}
[538.003308] (-) TimerEvent: {}
[538.104999] (-) TimerEvent: {}
[538.206777] (-) TimerEvent: {}
[538.308906] (-) TimerEvent: {}
[538.411170] (-) TimerEvent: {}
[538.513852] (-) TimerEvent: {}
[538.615500] (-) TimerEvent: {}
[538.717165] (-) TimerEvent: {}
[538.818981] (-) TimerEvent: {}
[538.920785] (-) TimerEvent: {}
[539.022393] (-) TimerEvent: {}
[539.124097] (-) TimerEvent: {}
[539.225495] (-) TimerEvent: {}
[539.327184] (-) TimerEvent: {}
[539.428808] (-) TimerEvent: {}
[539.530610] (-) TimerEvent: {}
[539.632529] (-) TimerEvent: {}
[539.734093] (-) TimerEvent: {}
[539.835665] (-) TimerEvent: {}
[539.937389] (-) TimerEvent: {}
[540.038987] (-) TimerEvent: {}
[540.140569] (-) TimerEvent: {}
[540.242342] (-) TimerEvent: {}
[540.344084] (-) TimerEvent: {}
[540.446533] (-) TimerEvent: {}
[540.548380] (-) TimerEvent: {}
[540.649924] (-) TimerEvent: {}
[540.751422] (-) TimerEvent: {}
[540.853499] (-) TimerEvent: {}
[540.955289] (-) TimerEvent: {}
[541.057063] (-) TimerEvent: {}
[541.158746] (-) TimerEvent: {}
[541.260596] (-) TimerEvent: {}
[541.362271] (-) TimerEvent: {}
[541.464861] (-) TimerEvent: {}
[541.567240] (-) TimerEvent: {}
[541.670014] (-) TimerEvent: {}
[541.771787] (-) TimerEvent: {}
[541.873283] (-) TimerEvent: {}
[541.974868] (-) TimerEvent: {}
[542.076433] (-) TimerEvent: {}
[542.177928] (-) TimerEvent: {}
[542.279799] (-) TimerEvent: {}
[542.382538] (-) TimerEvent: {}
[542.484318] (-) TimerEvent: {}
[542.585982] (-) TimerEvent: {}
[542.687918] (-) TimerEvent: {}
[542.790347] (-) TimerEvent: {}
[542.893297] (-) TimerEvent: {}
[542.995617] (-) TimerEvent: {}
[543.098025] (-) TimerEvent: {}
[543.200358] (-) TimerEvent: {}
[543.303245] (-) TimerEvent: {}
[543.405793] (-) TimerEvent: {}
[543.508336] (-) TimerEvent: {}
[543.610132] (-) TimerEvent: {}
[543.712647] (-) TimerEvent: {}
[543.814312] (-) TimerEvent: {}
[543.915874] (-) TimerEvent: {}
[544.017361] (-) TimerEvent: {}
[544.118854] (-) TimerEvent: {}
[544.220670] (-) TimerEvent: {}
[544.322379] (-) TimerEvent: {}
[544.424439] (-) TimerEvent: {}
[544.526109] (-) TimerEvent: {}
[544.628114] (-) TimerEvent: {}
[544.730627] (-) TimerEvent: {}
[544.833506] (-) TimerEvent: {}
[544.935050] (-) TimerEvent: {}
[545.036887] (-) TimerEvent: {}
[545.138708] (-) TimerEvent: {}
[545.240340] (-) TimerEvent: {}
[545.341986] (-) TimerEvent: {}
[545.443477] (-) TimerEvent: {}
[545.545253] (-) TimerEvent: {}
[545.646783] (-) TimerEvent: {}
[545.748420] (-) TimerEvent: {}
[545.850491] (-) TimerEvent: {}
[545.952415] (-) TimerEvent: {}
[546.054320] (-) TimerEvent: {}
[546.156197] (-) TimerEvent: {}
[546.257882] (-) TimerEvent: {}
[546.359457] (-) TimerEvent: {}
[546.461213] (-) TimerEvent: {}
[546.562866] (-) TimerEvent: {}
[546.665019] (-) TimerEvent: {}
[546.766759] (-) TimerEvent: {}
[546.868379] (-) TimerEvent: {}
[546.970046] (-) TimerEvent: {}
[547.071779] (-) TimerEvent: {}
[547.173231] (-) TimerEvent: {}
[547.274835] (-) TimerEvent: {}
[547.376334] (-) TimerEvent: {}
[547.478067] (-) TimerEvent: {}
[547.579646] (-) TimerEvent: {}
[547.681191] (-) TimerEvent: {}
[547.782902] (-) TimerEvent: {}
[547.884716] (-) TimerEvent: {}
[547.986244] (-) TimerEvent: {}
[548.087927] (-) TimerEvent: {}
[548.189438] (-) TimerEvent: {}
[548.291251] (-) TimerEvent: {}
[548.392941] (-) TimerEvent: {}
[548.494399] (-) TimerEvent: {}
[548.595793] (-) TimerEvent: {}
[549.088532] (-) TimerEvent: {}
[549.190105] (-) TimerEvent: {}
[549.291718] (-) TimerEvent: {}
[549.393280] (-) TimerEvent: {}
[549.495004] (-) TimerEvent: {}
[549.596632] (-) TimerEvent: {}
[549.698296] (-) TimerEvent: {}
[549.800035] (-) TimerEvent: {}
[549.901575] (-) TimerEvent: {}
[550.003175] (-) TimerEvent: {}
[550.105056] (-) TimerEvent: {}
[550.206758] (-) TimerEvent: {}
[550.308823] (-) TimerEvent: {}
[550.410646] (-) TimerEvent: {}
[550.512430] (-) TimerEvent: {}
[550.614136] (-) TimerEvent: {}
[550.716012] (-) TimerEvent: {}
[550.817716] (-) TimerEvent: {}
[550.919513] (-) TimerEvent: {}
[551.021121] (-) TimerEvent: {}
[551.122671] (-) TimerEvent: {}
[551.224487] (-) TimerEvent: {}
[551.326040] (-) TimerEvent: {}
[551.427776] (-) TimerEvent: {}
[551.529510] (-) TimerEvent: {}
[551.631231] (-) TimerEvent: {}
[551.733203] (-) TimerEvent: {}
[551.834752] (-) TimerEvent: {}
[551.936370] (-) TimerEvent: {}
[552.037846] (-) TimerEvent: {}
[552.139200] (-) TimerEvent: {}
[552.241516] (-) TimerEvent: {}
[552.343329] (-) TimerEvent: {}
[552.445422] (-) TimerEvent: {}
[552.549475] (-) TimerEvent: {}
[552.652550] (-) TimerEvent: {}
[552.754319] (-) TimerEvent: {}
[552.855883] (-) TimerEvent: {}
[552.957639] (-) TimerEvent: {}
[553.059267] (-) TimerEvent: {}
[553.160884] (-) TimerEvent: {}
[553.262419] (-) TimerEvent: {}
[553.364070] (-) TimerEvent: {}
[553.465932] (-) TimerEvent: {}
[553.567623] (-) TimerEvent: {}
[553.669161] (-) TimerEvent: {}
[553.770895] (-) TimerEvent: {}
[553.873454] (-) TimerEvent: {}
[553.974891] (-) TimerEvent: {}
[554.077240] (-) TimerEvent: {}
[554.179836] (-) TimerEvent: {}
[554.281513] (-) TimerEvent: {}
[554.383198] (-) TimerEvent: {}
[554.485070] (-) TimerEvent: {}
[554.587808] (-) TimerEvent: {}
[554.690404] (-) TimerEvent: {}
[554.792771] (-) TimerEvent: {}
[554.894339] (-) TimerEvent: {}
[554.996269] (-) TimerEvent: {}
[555.097810] (-) TimerEvent: {}
[555.199425] (-) TimerEvent: {}
[555.301003] (-) TimerEvent: {}
[555.402713] (-) TimerEvent: {}
[555.504458] (-) TimerEvent: {}
[555.606067] (-) TimerEvent: {}
[555.707788] (-) TimerEvent: {}
[555.809255] (-) TimerEvent: {}
[555.911917] (-) TimerEvent: {}
[556.013443] (-) TimerEvent: {}
[556.115115] (-) TimerEvent: {}
[556.216804] (-) TimerEvent: {}
[556.318649] (-) TimerEvent: {}
[556.420498] (-) TimerEvent: {}
[556.522251] (-) TimerEvent: {}
[556.625018] (-) TimerEvent: {}
[556.726665] (-) TimerEvent: {}
[556.829483] (-) TimerEvent: {}
[556.932247] (-) TimerEvent: {}
[557.034927] (-) TimerEvent: {}
[557.137518] (-) TimerEvent: {}
[557.240009] (-) TimerEvent: {}
[557.341707] (-) TimerEvent: {}
[557.443637] (-) TimerEvent: {}
[557.545110] (-) TimerEvent: {}
[557.646801] (-) TimerEvent: {}
[557.748496] (-) TimerEvent: {}
[557.850044] (-) TimerEvent: {}
[557.951785] (-) TimerEvent: {}
[558.053506] (-) TimerEvent: {}
[558.155068] (-) TimerEvent: {}
[558.256833] (-) TimerEvent: {}
[558.358473] (-) TimerEvent: {}
[558.460174] (-) TimerEvent: {}
[558.561674] (-) TimerEvent: {}
[558.664300] (-) TimerEvent: {}
[558.765785] (-) TimerEvent: {}
[558.867453] (-) TimerEvent: {}
[558.969149] (-) TimerEvent: {}
[559.070638] (-) TimerEvent: {}
[559.172349] (-) TimerEvent: {}
[559.274057] (-) TimerEvent: {}
[559.375824] (-) TimerEvent: {}
[559.477489] (-) TimerEvent: {}
[559.579214] (-) TimerEvent: {}
[559.681139] (-) TimerEvent: {}
[559.782871] (-) TimerEvent: {}
[559.884624] (-) TimerEvent: {}
[559.986385] (-) TimerEvent: {}
[560.088109] (-) TimerEvent: {}
[560.189758] (-) TimerEvent: {}
[560.291352] (-) TimerEvent: {}
[560.392989] (-) TimerEvent: {}
[560.494490] (-) TimerEvent: {}
[560.596073] (-) TimerEvent: {}
[560.697675] (-) TimerEvent: {}
[560.799296] (-) TimerEvent: {}
[560.900756] (-) TimerEvent: {}
[561.002516] (-) TimerEvent: {}
[561.104132] (-) TimerEvent: {}
[561.205700] (-) TimerEvent: {}
[561.307254] (-) TimerEvent: {}
[561.408803] (-) TimerEvent: {}
[561.510503] (-) TimerEvent: {}
[561.612113] (-) TimerEvent: {}
[561.713845] (-) TimerEvent: {}
[561.815669] (-) TimerEvent: {}
[561.917335] (-) TimerEvent: {}
[562.019156] (-) TimerEvent: {}
[562.121128] (-) TimerEvent: {}
[562.222992] (-) TimerEvent: {}
[562.324860] (-) TimerEvent: {}
[562.426420] (-) TimerEvent: {}
[562.528164] (-) TimerEvent: {}
[562.629584] (-) TimerEvent: {}
[562.731404] (-) TimerEvent: {}
[562.833164] (-) TimerEvent: {}
[562.934888] (-) TimerEvent: {}
[563.036593] (-) TimerEvent: {}
[563.453278] (-) TimerEvent: {}
[563.554875] (-) TimerEvent: {}
[563.656672] (-) TimerEvent: {}
[563.758577] (-) TimerEvent: {}
[563.860373] (-) TimerEvent: {}
[563.962246] (-) TimerEvent: {}
[564.064133] (-) TimerEvent: {}
[564.165882] (-) TimerEvent: {}
[564.267452] (-) TimerEvent: {}
[564.369188] (-) TimerEvent: {}
[564.470772] (-) TimerEvent: {}
[564.572123] (-) TimerEvent: {}
[564.673760] (-) TimerEvent: {}
[564.775987] (-) TimerEvent: {}
[564.877726] (-) TimerEvent: {}
[564.979293] (-) TimerEvent: {}
[565.081188] (-) TimerEvent: {}
[565.182629] (-) TimerEvent: {}
[565.284376] (-) TimerEvent: {}
[565.386184] (-) TimerEvent: {}
[565.487711] (-) TimerEvent: {}
[565.589289] (-) TimerEvent: {}
[565.690614] (-) TimerEvent: {}
[565.792202] (-) TimerEvent: {}
[565.893861] (-) TimerEvent: {}
[565.996419] (-) TimerEvent: {}
[566.098117] (-) TimerEvent: {}
[566.200378] (-) TimerEvent: {}
[566.302244] (-) TimerEvent: {}
[566.403890] (-) TimerEvent: {}
[566.505372] (-) TimerEvent: {}
[566.606863] (-) TimerEvent: {}
[566.708457] (-) TimerEvent: {}
[566.810141] (-) TimerEvent: {}
[566.911698] (-) TimerEvent: {}
[567.013778] (-) TimerEvent: {}
[567.116791] (-) TimerEvent: {}
[567.218854] (-) TimerEvent: {}
[567.321287] (-) TimerEvent: {}
[567.423179] (-) TimerEvent: {}
[567.525289] (-) TimerEvent: {}
[567.626749] (-) TimerEvent: {}
[567.728408] (-) TimerEvent: {}
[567.830983] (-) TimerEvent: {}
[567.932630] (-) TimerEvent: {}
[568.034200] (-) TimerEvent: {}
[568.136669] (-) TimerEvent: {}
[568.239374] (-) TimerEvent: {}
[568.341874] (-) TimerEvent: {}
[568.444602] (-) TimerEvent: {}
[568.546967] (-) TimerEvent: {}
[568.649345] (-) TimerEvent: {}
[568.751793] (-) TimerEvent: {}
[568.854422] (-) TimerEvent: {}
[568.956739] (-) TimerEvent: {}
[569.058272] (-) TimerEvent: {}
[569.160991] (-) TimerEvent: {}
[569.262619] (-) TimerEvent: {}
[569.364360] (-) TimerEvent: {}
[569.465909] (-) TimerEvent: {}
[569.567537] (-) TimerEvent: {}
[569.669142] (-) TimerEvent: {}
[569.770677] (-) TimerEvent: {}
[569.872391] (-) TimerEvent: {}
[569.974128] (-) TimerEvent: {}
[570.078581] (-) TimerEvent: {}
[570.180452] (-) TimerEvent: {}
[570.282407] (-) TimerEvent: {}
[570.385236] (-) TimerEvent: {}
[570.486874] (-) TimerEvent: {}
[570.588698] (-) TimerEvent: {}
[570.690371] (-) TimerEvent: {}
[570.792014] (-) TimerEvent: {}
[570.893687] (-) TimerEvent: {}
[570.995491] (-) TimerEvent: {}
[571.097864] (-) TimerEvent: {}
[571.200687] (-) TimerEvent: {}
[571.302413] (-) TimerEvent: {}
[571.404519] (-) TimerEvent: {}
[571.506213] (-) TimerEvent: {}
[571.608402] (-) TimerEvent: {}
[571.710411] (-) TimerEvent: {}
[571.812035] (-) TimerEvent: {}
[571.913763] (-) TimerEvent: {}
[572.015490] (-) TimerEvent: {}
[572.117333] (-) TimerEvent: {}
[572.218719] (-) TimerEvent: {}
[572.320377] (-) TimerEvent: {}
[572.422085] (-) TimerEvent: {}
[572.523801] (-) TimerEvent: {}
[572.625437] (-) TimerEvent: {}
[572.726819] (-) TimerEvent: {}
[572.829369] (-) TimerEvent: {}
[572.930950] (-) TimerEvent: {}
[573.032615] (-) TimerEvent: {}
[573.133981] (-) TimerEvent: {}
[573.235524] (-) TimerEvent: {}
[573.337487] (-) TimerEvent: {}
[573.439042] (-) TimerEvent: {}
[573.540736] (-) TimerEvent: {}
[573.642482] (-) TimerEvent: {}
[573.744183] (-) TimerEvent: {}
[573.846093] (-) TimerEvent: {}
[573.948148] (-) TimerEvent: {}
[574.049921] (-) TimerEvent: {}
[574.152965] (-) TimerEvent: {}
[574.256226] (-) TimerEvent: {}
[574.358299] (-) TimerEvent: {}
[574.460321] (-) TimerEvent: {}
[574.561950] (-) TimerEvent: {}
[574.663702] (-) TimerEvent: {}
[574.765527] (-) TimerEvent: {}
[574.867205] (-) TimerEvent: {}
[574.969064] (-) TimerEvent: {}
[575.070714] (-) TimerEvent: {}
[575.172442] (-) TimerEvent: {}
[575.274074] (-) TimerEvent: {}
[575.375770] (-) TimerEvent: {}
[575.477421] (-) TimerEvent: {}
[575.579071] (-) TimerEvent: {}
[575.680949] (-) TimerEvent: {}
[575.782710] (-) TimerEvent: {}
[575.884223] (-) TimerEvent: {}
[575.985692] (-) TimerEvent: {}
[576.087234] (-) TimerEvent: {}
[576.189036] (-) TimerEvent: {}
[576.290949] (-) TimerEvent: {}
[576.392819] (-) TimerEvent: {}
[576.494442] (-) TimerEvent: {}
[576.596372] (-) TimerEvent: {}
[576.698008] (-) TimerEvent: {}
[576.799793] (-) TimerEvent: {}
[576.901093] (-) TimerEvent: {}
[577.002666] (-) TimerEvent: {}
[577.104462] (-) TimerEvent: {}
[577.205886] (-) TimerEvent: {}
[577.307718] (-) TimerEvent: {}
[577.409406] (-) TimerEvent: {}
[577.511111] (-) TimerEvent: {}
[577.612516] (-) TimerEvent: {}
[577.714086] (-) TimerEvent: {}
[577.815707] (-) TimerEvent: {}
[577.917663] (-) TimerEvent: {}
[578.020354] (-) TimerEvent: {}
[578.122785] (-) TimerEvent: {}
[578.224825] (-) TimerEvent: {}
[578.328036] (-) TimerEvent: {}
[578.431397] (-) TimerEvent: {}
[578.533963] (-) TimerEvent: {}
[578.636909] (-) TimerEvent: {}
[578.739694] (-) TimerEvent: {}
[578.841835] (-) TimerEvent: {}
[578.943728] (-) TimerEvent: {}
[579.045341] (-) TimerEvent: {}
[579.147984] (-) TimerEvent: {}
[579.249359] (-) TimerEvent: {}
[579.351071] (-) TimerEvent: {}
[579.453378] (-) TimerEvent: {}
[579.556393] (-) TimerEvent: {}
[579.658900] (-) TimerEvent: {}
[579.761477] (-) TimerEvent: {}
[579.863098] (-) TimerEvent: {}
[579.965062] (-) TimerEvent: {}
[580.067338] (-) TimerEvent: {}
[580.169314] (-) TimerEvent: {}
[580.271040] (-) TimerEvent: {}
[580.372773] (-) TimerEvent: {}
[580.474286] (-) TimerEvent: {}
[580.576265] (-) TimerEvent: {}
[580.678027] (-) TimerEvent: {}
[580.779717] (-) TimerEvent: {}
[580.881156] (-) TimerEvent: {}
[580.983021] (-) TimerEvent: {}
[581.085161] (-) TimerEvent: {}
[581.186867] (-) TimerEvent: {}
[581.288655] (-) TimerEvent: {}
[581.390303] (-) TimerEvent: {}
[581.491953] (-) TimerEvent: {}
[581.593730] (-) TimerEvent: {}
[581.695405] (-) TimerEvent: {}
[581.797145] (-) TimerEvent: {}
[581.898735] (-) TimerEvent: {}
[582.000563] (-) TimerEvent: {}
[582.101995] (-) TimerEvent: {}
[582.203417] (-) TimerEvent: {}
[582.305151] (-) TimerEvent: {}
[582.406787] (-) TimerEvent: {}
[582.508992] (-) TimerEvent: {}
[582.610570] (-) TimerEvent: {}
[582.712257] (-) TimerEvent: {}
[582.813869] (-) TimerEvent: {}
[582.915841] (-) TimerEvent: {}
[583.017514] (-) TimerEvent: {}
[583.119233] (-) TimerEvent: {}
[583.221114] (-) TimerEvent: {}
[583.322913] (-) TimerEvent: {}
[583.425082] (-) TimerEvent: {}
[583.533401] (-) TimerEvent: {}
[583.635041] (-) TimerEvent: {}
[583.736863] (-) TimerEvent: {}
[583.838471] (-) TimerEvent: {}
[583.940510] (-) TimerEvent: {}
[584.042052] (-) TimerEvent: {}
[584.143697] (-) TimerEvent: {}
[584.246923] (-) TimerEvent: {}
[584.349884] (-) TimerEvent: {}
[584.452484] (-) TimerEvent: {}
[584.554014] (-) TimerEvent: {}
[584.655918] (-) TimerEvent: {}
[584.758302] (-) TimerEvent: {}
[584.860817] (-) TimerEvent: {}
[584.963079] (-) TimerEvent: {}
[585.064690] (-) TimerEvent: {}
[585.166328] (-) TimerEvent: {}
[585.267769] (-) TimerEvent: {}
[585.369085] (-) TimerEvent: {}
[585.470734] (-) TimerEvent: {}
[585.572458] (-) TimerEvent: {}
[585.674127] (-) TimerEvent: {}
[585.776182] (-) TimerEvent: {}
[585.877845] (-) TimerEvent: {}
[585.979358] (-) TimerEvent: {}
[586.081241] (-) TimerEvent: {}
[586.182874] (-) TimerEvent: {}
[586.284845] (-) TimerEvent: {}
[586.386551] (-) TimerEvent: {}
[586.488412] (-) TimerEvent: {}
[586.590246] (-) TimerEvent: {}
[586.692122] (-) TimerEvent: {}
[586.793879] (-) TimerEvent: {}
[586.895426] (-) TimerEvent: {}
[586.997026] (-) TimerEvent: {}
[587.098481] (-) TimerEvent: {}
[587.201087] (-) TimerEvent: {}
[587.302735] (-) TimerEvent: {}
[587.404317] (-) TimerEvent: {}
[587.506580] (-) TimerEvent: {}
[587.608722] (-) TimerEvent: {}
[587.710275] (-) TimerEvent: {}
[587.812673] (-) TimerEvent: {}
[587.914340] (-) TimerEvent: {}
[588.016252] (-) TimerEvent: {}
[588.119118] (-) TimerEvent: {}
[588.221585] (-) TimerEvent: {}
[588.323102] (-) TimerEvent: {}
[588.426102] (-) TimerEvent: {}
[588.528814] (-) TimerEvent: {}
[588.631190] (-) TimerEvent: {}
[588.733236] (-) TimerEvent: {}
[588.834697] (-) TimerEvent: {}
[588.936561] (-) TimerEvent: {}
[589.038381] (-) TimerEvent: {}
[589.140063] (-) TimerEvent: {}
[589.241765] (-) TimerEvent: {}
[589.343214] (-) TimerEvent: {}
[589.444941] (-) TimerEvent: {}
[589.546543] (-) TimerEvent: {}
[589.649088] (-) TimerEvent: {}
[589.751838] (-) TimerEvent: {}
[589.854511] (-) TimerEvent: {}
[589.957239] (-) TimerEvent: {}
[590.059920] (-) TimerEvent: {}
[590.162455] (-) TimerEvent: {}
[590.265061] (-) TimerEvent: {}
[590.366647] (-) TimerEvent: {}
[590.468317] (-) TimerEvent: {}
[590.570977] (-) TimerEvent: {}
[590.674715] (-) TimerEvent: {}
[590.776348] (-) TimerEvent: {}
[590.877996] (-) TimerEvent: {}
[590.979756] (-) TimerEvent: {}
[591.081330] (-) TimerEvent: {}
[591.183037] (-) TimerEvent: {}
[591.284629] (-) TimerEvent: {}
[591.387194] (-) TimerEvent: {}
[591.489414] (-) TimerEvent: {}
[591.591094] (-) TimerEvent: {}
[591.692793] (-) TimerEvent: {}
[591.794306] (-) TimerEvent: {}
[591.896005] (-) TimerEvent: {}
[591.998341] (-) TimerEvent: {}
[592.099888] (-) TimerEvent: {}
[592.201272] (-) TimerEvent: {}
[592.302856] (-) TimerEvent: {}
[592.405296] (-) TimerEvent: {}
[592.506825] (-) TimerEvent: {}
[592.608414] (-) TimerEvent: {}
[592.709958] (-) TimerEvent: {}
[592.811712] (-) TimerEvent: {}
[592.913449] (-) TimerEvent: {}
[593.015841] (-) TimerEvent: {}
[593.118497] (-) TimerEvent: {}
[593.220438] (-) TimerEvent: {}
[593.322145] (-) TimerEvent: {}
[593.423893] (-) TimerEvent: {}
[593.526099] (-) TimerEvent: {}
[593.627736] (-) TimerEvent: {}
[593.729466] (-) TimerEvent: {}
[593.831099] (-) TimerEvent: {}
[593.932713] (-) TimerEvent: {}
[594.034373] (-) TimerEvent: {}
[594.136335] (-) TimerEvent: {}
[594.238077] (-) TimerEvent: {}
[594.339754] (-) TimerEvent: {}
[594.441449] (-) TimerEvent: {}
[594.543244] (-) TimerEvent: {}
[594.644957] (-) TimerEvent: {}
[594.746843] (-) TimerEvent: {}
[594.849433] (-) TimerEvent: {}
[594.950975] (-) TimerEvent: {}
[595.052753] (-) TimerEvent: {}
[595.155916] (-) TimerEvent: {}
[595.257592] (-) TimerEvent: {}
[595.359137] (-) TimerEvent: {}
[595.460788] (-) TimerEvent: {}
[595.562544] (-) TimerEvent: {}
[595.671151] (-) TimerEvent: {}
[595.772712] (-) TimerEvent: {}
[595.874543] (-) TimerEvent: {}
[595.976316] (-) TimerEvent: {}
[596.078085] (-) TimerEvent: {}
[596.179857] (-) TimerEvent: {}
[596.281567] (-) TimerEvent: {}
[596.383120] (-) TimerEvent: {}
[596.484708] (-) TimerEvent: {}
[596.586493] (-) TimerEvent: {}
[596.688327] (-) TimerEvent: {}
[596.790881] (-) TimerEvent: {}
[596.893251] (-) TimerEvent: {}
[596.994827] (-) TimerEvent: {}
[597.096739] (-) TimerEvent: {}
[597.198115] (-) TimerEvent: {}
[597.299525] (-) TimerEvent: {}
[597.401009] (-) TimerEvent: {}
[597.502681] (-) TimerEvent: {}
[597.604373] (-) TimerEvent: {}
[597.707498] (-) TimerEvent: {}
[597.809311] (-) TimerEvent: {}
[597.911213] (-) TimerEvent: {}
[598.013162] (-) TimerEvent: {}
[598.114802] (-) TimerEvent: {}
[598.216728] (-) TimerEvent: {}
[598.318433] (-) TimerEvent: {}
[598.420164] (-) TimerEvent: {}
[598.521765] (-) TimerEvent: {}
[598.624180] (-) TimerEvent: {}
[598.725891] (-) TimerEvent: {}
[598.827318] (-) TimerEvent: {}
[598.929056] (-) TimerEvent: {}
[599.030860] (-) TimerEvent: {}
[599.132657] (-) TimerEvent: {}
[599.234365] (-) TimerEvent: {}
[599.336819] (-) TimerEvent: {}
[599.439288] (-) TimerEvent: {}
[599.540885] (-) TimerEvent: {}
[599.642684] (-) TimerEvent: {}
[599.744329] (-) TimerEvent: {}
[599.845842] (-) TimerEvent: {}
[599.947383] (-) TimerEvent: {}
[600.049171] (-) TimerEvent: {}
[600.151022] (-) TimerEvent: {}
[600.253169] (-) TimerEvent: {}
[600.355009] (-) TimerEvent: {}
[600.457527] (-) TimerEvent: {}
[600.558815] (-) TimerEvent: {}
[600.660545] (-) TimerEvent: {}
[600.762206] (-) TimerEvent: {}
[600.863998] (-) TimerEvent: {}
[600.965452] (-) TimerEvent: {}
[601.067129] (-) TimerEvent: {}
[601.168809] (-) TimerEvent: {}
[601.270311] (-) TimerEvent: {}
[601.372018] (-) TimerEvent: {}
[601.474172] (-) TimerEvent: {}
[601.575747] (-) TimerEvent: {}
[601.677373] (-) TimerEvent: {}
[601.779110] (-) TimerEvent: {}
[601.880835] (-) TimerEvent: {}
[601.982351] (-) TimerEvent: {}
[602.084083] (-) TimerEvent: {}
[602.185371] (-) TimerEvent: {}
[602.287103] (-) TimerEvent: {}
[602.389596] (-) TimerEvent: {}
[602.491498] (-) TimerEvent: {}
[602.594143] (-) TimerEvent: {}
[602.696936] (-) TimerEvent: {}
[602.798500] (-) TimerEvent: {}
[602.900066] (-) TimerEvent: {}
[603.001846] (-) TimerEvent: {}
[603.104446] (-) TimerEvent: {}
[603.206807] (-) TimerEvent: {}
[603.309281] (-) TimerEvent: {}
[603.410958] (-) TimerEvent: {}
[603.513183] (-) TimerEvent: {}
[603.616112] (-) TimerEvent: {}
[603.718471] (-) TimerEvent: {}
[603.821405] (-) TimerEvent: {}
[603.923675] (-) TimerEvent: {}
[604.025501] (-) TimerEvent: {}
[604.127830] (-) TimerEvent: {}
[604.229533] (-) TimerEvent: {}
[604.331221] (-) TimerEvent: {}
[604.435158] (-) TimerEvent: {}
[604.537528] (-) TimerEvent: {}
[604.638992] (-) TimerEvent: {}
[604.740844] (-) TimerEvent: {}
[604.842769] (-) TimerEvent: {}
[604.944573] (-) TimerEvent: {}
[605.046193] (-) TimerEvent: {}
[605.147706] (-) TimerEvent: {}
[605.249379] (-) TimerEvent: {}
[605.350863] (-) TimerEvent: {}
[605.452271] (-) TimerEvent: {}
[605.554130] (-) TimerEvent: {}
[605.657330] (-) TimerEvent: {}
[605.759223] (-) TimerEvent: {}
[605.862100] (-) TimerEvent: {}
[605.964760] (-) TimerEvent: {}
[606.066942] (-) TimerEvent: {}
[606.168796] (-) TimerEvent: {}
[606.270666] (-) TimerEvent: {}
[606.373432] (-) TimerEvent: {}
[606.475111] (-) TimerEvent: {}
[606.577054] (-) TimerEvent: {}
[606.678715] (-) TimerEvent: {}
[606.780513] (-) TimerEvent: {}
[606.882566] (-) TimerEvent: {}
[606.984422] (-) TimerEvent: {}
[607.085949] (-) TimerEvent: {}
[607.187940] (-) TimerEvent: {}
[607.290064] (-) TimerEvent: {}
[607.392124] (-) TimerEvent: {}
[607.494364] (-) TimerEvent: {}
[607.596827] (-) TimerEvent: {}
[607.699115] (-) TimerEvent: {}
[607.800586] (-) TimerEvent: {}
[607.902513] (-) TimerEvent: {}
[608.004963] (-) TimerEvent: {}
[608.107665] (-) TimerEvent: {}
[608.209120] (-) TimerEvent: {}
[608.310867] (-) TimerEvent: {}
[608.413219] (-) TimerEvent: {}
[608.514781] (-) TimerEvent: {}
[608.617691] (-) TimerEvent: {}
[608.720009] (-) TimerEvent: {}
[608.822997] (-) TimerEvent: {}
[608.925436] (-) TimerEvent: {}
[609.026964] (-) TimerEvent: {}
[609.129422] (-) TimerEvent: {}
[609.231157] (-) TimerEvent: {}
[609.332739] (-) TimerEvent: {}
[609.434453] (-) TimerEvent: {}
[609.536417] (-) TimerEvent: {}
[609.638181] (-) TimerEvent: {}
[609.740171] (-) TimerEvent: {}
[609.841972] (-) TimerEvent: {}
[609.943636] (-) TimerEvent: {}
[610.045246] (-) TimerEvent: {}
[610.146898] (-) TimerEvent: {}
[610.248682] (-) TimerEvent: {}
[610.350255] (-) TimerEvent: {}
[610.452016] (-) TimerEvent: {}
[610.553694] (-) TimerEvent: {}
[610.655567] (-) TimerEvent: {}
[610.757627] (-) TimerEvent: {}
[610.859368] (-) TimerEvent: {}
[610.961259] (-) TimerEvent: {}
[611.062941] (-) TimerEvent: {}
[611.164694] (-) TimerEvent: {}
[611.266213] (-) TimerEvent: {}
[611.367928] (-) TimerEvent: {}
[611.469767] (-) TimerEvent: {}
[611.571500] (-) TimerEvent: {}
[611.673622] (-) TimerEvent: {}
[611.775405] (-) TimerEvent: {}
[611.877002] (-) TimerEvent: {}
[611.978435] (-) TimerEvent: {}
[612.080225] (-) TimerEvent: {}
[612.181837] (-) TimerEvent: {}
[612.283536] (-) TimerEvent: {}
[612.385517] (-) TimerEvent: {}
[612.487166] (-) TimerEvent: {}
[612.588749] (-) TimerEvent: {}
[612.690276] (-) TimerEvent: {}
[612.792509] (-) TimerEvent: {}
[612.894554] (-) TimerEvent: {}
[612.996233] (-) TimerEvent: {}
[613.097870] (-) TimerEvent: {}
[613.199441] (-) TimerEvent: {}
[613.301191] (-) TimerEvent: {}
[613.403345] (-) TimerEvent: {}
[613.505222] (-) TimerEvent: {}
[613.606864] (-) TimerEvent: {}
[613.708622] (-) TimerEvent: {}
[613.810360] (-) TimerEvent: {}
[613.912317] (-) TimerEvent: {}
[614.013713] (-) TimerEvent: {}
[614.115719] (-) TimerEvent: {}
[614.218313] (-) TimerEvent: {}
[614.320166] (-) TimerEvent: {}
[614.422042] (-) TimerEvent: {}
[614.523814] (-) TimerEvent: {}
[614.626047] (-) TimerEvent: {}
[614.727815] (-) TimerEvent: {}
[614.829450] (-) TimerEvent: {}
[614.930891] (-) TimerEvent: {}
[615.032608] (-) TimerEvent: {}
[615.134141] (-) TimerEvent: {}
[615.236228] (-) TimerEvent: {}
[615.337849] (-) TimerEvent: {}
[615.439413] (-) TimerEvent: {}
[615.541052] (-) TimerEvent: {}
[615.642890] (-) TimerEvent: {}
[615.744450] (-) TimerEvent: {}
[615.845969] (-) TimerEvent: {}
[615.947977] (-) TimerEvent: {}
[616.050397] (-) TimerEvent: {}
[616.152717] (-) TimerEvent: {}
[616.254193] (-) TimerEvent: {}
[616.355817] (-) TimerEvent: {}
[616.457556] (-) TimerEvent: {}
[616.559300] (-) TimerEvent: {}
[616.661619] (-) TimerEvent: {}
[616.763146] (-) TimerEvent: {}
[616.864732] (-) TimerEvent: {}
[616.970760] (-) TimerEvent: {}
[617.073636] (-) TimerEvent: {}
[617.176410] (-) TimerEvent: {}
[617.278168] (-) TimerEvent: {}
[617.379867] (-) TimerEvent: {}
[617.481693] (-) TimerEvent: {}
[617.583619] (-) TimerEvent: {}
[617.685231] (-) TimerEvent: {}
[617.786660] (-) TimerEvent: {}
[617.888492] (-) TimerEvent: {}
[617.990137] (-) TimerEvent: {}
[618.091897] (-) TimerEvent: {}
[618.193574] (-) TimerEvent: {}
[618.295175] (-) TimerEvent: {}
[618.396990] (-) TimerEvent: {}
[618.499864] (-) TimerEvent: {}
[618.601418] (-) TimerEvent: {}
[618.703022] (-) TimerEvent: {}
[618.804766] (-) TimerEvent: {}
[618.906473] (-) TimerEvent: {}
[619.012503] (-) TimerEvent: {}
[619.114622] (-) TimerEvent: {}
[619.216230] (-) TimerEvent: {}
[619.317750] (-) TimerEvent: {}
[619.419424] (-) TimerEvent: {}
[619.521023] (-) TimerEvent: {}
[619.622531] (-) TimerEvent: {}
[619.724110] (-) TimerEvent: {}
[619.825762] (-) TimerEvent: {}
[619.927397] (-) TimerEvent: {}
[620.029077] (-) TimerEvent: {}
[620.130543] (-) TimerEvent: {}
[620.232331] (-) TimerEvent: {}
[620.334020] (-) TimerEvent: {}
[620.435639] (-) TimerEvent: {}
[620.537368] (-) TimerEvent: {}
[620.639167] (-) TimerEvent: {}
[620.740846] (-) TimerEvent: {}
[620.842394] (-) TimerEvent: {}
[620.943907] (-) TimerEvent: {}
[621.045392] (-) TimerEvent: {}
[621.147132] (-) TimerEvent: {}
[621.248972] (-) TimerEvent: {}
[621.350733] (-) TimerEvent: {}
[621.452637] (-) TimerEvent: {}
[621.554453] (-) TimerEvent: {}
[621.655983] (-) TimerEvent: {}
[621.757510] (-) TimerEvent: {}
[621.859285] (-) TimerEvent: {}
[621.960954] (-) TimerEvent: {}
[622.062579] (-) TimerEvent: {}
[622.164542] (-) TimerEvent: {}
[622.266708] (-) TimerEvent: {}
[622.368487] (-) TimerEvent: {}
[622.470958] (-) TimerEvent: {}
[622.573437] (-) TimerEvent: {}
[622.675797] (-) TimerEvent: {}
[622.777558] (-) TimerEvent: {}
[622.879244] (-) TimerEvent: {}
[622.981319] (-) TimerEvent: {}
[623.083118] (-) TimerEvent: {}
[623.185646] (-) TimerEvent: {}
[623.287439] (-) TimerEvent: {}
[623.389070] (-) TimerEvent: {}
[623.490817] (-) TimerEvent: {}
[623.592776] (-) TimerEvent: {}
[623.694381] (-) TimerEvent: {}
[623.796067] (-) TimerEvent: {}
[623.897573] (-) TimerEvent: {}
[623.999313] (-) TimerEvent: {}
[624.101208] (-) TimerEvent: {}
[624.202970] (-) TimerEvent: {}
[624.304633] (-) TimerEvent: {}
[624.406258] (-) TimerEvent: {}
[624.507761] (-) TimerEvent: {}
[624.609451] (-) TimerEvent: {}
[624.710979] (-) TimerEvent: {}
[624.812778] (-) TimerEvent: {}
[624.915467] (-) TimerEvent: {}
[625.017448] (-) TimerEvent: {}
[625.118796] (-) TimerEvent: {}
[625.220497] (-) TimerEvent: {}
[625.322134] (-) TimerEvent: {}
[625.423850] (-) TimerEvent: {}
[625.525586] (-) TimerEvent: {}
[625.627382] (-) TimerEvent: {}
[625.729386] (-) TimerEvent: {}
[625.831083] (-) TimerEvent: {}
[625.932617] (-) TimerEvent: {}
[626.034004] (-) TimerEvent: {}
[626.135511] (-) TimerEvent: {}
[626.237211] (-) TimerEvent: {}
[626.338584] (-) TimerEvent: {}
[626.439852] (-) TimerEvent: {}
[626.542023] (-) TimerEvent: {}
[626.644709] (-) TimerEvent: {}
[626.746693] (-) TimerEvent: {}
[626.849640] (-) TimerEvent: {}
[626.951436] (-) TimerEvent: {}
[627.053279] (-) TimerEvent: {}
[627.155278] (-) TimerEvent: {}
[627.257047] (-) TimerEvent: {}
[627.358643] (-) TimerEvent: {}
[627.460014] (-) TimerEvent: {}
[627.562228] (-) TimerEvent: {}
[627.765364] (-) TimerEvent: {}
[628.419763] (-) TimerEvent: {}
[628.522541] (-) TimerEvent: {}
[628.624575] (-) TimerEvent: {}
[628.726056] (-) TimerEvent: {}
[628.827735] (-) TimerEvent: {}
[628.929276] (-) TimerEvent: {}
[629.031081] (-) TimerEvent: {}
[629.133357] (-) TimerEvent: {}
[629.235165] (-) TimerEvent: {}
[629.338270] (-) TimerEvent: {}
[629.440092] (-) TimerEvent: {}
[629.542113] (-) TimerEvent: {}
[629.644724] (-) TimerEvent: {}
[629.747737] (-) TimerEvent: {}
[629.850113] (-) TimerEvent: {}
[629.953085] (-) TimerEvent: {}
[630.056075] (-) TimerEvent: {}
[630.157607] (-) TimerEvent: {}
[630.259085] (-) TimerEvent: {}
[630.361925] (-) TimerEvent: {}
[630.463756] (-) TimerEvent: {}
[630.565709] (-) TimerEvent: {}
[630.667561] (-) TimerEvent: {}
[630.769561] (-) TimerEvent: {}
[630.870920] (-) TimerEvent: {}
[630.973063] (-) TimerEvent: {}
[631.074695] (-) TimerEvent: {}
[631.176814] (-) TimerEvent: {}
[631.278673] (-) TimerEvent: {}
[631.380107] (-) TimerEvent: {}
[631.481386] (-) TimerEvent: {}
[631.583024] (-) TimerEvent: {}
[631.684572] (-) TimerEvent: {}
[631.786130] (-) TimerEvent: {}
[631.887863] (-) TimerEvent: {}
[631.989466] (-) TimerEvent: {}
[632.091107] (-) TimerEvent: {}
[632.192613] (-) TimerEvent: {}
[632.294069] (-) TimerEvent: {}
[632.395759] (-) TimerEvent: {}
[632.497171] (-) TimerEvent: {}
[632.600365] (-) TimerEvent: {}
[632.702873] (-) TimerEvent: {}
[632.804932] (-) TimerEvent: {}
[632.907228] (-) TimerEvent: {}
[633.009100] (-) TimerEvent: {}
[633.110734] (-) TimerEvent: {}
[633.213262] (-) TimerEvent: {}
[633.314896] (-) TimerEvent: {}
[633.416509] (-) TimerEvent: {}
[633.518321] (-) TimerEvent: {}
[633.620429] (-) TimerEvent: {}
[633.722256] (-) TimerEvent: {}
[633.823845] (-) TimerEvent: {}
[633.925317] (-) TimerEvent: {}
[634.026687] (-) TimerEvent: {}
[634.128583] (-) TimerEvent: {}
[634.230350] (-) TimerEvent: {}
[634.332282] (-) TimerEvent: {}
[634.439636] (-) TimerEvent: {}
[634.541325] (-) TimerEvent: {}
[634.643044] (-) TimerEvent: {}
[634.744777] (-) TimerEvent: {}
[634.846319] (-) TimerEvent: {}
[634.948533] (-) TimerEvent: {}
[635.050176] (-) TimerEvent: {}
[635.151670] (-) TimerEvent: {}
[635.253271] (-) TimerEvent: {}
[635.354789] (-) TimerEvent: {}
[635.456362] (-) TimerEvent: {}
[635.557889] (-) TimerEvent: {}
[635.659634] (-) TimerEvent: {}
[635.761376] (-) TimerEvent: {}
[635.863209] (-) TimerEvent: {}
[635.964850] (-) TimerEvent: {}
[636.066454] (-) TimerEvent: {}
[636.168524] (-) TimerEvent: {}
[636.270479] (-) TimerEvent: {}
[636.372328] (-) TimerEvent: {}
[636.473855] (-) TimerEvent: {}
[636.575518] (-) TimerEvent: {}
[636.677254] (-) TimerEvent: {}
[636.779065] (-) TimerEvent: {}
[636.880762] (-) TimerEvent: {}
[636.982083] (-) TimerEvent: {}
[637.083700] (-) TimerEvent: {}
[637.186384] (-) TimerEvent: {}
[637.288741] (-) TimerEvent: {}
[637.390468] (-) TimerEvent: {}
[637.492274] (-) TimerEvent: {}
[637.593861] (-) TimerEvent: {}
[637.695496] (-) TimerEvent: {}
[637.797136] (-) TimerEvent: {}
[637.898865] (-) TimerEvent: {}
[638.000624] (-) TimerEvent: {}
[638.102352] (-) TimerEvent: {}
[638.204223] (-) TimerEvent: {}
[638.306005] (-) TimerEvent: {}
[638.407992] (-) TimerEvent: {}
[638.509670] (-) TimerEvent: {}
[638.611280] (-) TimerEvent: {}
[638.712799] (-) TimerEvent: {}
[638.814263] (-) TimerEvent: {}
[638.915727] (-) TimerEvent: {}
[639.017176] (-) TimerEvent: {}
[639.118854] (-) TimerEvent: {}
[639.220781] (-) TimerEvent: {}
[639.322714] (-) TimerEvent: {}
[639.424474] (-) TimerEvent: {}
[639.527975] (-) TimerEvent: {}
[639.630660] (-) TimerEvent: {}
[639.732500] (-) TimerEvent: {}
[639.834134] (-) TimerEvent: {}
[639.936146] (-) TimerEvent: {}
[640.038279] (-) TimerEvent: {}
[640.139858] (-) TimerEvent: {}
[640.241342] (-) TimerEvent: {}
[640.342866] (-) TimerEvent: {}
[640.444612] (-) TimerEvent: {}
[640.546401] (-) TimerEvent: {}
[640.647919] (-) TimerEvent: {}
[640.750390] (-) TimerEvent: {}
[640.852744] (-) TimerEvent: {}
[640.954544] (-) TimerEvent: {}
[641.057158] (-) TimerEvent: {}
[641.158692] (-) TimerEvent: {}
[641.260260] (-) TimerEvent: {}
[641.362587] (-) TimerEvent: {}
[641.465632] (-) TimerEvent: {}
[641.566882] (-) TimerEvent: {}
[641.668360] (-) TimerEvent: {}
[641.787535] (-) TimerEvent: {}
[641.889587] (-) TimerEvent: {}
[641.993583] (-) TimerEvent: {}
[642.096393] (-) TimerEvent: {}
[642.199067] (-) TimerEvent: {}
[642.301219] (-) TimerEvent: {}
[642.403474] (-) TimerEvent: {}
[642.506708] (-) TimerEvent: {}
[642.609163] (-) TimerEvent: {}
[642.711185] (-) TimerEvent: {}
[642.812665] (-) TimerEvent: {}
[642.915216] (-) TimerEvent: {}
[643.016885] (-) TimerEvent: {}
[643.118429] (-) TimerEvent: {}
[643.219758] (-) TimerEvent: {}
[643.321212] (-) TimerEvent: {}
[643.422783] (-) TimerEvent: {}
[643.524348] (-) TimerEvent: {}
[643.625927] (-) TimerEvent: {}
[643.727819] (-) TimerEvent: {}
[643.829257] (-) TimerEvent: {}
[643.930535] (-) TimerEvent: {}
[644.032164] (-) TimerEvent: {}
[644.133707] (-) TimerEvent: {}
[644.235271] (-) TimerEvent: {}
[644.336948] (-) TimerEvent: {}
[644.438591] (-) TimerEvent: {}
[644.540506] (-) TimerEvent: {}
[644.642272] (-) TimerEvent: {}
[644.743900] (-) TimerEvent: {}
[644.845520] (-) TimerEvent: {}
[644.947161] (-) TimerEvent: {}
[645.048819] (-) TimerEvent: {}
[645.150308] (-) TimerEvent: {}
[645.252026] (-) TimerEvent: {}
[645.353780] (-) TimerEvent: {}
[645.455418] (-) TimerEvent: {}
[645.557173] (-) TimerEvent: {}
[645.658773] (-) TimerEvent: {}
[645.760538] (-) TimerEvent: {}
[645.862098] (-) TimerEvent: {}
[645.963779] (-) TimerEvent: {}
[646.065498] (-) TimerEvent: {}
[646.167052] (-) TimerEvent: {}
[646.268865] (-) TimerEvent: {}
[646.370351] (-) TimerEvent: {}
[646.472221] (-) TimerEvent: {}
[646.573899] (-) TimerEvent: {}
[646.675414] (-) TimerEvent: {}
[646.777166] (-) TimerEvent: {}
[646.878926] (-) TimerEvent: {}
[646.980822] (-) TimerEvent: {}
[647.083930] (-) TimerEvent: {}
[647.186781] (-) TimerEvent: {}
[647.289703] (-) TimerEvent: {}
[647.391284] (-) TimerEvent: {}
[647.493189] (-) TimerEvent: {}
[647.594819] (-) TimerEvent: {}
[647.696673] (-) TimerEvent: {}
[647.798156] (-) TimerEvent: {}
[647.899677] (-) TimerEvent: {}
[648.001317] (-) TimerEvent: {}
[648.102936] (-) TimerEvent: {}
[648.204651] (-) TimerEvent: {}
[648.306167] (-) TimerEvent: {}
[648.408011] (-) TimerEvent: {}
[648.509693] (-) TimerEvent: {}
[648.611227] (-) TimerEvent: {}
[648.713032] (-) TimerEvent: {}
[648.814783] (-) TimerEvent: {}
[648.916867] (-) TimerEvent: {}
[649.019301] (-) TimerEvent: {}
[649.121729] (-) TimerEvent: {}
[649.223385] (-) TimerEvent: {}
[649.325085] (-) TimerEvent: {}
[649.426746] (-) TimerEvent: {}
[649.528736] (-) TimerEvent: {}
[649.631939] (-) TimerEvent: {}
[649.733595] (-) TimerEvent: {}
[649.835163] (-) TimerEvent: {}
[649.936810] (-) TimerEvent: {}
[650.040091] (-) TimerEvent: {}
[650.141562] (-) TimerEvent: {}
[650.243126] (-) TimerEvent: {}
[650.345560] (-) TimerEvent: {}
[650.447862] (-) TimerEvent: {}
[650.550299] (-) TimerEvent: {}
[650.652956] (-) TimerEvent: {}
[650.755524] (-) TimerEvent: {}
[650.858114] (-) TimerEvent: {}
[650.959786] (-) TimerEvent: {}
[651.061298] (-) TimerEvent: {}
[651.162902] (-) TimerEvent: {}
[651.264769] (-) TimerEvent: {}
[651.366290] (-) TimerEvent: {}
[651.467772] (-) TimerEvent: {}
[651.569502] (-) TimerEvent: {}
[651.672830] (-) TimerEvent: {}
[651.774335] (-) TimerEvent: {}
[651.875863] (-) TimerEvent: {}
[651.977436] (-) TimerEvent: {}
[652.080094] (-) TimerEvent: {}
[652.183101] (-) TimerEvent: {}
[652.285579] (-) TimerEvent: {}
[652.387056] (-) TimerEvent: {}
[652.488800] (-) TimerEvent: {}
[652.590926] (-) TimerEvent: {}
[652.692997] (-) TimerEvent: {}
[652.794554] (-) TimerEvent: {}
[652.896277] (-) TimerEvent: {}
[652.997833] (-) TimerEvent: {}
[653.099493] (-) TimerEvent: {}
[653.201380] (-) TimerEvent: {}
[653.303068] (-) TimerEvent: {}
[653.404915] (-) TimerEvent: {}
[653.506715] (-) TimerEvent: {}
[653.608624] (-) TimerEvent: {}
[653.710591] (-) TimerEvent: {}
[653.812285] (-) TimerEvent: {}
[653.913723] (-) TimerEvent: {}
[654.015466] (-) TimerEvent: {}
[654.118184] (-) TimerEvent: {}
[654.220855] (-) TimerEvent: {}
[654.323091] (-) TimerEvent: {}
[654.425382] (-) TimerEvent: {}
[654.527137] (-) TimerEvent: {}
[654.628728] (-) TimerEvent: {}
[654.730473] (-) TimerEvent: {}
[654.832076] (-) TimerEvent: {}
[654.933900] (-) TimerEvent: {}
[655.035957] (-) TimerEvent: {}
[655.137796] (-) TimerEvent: {}
[655.239356] (-) TimerEvent: {}
[655.341128] (-) TimerEvent: {}
[655.442779] (-) TimerEvent: {}
[655.544755] (-) TimerEvent: {}
[655.717421] (-) TimerEvent: {}
[655.819136] (-) TimerEvent: {}
[655.920820] (-) TimerEvent: {}
[656.022606] (-) TimerEvent: {}
[656.124477] (-) TimerEvent: {}
[656.225752] (-) TimerEvent: {}
[656.327757] (-) TimerEvent: {}
[656.429808] (-) TimerEvent: {}
[656.531415] (-) TimerEvent: {}
[656.633058] (-) TimerEvent: {}
[656.734630] (-) TimerEvent: {}
[656.836414] (-) TimerEvent: {}
[656.938275] (-) TimerEvent: {}
[657.039889] (-) TimerEvent: {}
[657.141598] (-) TimerEvent: {}
[657.243261] (-) TimerEvent: {}
[657.344929] (-) TimerEvent: {}
[657.447947] (-) TimerEvent: {}
[657.550559] (-) TimerEvent: {}
[657.654033] (-) TimerEvent: {}
[657.756339] (-) TimerEvent: {}
[657.858074] (-) TimerEvent: {}
[657.959828] (-) TimerEvent: {}
[658.061548] (-) TimerEvent: {}
[658.163802] (-) TimerEvent: {}
[658.266030] (-) TimerEvent: {}
[658.367703] (-) TimerEvent: {}
[658.469065] (-) TimerEvent: {}
[658.570488] (-) TimerEvent: {}
[658.672112] (-) TimerEvent: {}
[658.773813] (-) TimerEvent: {}
[658.875693] (-) TimerEvent: {}
[658.977203] (-) TimerEvent: {}
[659.079023] (-) TimerEvent: {}
[659.180788] (-) TimerEvent: {}
[659.282526] (-) TimerEvent: {}
[659.384484] (-) TimerEvent: {}
[659.486224] (-) TimerEvent: {}
[659.587975] (-) TimerEvent: {}
[659.689529] (-) TimerEvent: {}
[659.791337] (-) TimerEvent: {}
[659.893471] (-) TimerEvent: {}
[659.995253] (-) TimerEvent: {}
[660.096849] (-) TimerEvent: {}
[660.198371] (-) TimerEvent: {}
[660.300128] (-) TimerEvent: {}
[660.401664] (-) TimerEvent: {}
[660.503270] (-) TimerEvent: {}
[660.605235] (-) TimerEvent: {}
[660.706880] (-) TimerEvent: {}
[660.808581] (-) TimerEvent: {}
[660.910281] (-) TimerEvent: {}
[661.012129] (-) TimerEvent: {}
[661.113614] (-) TimerEvent: {}
[661.215087] (-) TimerEvent: {}
[661.316793] (-) TimerEvent: {}
[661.418468] (-) TimerEvent: {}
[661.520345] (-) TimerEvent: {}
[661.621867] (-) TimerEvent: {}
[661.723467] (-) TimerEvent: {}
[661.825099] (-) TimerEvent: {}
[661.926544] (-) TimerEvent: {}
[662.028131] (-) TimerEvent: {}
[662.129676] (-) TimerEvent: {}
[662.231753] (-) TimerEvent: {}
[662.333568] (-) TimerEvent: {}
[662.435093] (-) TimerEvent: {}
[662.536423] (-) TimerEvent: {}
[662.637965] (-) TimerEvent: {}
[662.739380] (-) TimerEvent: {}
[662.840916] (-) TimerEvent: {}
[662.942483] (-) TimerEvent: {}
[663.044030] (-) TimerEvent: {}
[663.146662] (-) TimerEvent: {}
[663.248435] (-) TimerEvent: {}
[663.350879] (-) TimerEvent: {}
[663.452733] (-) TimerEvent: {}
[663.555924] (-) TimerEvent: {}
[663.657683] (-) TimerEvent: {}
[663.759417] (-) TimerEvent: {}
[663.860877] (-) TimerEvent: {}
[663.962265] (-) TimerEvent: {}
[664.063825] (-) TimerEvent: {}
[664.165392] (-) TimerEvent: {}
[664.267067] (-) TimerEvent: {}
[664.368833] (-) TimerEvent: {}
[664.470486] (-) TimerEvent: {}
[664.572393] (-) TimerEvent: {}
[664.673948] (-) TimerEvent: {}
[664.775910] (-) TimerEvent: {}
[664.878223] (-) TimerEvent: {}
[664.980182] (-) TimerEvent: {}
[665.082052] (-) TimerEvent: {}
[665.184304] (-) TimerEvent: {}
[665.286019] (-) TimerEvent: {}
[665.387829] (-) TimerEvent: {}
[665.489525] (-) TimerEvent: {}
[665.591295] (-) TimerEvent: {}
[665.693145] (-) TimerEvent: {}
[665.794724] (-) TimerEvent: {}
[665.896407] (-) TimerEvent: {}
[665.997931] (-) TimerEvent: {}
[666.099412] (-) TimerEvent: {}
[666.202207] (-) TimerEvent: {}
[666.305447] (-) TimerEvent: {}
[666.408345] (-) TimerEvent: {}
[666.510491] (-) TimerEvent: {}
[666.612343] (-) TimerEvent: {}
[666.714624] (-) TimerEvent: {}
[666.816541] (-) TimerEvent: {}
[666.918296] (-) TimerEvent: {}
[667.020977] (-) TimerEvent: {}
[667.122466] (-) TimerEvent: {}
[667.224217] (-) TimerEvent: {}
[667.325849] (-) TimerEvent: {}
[667.427228] (-) TimerEvent: {}
[667.528704] (-) TimerEvent: {}
[667.630199] (-) TimerEvent: {}
[667.731775] (-) TimerEvent: {}
[667.833325] (-) TimerEvent: {}
[667.934967] (-) TimerEvent: {}
[668.037317] (-) TimerEvent: {}
[668.139347] (-) TimerEvent: {}
[668.240914] (-) TimerEvent: {}
[668.342835] (-) TimerEvent: {}
[668.444901] (-) TimerEvent: {}
[668.547205] (-) TimerEvent: {}
[668.649340] (-) TimerEvent: {}
[668.751848] (-) TimerEvent: {}
[668.854820] (-) TimerEvent: {}
[668.956903] (-) TimerEvent: {}
[669.058426] (-) TimerEvent: {}
[669.159923] (-) TimerEvent: {}
[669.261541] (-) TimerEvent: {}
[669.363338] (-) TimerEvent: {}
[669.465124] (-) TimerEvent: {}
[669.566916] (-) TimerEvent: {}
[669.669308] (-) TimerEvent: {}
[669.771975] (-) TimerEvent: {}
[669.873539] (-) TimerEvent: {}
[669.975374] (-) TimerEvent: {}
[670.077221] (-) TimerEvent: {}
[670.178849] (-) TimerEvent: {}
[670.280668] (-) TimerEvent: {}
[670.382467] (-) TimerEvent: {}
[670.484220] (-) TimerEvent: {}
[670.586043] (-) TimerEvent: {}
[670.687765] (-) TimerEvent: {}
[670.789262] (-) TimerEvent: {}
[670.890729] (-) TimerEvent: {}
[670.992342] (-) TimerEvent: {}
[671.093911] (-) TimerEvent: {}
[671.195377] (-) TimerEvent: {}
[671.296965] (-) TimerEvent: {}
[671.398679] (-) TimerEvent: {}
[671.500665] (-) TimerEvent: {}
[671.602504] (-) TimerEvent: {}
[671.704212] (-) TimerEvent: {}
[671.805879] (-) TimerEvent: {}
[671.907918] (-) TimerEvent: {}
[672.009408] (-) TimerEvent: {}
[672.111018] (-) TimerEvent: {}
[672.212799] (-) TimerEvent: {}
[672.314381] (-) TimerEvent: {}
[672.416166] (-) TimerEvent: {}
[672.517516] (-) TimerEvent: {}
[672.618842] (-) TimerEvent: {}
[672.720741] (-) TimerEvent: {}
[672.822483] (-) TimerEvent: {}
[672.924672] (-) TimerEvent: {}
[673.026447] (-) TimerEvent: {}
[673.128093] (-) TimerEvent: {}
[673.229845] (-) TimerEvent: {}
[673.331242] (-) TimerEvent: {}
[673.433134] (-) TimerEvent: {}
[673.534843] (-) TimerEvent: {}
[673.636647] (-) TimerEvent: {}
[673.738359] (-) TimerEvent: {}
[673.839990] (-) TimerEvent: {}
[673.941668] (-) TimerEvent: {}
[674.043419] (-) TimerEvent: {}
[674.145202] (-) TimerEvent: {}
[674.247020] (-) TimerEvent: {}
[674.348875] (-) TimerEvent: {}
[674.450529] (-) TimerEvent: {}
[674.552384] (-) TimerEvent: {}
[674.654057] (-) TimerEvent: {}
[674.755839] (-) TimerEvent: {}
[674.857619] (-) TimerEvent: {}
[674.959531] (-) TimerEvent: {}
[675.061141] (-) TimerEvent: {}
[675.201683] (-) TimerEvent: {}
[675.303726] (-) TimerEvent: {}
[675.405400] (-) TimerEvent: {}
[675.507077] (-) TimerEvent: {}
[675.608756] (-) TimerEvent: {}
[675.710680] (-) TimerEvent: {}
[675.812052] (-) TimerEvent: {}
[675.913440] (-) TimerEvent: {}
[676.015206] (-) TimerEvent: {}
[676.116970] (-) TimerEvent: {}
[676.219482] (-) TimerEvent: {}
[676.321406] (-) TimerEvent: {}
[676.423256] (-) TimerEvent: {}
[676.525069] (-) TimerEvent: {}
[676.626787] (-) TimerEvent: {}
[676.728694] (-) TimerEvent: {}
[676.830484] (-) TimerEvent: {}
[676.932874] (-) TimerEvent: {}
[677.034538] (-) TimerEvent: {}
[677.135977] (-) TimerEvent: {}
[677.237842] (-) TimerEvent: {}
[677.339356] (-) TimerEvent: {}
[677.441483] (-) TimerEvent: {}
[677.543069] (-) TimerEvent: {}
[677.644873] (-) TimerEvent: {}
[677.746674] (-) TimerEvent: {}
[677.848169] (-) TimerEvent: {}
[677.949724] (-) TimerEvent: {}
[678.053669] (-) TimerEvent: {}
[678.155324] (-) TimerEvent: {}
[678.257827] (-) TimerEvent: {}
[678.359496] (-) TimerEvent: {}
[678.461351] (-) TimerEvent: {}
[678.562934] (-) TimerEvent: {}
[678.664893] (-) TimerEvent: {}
[678.766749] (-) TimerEvent: {}
[678.868488] (-) TimerEvent: {}
[678.970002] (-) TimerEvent: {}
[679.071713] (-) TimerEvent: {}
[679.173376] (-) TimerEvent: {}
[679.275143] (-) TimerEvent: {}
[679.376666] (-) TimerEvent: {}
[679.478942] (-) TimerEvent: {}
[679.581072] (-) TimerEvent: {}
[679.682932] (-) TimerEvent: {}
[679.784794] (-) TimerEvent: {}
[679.886341] (-) TimerEvent: {}
[679.988261] (-) TimerEvent: {}
[680.089943] (-) TimerEvent: {}
[680.191656] (-) TimerEvent: {}
[680.293348] (-) TimerEvent: {}
[680.395133] (-) TimerEvent: {}
[680.496853] (-) TimerEvent: {}
[680.598636] (-) TimerEvent: {}
[680.700776] (-) TimerEvent: {}
[680.802441] (-) TimerEvent: {}
[680.904029] (-) TimerEvent: {}
[681.005564] (-) TimerEvent: {}
[681.107065] (-) TimerEvent: {}
[681.208833] (-) TimerEvent: {}
[681.310497] (-) TimerEvent: {}
[681.412214] (-) TimerEvent: {}
[681.513862] (-) TimerEvent: {}
[681.615480] (-) TimerEvent: {}
[681.717229] (-) TimerEvent: {}
[681.818831] (-) TimerEvent: {}
[681.921090] (-) TimerEvent: {}
[682.022851] (-) TimerEvent: {}
[682.124680] (-) TimerEvent: {}
[682.226274] (-) TimerEvent: {}
[682.328246] (-) TimerEvent: {}
[682.430760] (-) TimerEvent: {}
[682.533293] (-) TimerEvent: {}
[682.636361] (-) TimerEvent: {}
[682.738065] (-) TimerEvent: {}
[682.839361] (-) TimerEvent: {}
[682.942062] (-) TimerEvent: {}
[683.044424] (-) TimerEvent: {}
[683.146854] (-) TimerEvent: {}
[683.248674] (-) TimerEvent: {}
[683.350393] (-) TimerEvent: {}
[683.452304] (-) TimerEvent: {}
[683.554321] (-) TimerEvent: {}
[683.656642] (-) TimerEvent: {}
[683.758116] (-) TimerEvent: {}
[683.859887] (-) TimerEvent: {}
[683.961449] (-) TimerEvent: {}
[684.063046] (-) TimerEvent: {}
[684.164662] (-) TimerEvent: {}
[684.266221] (-) TimerEvent: {}
[684.368810] (-) TimerEvent: {}
[684.471386] (-) TimerEvent: {}
[684.573758] (-) TimerEvent: {}
[684.675391] (-) TimerEvent: {}
[684.776875] (-) TimerEvent: {}
[684.878459] (-) TimerEvent: {}
[684.980250] (-) TimerEvent: {}
[685.083161] (-) TimerEvent: {}
[685.186222] (-) TimerEvent: {}
[685.287953] (-) TimerEvent: {}
[685.389774] (-) TimerEvent: {}
[685.491558] (-) TimerEvent: {}
[685.593481] (-) TimerEvent: {}
[685.695691] (-) TimerEvent: {}
[685.797796] (-) TimerEvent: {}
[685.899793] (-) TimerEvent: {}
[686.001633] (-) TimerEvent: {}
[686.103629] (-) TimerEvent: {}
[686.205253] (-) TimerEvent: {}
[686.307273] (-) TimerEvent: {}
[686.409224] (-) TimerEvent: {}
[686.510926] (-) TimerEvent: {}
[686.612577] (-) TimerEvent: {}
[686.714310] (-) TimerEvent: {}
[686.816058] (-) TimerEvent: {}
[686.917575] (-) TimerEvent: {}
[687.019186] (-) TimerEvent: {}
[687.120843] (-) TimerEvent: {}
[687.222613] (-) TimerEvent: {}
[687.324453] (-) TimerEvent: {}
[687.426280] (-) TimerEvent: {}
[687.527688] (-) TimerEvent: {}
[687.629147] (-) TimerEvent: {}
[687.730591] (-) TimerEvent: {}
[687.832321] (-) TimerEvent: {}
[687.933820] (-) TimerEvent: {}
[688.035446] (-) TimerEvent: {}
[688.137139] (-) TimerEvent: {}
[688.238831] (-) TimerEvent: {}
[688.340614] (-) TimerEvent: {}
[688.442301] (-) TimerEvent: {}
[688.683102] (-) TimerEvent: {}
[689.462102] (-) TimerEvent: {}
[689.563662] (-) TimerEvent: {}
[689.665460] (-) TimerEvent: {}
[689.767170] (-) TimerEvent: {}
[689.868881] (-) TimerEvent: {}
[689.970626] (-) TimerEvent: {}
[690.072298] (-) TimerEvent: {}
[690.174186] (-) TimerEvent: {}
[690.275947] (-) TimerEvent: {}
[690.377897] (-) TimerEvent: {}
[690.479766] (-) TimerEvent: {}
[690.581364] (-) TimerEvent: {}
[690.683016] (-) TimerEvent: {}
[690.784583] (-) TimerEvent: {}
[690.886279] (-) TimerEvent: {}
[690.988009] (-) TimerEvent: {}
[691.089698] (-) TimerEvent: {}
[691.191234] (-) TimerEvent: {}
[691.293288] (-) TimerEvent: {}
[691.394793] (-) TimerEvent: {}
[691.496434] (-) TimerEvent: {}
[691.598148] (-) TimerEvent: {}
[691.699791] (-) TimerEvent: {}
[691.801532] (-) TimerEvent: {}
[691.903181] (-) TimerEvent: {}
[692.004882] (-) TimerEvent: {}
[692.106532] (-) TimerEvent: {}
[692.207965] (-) TimerEvent: {}
[692.309332] (-) TimerEvent: {}
[692.411044] (-) TimerEvent: {}
[692.512893] (-) TimerEvent: {}
[692.614548] (-) TimerEvent: {}
[692.716079] (-) TimerEvent: {}
[692.817657] (-) TimerEvent: {}
[692.919319] (-) TimerEvent: {}
[693.020757] (-) TimerEvent: {}
[693.122238] (-) TimerEvent: {}
[693.224027] (-) TimerEvent: {}
[693.325732] (-) TimerEvent: {}
[693.427291] (-) TimerEvent: {}
[693.529145] (-) TimerEvent: {}
[693.630865] (-) TimerEvent: {}
[693.732903] (-) TimerEvent: {}
[693.834644] (-) TimerEvent: {}
[693.936475] (-) TimerEvent: {}
[694.038238] (-) TimerEvent: {}
[694.140706] (-) TimerEvent: {}
[694.242316] (-) TimerEvent: {}
[694.344066] (-) TimerEvent: {}
[694.445963] (-) TimerEvent: {}
[694.547655] (-) TimerEvent: {}
[694.649338] (-) TimerEvent: {}
[694.750892] (-) TimerEvent: {}
[694.852744] (-) TimerEvent: {}
[694.954415] (-) TimerEvent: {}
[695.056020] (-) TimerEvent: {}
[695.157996] (-) TimerEvent: {}
[695.259919] (-) TimerEvent: {}
[695.361425] (-) TimerEvent: {}
[695.464148] (-) TimerEvent: {}
[695.566691] (-) TimerEvent: {}
[695.670534] (-) TimerEvent: {}
[695.773538] (-) TimerEvent: {}
[695.876017] (-) TimerEvent: {}
[695.977494] (-) TimerEvent: {}
[696.079306] (-) TimerEvent: {}
[696.181027] (-) TimerEvent: {}
[696.282543] (-) TimerEvent: {}
[696.384515] (-) TimerEvent: {}
[696.487672] (-) TimerEvent: {}
[696.590290] (-) TimerEvent: {}
[696.692833] (-) TimerEvent: {}
[696.794504] (-) TimerEvent: {}
[696.896327] (-) TimerEvent: {}
[696.997842] (-) TimerEvent: {}
[697.099702] (-) TimerEvent: {}
[697.201371] (-) TimerEvent: {}
[697.302897] (-) TimerEvent: {}
[697.404703] (-) TimerEvent: {}
[697.506308] (-) TimerEvent: {}
[697.607931] (-) TimerEvent: {}
[697.709636] (-) TimerEvent: {}
[697.811232] (-) TimerEvent: {}
[697.912928] (-) TimerEvent: {}
[698.014240] (-) TimerEvent: {}
[698.116058] (-) TimerEvent: {}
[698.217969] (-) TimerEvent: {}
[698.319555] (-) TimerEvent: {}
[698.420999] (-) TimerEvent: {}
[698.522527] (-) TimerEvent: {}
[698.624485] (-) TimerEvent: {}
[698.725930] (-) TimerEvent: {}
[698.827429] (-) TimerEvent: {}
[698.929126] (-) TimerEvent: {}
[699.030793] (-) TimerEvent: {}
[699.132616] (-) TimerEvent: {}
[699.234316] (-) TimerEvent: {}
[699.335839] (-) TimerEvent: {}
[699.437446] (-) TimerEvent: {}
[699.538983] (-) TimerEvent: {}
[699.640782] (-) TimerEvent: {}
[699.742284] (-) TimerEvent: {}
[699.845037] (-) TimerEvent: {}
[699.946356] (-) TimerEvent: {}
[700.047936] (-) TimerEvent: {}
[700.149620] (-) TimerEvent: {}
[700.251811] (-) TimerEvent: {}
[700.353652] (-) TimerEvent: {}
[700.456213] (-) TimerEvent: {}
[700.558411] (-) TimerEvent: {}
[700.659998] (-) TimerEvent: {}
[700.761691] (-) TimerEvent: {}
[700.863299] (-) TimerEvent: {}
[700.965098] (-) TimerEvent: {}
[701.066852] (-) TimerEvent: {}
[701.168593] (-) TimerEvent: {}
[701.270489] (-) TimerEvent: {}
[701.372554] (-) TimerEvent: {}
[701.474112] (-) TimerEvent: {}
[701.575504] (-) TimerEvent: {}
[701.677105] (-) TimerEvent: {}
[701.778728] (-) TimerEvent: {}
[701.880433] (-) TimerEvent: {}
[701.981929] (-) TimerEvent: {}
[702.083710] (-) TimerEvent: {}
[702.185216] (-) TimerEvent: {}
[702.286855] (-) TimerEvent: {}
[702.388590] (-) TimerEvent: {}
[702.489966] (-) TimerEvent: {}
[702.591379] (-) TimerEvent: {}
[702.694262] (-) TimerEvent: {}
[702.796919] (-) TimerEvent: {}
[702.898599] (-) TimerEvent: {}
[703.001508] (-) TimerEvent: {}
[703.104188] (-) TimerEvent: {}
[703.206521] (-) TimerEvent: {}
[703.309584] (-) TimerEvent: {}
[703.412598] (-) TimerEvent: {}
[703.514828] (-) TimerEvent: {}
[703.617398] (-) TimerEvent: {}
[703.720203] (-) TimerEvent: {}
[703.823918] (-) TimerEvent: {}
[703.926315] (-) TimerEvent: {}
[704.028519] (-) TimerEvent: {}
[704.130061] (-) TimerEvent: {}
[704.231642] (-) TimerEvent: {}
[704.333792] (-) TimerEvent: {}
[704.435504] (-) TimerEvent: {}
[704.537747] (-) TimerEvent: {}
[704.639532] (-) TimerEvent: {}
[704.741178] (-) TimerEvent: {}
[704.842934] (-) TimerEvent: {}
[704.944605] (-) TimerEvent: {}
[705.046177] (-) TimerEvent: {}
[705.147853] (-) TimerEvent: {}
[705.250187] (-) TimerEvent: {}
[705.352007] (-) TimerEvent: {}
[705.453516] (-) TimerEvent: {}
[705.555160] (-) TimerEvent: {}
[705.657577] (-) TimerEvent: {}
[705.760453] (-) TimerEvent: {}
[705.863147] (-) TimerEvent: {}
[705.965678] (-) TimerEvent: {}
[706.068650] (-) TimerEvent: {}
[706.171864] (-) TimerEvent: {}
[706.274511] (-) TimerEvent: {}
[706.377202] (-) TimerEvent: {}
[706.479652] (-) TimerEvent: {}
[706.581400] (-) TimerEvent: {}
[706.683176] (-) TimerEvent: {}
[706.784851] (-) TimerEvent: {}
[706.886432] (-) TimerEvent: {}
[706.987978] (-) TimerEvent: {}
[707.090088] (-) TimerEvent: {}
[707.192016] (-) TimerEvent: {}
[707.293619] (-) TimerEvent: {}
[707.395092] (-) TimerEvent: {}
[707.496722] (-) TimerEvent: {}
[707.598376] (-) TimerEvent: {}
[707.700418] (-) TimerEvent: {}
[707.801913] (-) TimerEvent: {}
[707.903553] (-) TimerEvent: {}
[708.005345] (-) TimerEvent: {}
[708.106924] (-) TimerEvent: {}
[708.208574] (-) TimerEvent: {}
[708.310353] (-) TimerEvent: {}
[708.412258] (-) TimerEvent: {}
[708.513782] (-) TimerEvent: {}
[708.615433] (-) TimerEvent: {}
[708.717207] (-) TimerEvent: {}
[708.818942] (-) TimerEvent: {}
[708.920910] (-) TimerEvent: {}
[709.022613] (-) TimerEvent: {}
[709.124378] (-) TimerEvent: {}
[709.226040] (-) TimerEvent: {}
[709.327886] (-) TimerEvent: {}
[709.429606] (-) TimerEvent: {}
[709.531273] (-) TimerEvent: {}
[709.634521] (-) TimerEvent: {}
[709.736143] (-) TimerEvent: {}
[709.837886] (-) TimerEvent: {}
[709.939555] (-) TimerEvent: {}
[710.041107] (-) TimerEvent: {}
[710.142531] (-) TimerEvent: {}
[710.244154] (-) TimerEvent: {}
[710.345801] (-) TimerEvent: {}
[710.447543] (-) TimerEvent: {}
[710.549273] (-) TimerEvent: {}
[710.650772] (-) TimerEvent: {}
[710.752551] (-) TimerEvent: {}
[710.854300] (-) TimerEvent: {}
[710.955897] (-) TimerEvent: {}
[711.057771] (-) TimerEvent: {}
[711.159495] (-) TimerEvent: {}
[711.261240] (-) TimerEvent: {}
[711.362839] (-) TimerEvent: {}
[711.464453] (-) TimerEvent: {}
[711.566139] (-) TimerEvent: {}
[711.667900] (-) TimerEvent: {}
[711.769690] (-) TimerEvent: {}
[711.871134] (-) TimerEvent: {}
[711.972845] (-) TimerEvent: {}
[712.074411] (-) TimerEvent: {}
[712.175927] (-) TimerEvent: {}
[712.277594] (-) TimerEvent: {}
[712.379154] (-) TimerEvent: {}
[712.480851] (-) TimerEvent: {}
[712.582233] (-) TimerEvent: {}
[712.684660] (-) TimerEvent: {}
[712.786526] (-) TimerEvent: {}
[712.888205] (-) TimerEvent: {}
[712.990635] (-) TimerEvent: {}
[713.092109] (-) TimerEvent: {}
[713.193844] (-) TimerEvent: {}
[713.295401] (-) TimerEvent: {}
[713.397188] (-) TimerEvent: {}
[713.498696] (-) TimerEvent: {}
[713.600486] (-) TimerEvent: {}
[713.702207] (-) TimerEvent: {}
[713.803748] (-) TimerEvent: {}
[713.905304] (-) TimerEvent: {}
[714.007069] (-) TimerEvent: {}
[714.108668] (-) TimerEvent: {}
[714.210142] (-) TimerEvent: {}
[714.311722] (-) TimerEvent: {}
[714.413405] (-) TimerEvent: {}
[714.515169] (-) TimerEvent: {}
[714.617000] (-) TimerEvent: {}
[714.718663] (-) TimerEvent: {}
[714.820572] (-) TimerEvent: {}
[714.922139] (-) TimerEvent: {}
[715.023942] (-) TimerEvent: {}
[715.125700] (-) TimerEvent: {}
[715.227325] (-) TimerEvent: {}
[715.329065] (-) TimerEvent: {}
[715.430643] (-) TimerEvent: {}
[715.532333] (-) TimerEvent: {}
[715.640156] (-) TimerEvent: {}
[715.741828] (-) TimerEvent: {}
[715.843783] (-) TimerEvent: {}
[715.945435] (-) TimerEvent: {}
[716.046950] (-) TimerEvent: {}
[716.148484] (-) TimerEvent: {}
[716.250043] (-) TimerEvent: {}
[716.351718] (-) TimerEvent: {}
[716.453376] (-) TimerEvent: {}
[716.555135] (-) TimerEvent: {}
[716.657129] (-) TimerEvent: {}
[716.758871] (-) TimerEvent: {}
[716.861370] (-) TimerEvent: {}
[716.964344] (-) TimerEvent: {}
[717.066623] (-) TimerEvent: {}
[717.168703] (-) TimerEvent: {}
[717.270413] (-) TimerEvent: {}
[717.371979] (-) TimerEvent: {}
[717.473792] (-) TimerEvent: {}
[717.575235] (-) TimerEvent: {}
[717.676833] (-) TimerEvent: {}
[717.779284] (-) TimerEvent: {}
[717.881050] (-) TimerEvent: {}
[717.982747] (-) TimerEvent: {}
[718.084531] (-) TimerEvent: {}
[718.186447] (-) TimerEvent: {}
[718.288164] (-) TimerEvent: {}
[718.389618] (-) TimerEvent: {}
[718.491143] (-) TimerEvent: {}
[718.592907] (-) TimerEvent: {}
[718.694872] (-) TimerEvent: {}
[718.797430] (-) TimerEvent: {}
[718.899270] (-) TimerEvent: {}
[719.001094] (-) TimerEvent: {}
[719.102708] (-) TimerEvent: {}
[719.205251] (-) TimerEvent: {}
[719.307020] (-) TimerEvent: {}
[719.408875] (-) TimerEvent: {}
[719.510477] (-) TimerEvent: {}
[719.611956] (-) TimerEvent: {}
[719.713672] (-) TimerEvent: {}
[719.815130] (-) TimerEvent: {}
[719.916797] (-) TimerEvent: {}
[720.018569] (-) TimerEvent: {}
[720.120311] (-) TimerEvent: {}
[720.221706] (-) TimerEvent: {}
[720.323427] (-) TimerEvent: {}
[720.425155] (-) TimerEvent: {}
[720.526691] (-) TimerEvent: {}
[720.628350] (-) TimerEvent: {}
[720.730089] (-) TimerEvent: {}
[720.831766] (-) TimerEvent: {}
[720.933451] (-) TimerEvent: {}
[721.150348] (-) TimerEvent: {}
[721.252215] (-) TimerEvent: {}
[721.353942] (-) TimerEvent: {}
[721.455674] (-) TimerEvent: {}
[721.557355] (-) TimerEvent: {}
[721.658900] (-) TimerEvent: {}
[721.760519] (-) TimerEvent: {}
[721.862062] (-) TimerEvent: {}
[721.963668] (-) TimerEvent: {}
[722.461482] (-) TimerEvent: {}
[722.563232] (-) TimerEvent: {}
[722.665158] (-) TimerEvent: {}
[722.766703] (-) TimerEvent: {}
[722.868520] (-) TimerEvent: {}
[722.970009] (-) TimerEvent: {}
[723.071807] (-) TimerEvent: {}
[723.174187] (-) TimerEvent: {}
[723.275911] (-) TimerEvent: {}
[723.377705] (-) TimerEvent: {}
[723.479322] (-) TimerEvent: {}
[723.581011] (-) TimerEvent: {}
[723.682594] (-) TimerEvent: {}
[723.785466] (-) TimerEvent: {}
[723.887929] (-) TimerEvent: {}
[723.990762] (-) TimerEvent: {}
[724.093475] (-) TimerEvent: {}
[724.196517] (-) TimerEvent: {}
[724.299245] (-) TimerEvent: {}
[724.401552] (-) TimerEvent: {}
[724.503047] (-) TimerEvent: {}
[724.605440] (-) TimerEvent: {}
[724.707388] (-) TimerEvent: {}
[724.809677] (-) TimerEvent: {}
[724.912307] (-) TimerEvent: {}
[725.014092] (-) TimerEvent: {}
[725.115650] (-) TimerEvent: {}
[725.217398] (-) TimerEvent: {}
[725.319481] (-) TimerEvent: {}
[725.421184] (-) TimerEvent: {}
[725.522845] (-) TimerEvent: {}
[725.624740] (-) TimerEvent: {}
[725.726414] (-) TimerEvent: {}
[725.828072] (-) TimerEvent: {}
[725.930095] (-) TimerEvent: {}
[726.032220] (-) TimerEvent: {}
[726.133986] (-) TimerEvent: {}
[726.235842] (-) TimerEvent: {}
[726.337371] (-) TimerEvent: {}
[726.438925] (-) TimerEvent: {}
[726.540803] (-) TimerEvent: {}
[726.642396] (-) TimerEvent: {}
[726.744039] (-) TimerEvent: {}
[726.845616] (-) TimerEvent: {}
[726.947280] (-) TimerEvent: {}
[727.048951] (-) TimerEvent: {}
[727.150676] (-) TimerEvent: {}
[727.252640] (-) TimerEvent: {}
[727.354311] (-) TimerEvent: {}
[727.455869] (-) TimerEvent: {}
[727.557448] (-) TimerEvent: {}
[727.658977] (-) TimerEvent: {}
[727.760689] (-) TimerEvent: {}
[727.862584] (-) TimerEvent: {}
[727.964446] (-) TimerEvent: {}
[728.066142] (-) TimerEvent: {}
[728.168200] (-) TimerEvent: {}
[728.269911] (-) TimerEvent: {}
[728.371823] (-) TimerEvent: {}
[728.473322] (-) TimerEvent: {}
[728.574868] (-) TimerEvent: {}
[728.676490] (-) TimerEvent: {}
[728.778140] (-) TimerEvent: {}
[728.879754] (-) TimerEvent: {}
[728.981402] (-) TimerEvent: {}
[729.083009] (-) TimerEvent: {}
[729.185271] (-) TimerEvent: {}
[729.289287] (-) TimerEvent: {}
[729.391450] (-) TimerEvent: {}
[729.493939] (-) TimerEvent: {}
[729.596826] (-) TimerEvent: {}
[729.699381] (-) TimerEvent: {}
[729.802002] (-) TimerEvent: {}
[729.904955] (-) TimerEvent: {}
[730.006481] (-) TimerEvent: {}
[730.108072] (-) TimerEvent: {}
[730.209725] (-) TimerEvent: {}
[730.311267] (-) TimerEvent: {}
[730.413066] (-) TimerEvent: {}
[730.514740] (-) TimerEvent: {}
[730.616389] (-) TimerEvent: {}
[730.717965] (-) TimerEvent: {}
[730.819443] (-) TimerEvent: {}
[730.921178] (-) TimerEvent: {}
[731.022780] (-) TimerEvent: {}
[731.124365] (-) TimerEvent: {}
[731.226006] (-) TimerEvent: {}
[731.327660] (-) TimerEvent: {}
[731.429298] (-) TimerEvent: {}
[731.530860] (-) TimerEvent: {}
[731.632568] (-) TimerEvent: {}
[731.734366] (-) TimerEvent: {}
[731.836121] (-) TimerEvent: {}
[731.937660] (-) TimerEvent: {}
[732.039271] (-) TimerEvent: {}
[732.141118] (-) TimerEvent: {}
[732.242679] (-) TimerEvent: {}
[732.344432] (-) TimerEvent: {}
[732.446033] (-) TimerEvent: {}
[732.547446] (-) TimerEvent: {}
[732.650513] (-) TimerEvent: {}
[732.752214] (-) TimerEvent: {}
[732.854010] (-) TimerEvent: {}
[732.955527] (-) TimerEvent: {}
[733.057775] (-) TimerEvent: {}
[733.159497] (-) TimerEvent: {}
[733.261255] (-) TimerEvent: {}
[733.363841] (-) TimerEvent: {}
[733.465508] (-) TimerEvent: {}
[733.567079] (-) TimerEvent: {}
[733.668986] (-) TimerEvent: {}
[733.771908] (-) TimerEvent: {}
[733.874257] (-) TimerEvent: {}
[733.975829] (-) TimerEvent: {}
[734.077319] (-) TimerEvent: {}
[734.179083] (-) TimerEvent: {}
[734.280724] (-) TimerEvent: {}
[734.382363] (-) TimerEvent: {}
[734.483979] (-) TimerEvent: {}
[734.585780] (-) TimerEvent: {}
[734.688781] (-) TimerEvent: {}
[734.792021] (-) TimerEvent: {}
[734.894649] (-) TimerEvent: {}
[734.997640] (-) TimerEvent: {}
[735.100142] (-) TimerEvent: {}
[735.201821] (-) TimerEvent: {}
[735.303427] (-) TimerEvent: {}
[735.405323] (-) TimerEvent: {}
[735.507507] (-) TimerEvent: {}
[735.609183] (-) TimerEvent: {}
[735.711037] (-) TimerEvent: {}
[735.813329] (-) TimerEvent: {}
[735.915139] (-) TimerEvent: {}
[736.016706] (-) TimerEvent: {}
[736.118228] (-) TimerEvent: {}
[736.219908] (-) TimerEvent: {}
[736.321456] (-) TimerEvent: {}
[736.424069] (-) TimerEvent: {}
[736.527203] (-) TimerEvent: {}
[736.629196] (-) TimerEvent: {}
[736.731199] (-) TimerEvent: {}
[736.832930] (-) TimerEvent: {}
[736.934713] (-) TimerEvent: {}
[737.036233] (-) TimerEvent: {}
[737.137787] (-) TimerEvent: {}
[737.239278] (-) TimerEvent: {}
[737.340842] (-) TimerEvent: {}
[737.442514] (-) TimerEvent: {}
[737.544170] (-) TimerEvent: {}
[737.645699] (-) TimerEvent: {}
[737.747923] (-) TimerEvent: {}
[737.850235] (-) TimerEvent: {}
[737.951880] (-) TimerEvent: {}
[738.053625] (-) TimerEvent: {}
[738.155240] (-) TimerEvent: {}
[738.256866] (-) TimerEvent: {}
[738.358933] (-) TimerEvent: {}
[738.460700] (-) TimerEvent: {}
[738.562436] (-) TimerEvent: {}
[738.664209] (-) TimerEvent: {}
[738.765766] (-) TimerEvent: {}
[738.868717] (-) TimerEvent: {}
[738.970707] (-) TimerEvent: {}
[739.072413] (-) TimerEvent: {}
[739.174088] (-) TimerEvent: {}
[739.275648] (-) TimerEvent: {}
[739.377311] (-) TimerEvent: {}
[739.478953] (-) TimerEvent: {}
[739.580519] (-) TimerEvent: {}
[739.682174] (-) TimerEvent: {}
[739.783779] (-) TimerEvent: {}
[739.885378] (-) TimerEvent: {}
[739.987044] (-) TimerEvent: {}
[740.088751] (-) TimerEvent: {}
[740.190385] (-) TimerEvent: {}
[740.292305] (-) TimerEvent: {}
[740.393903] (-) TimerEvent: {}
[740.496431] (-) TimerEvent: {}
[740.598105] (-) TimerEvent: {}
[740.699748] (-) TimerEvent: {}
[740.801435] (-) TimerEvent: {}
[740.903389] (-) TimerEvent: {}
[741.005128] (-) TimerEvent: {}
[741.106827] (-) TimerEvent: {}
[741.208652] (-) TimerEvent: {}
[741.310308] (-) TimerEvent: {}
[741.411883] (-) TimerEvent: {}
[741.513385] (-) TimerEvent: {}
[741.614916] (-) TimerEvent: {}
[741.716536] (-) TimerEvent: {}
[741.818010] (-) TimerEvent: {}
[741.919662] (-) TimerEvent: {}
[742.021056] (-) TimerEvent: {}
[742.122701] (-) TimerEvent: {}
[742.224490] (-) TimerEvent: {}
[742.326055] (-) TimerEvent: {}
[742.429063] (-) TimerEvent: {}
[742.531040] (-) TimerEvent: {}
[742.633011] (-) TimerEvent: {}
[742.734510] (-) TimerEvent: {}
[742.836103] (-) TimerEvent: {}
[742.937784] (-) TimerEvent: {}
[743.039392] (-) TimerEvent: {}
[743.142021] (-) TimerEvent: {}
[743.245022] (-) TimerEvent: {}
[743.347553] (-) TimerEvent: {}
[743.449631] (-) TimerEvent: {}
[743.551342] (-) TimerEvent: {}
[743.653240] (-) TimerEvent: {}
[743.755167] (-) TimerEvent: {}
[743.857106] (-) TimerEvent: {}
[743.959788] (-) TimerEvent: {}
[744.062432] (-) TimerEvent: {}
[744.165101] (-) TimerEvent: {}
[744.267615] (-) TimerEvent: {}
[744.370236] (-) TimerEvent: {}
[744.473086] (-) TimerEvent: {}
[744.575806] (-) TimerEvent: {}
[744.678336] (-) TimerEvent: {}
[744.780775] (-) TimerEvent: {}
[744.882514] (-) TimerEvent: {}
[744.984104] (-) TimerEvent: {}
[745.085655] (-) TimerEvent: {}
[745.187304] (-) TimerEvent: {}
[745.290244] (-) TimerEvent: {}
[745.392725] (-) TimerEvent: {}
[745.494209] (-) TimerEvent: {}
[745.596045] (-) TimerEvent: {}
[745.697851] (-) TimerEvent: {}
[745.800409] (-) TimerEvent: {}
[745.902315] (-) TimerEvent: {}
[746.004392] (-) TimerEvent: {}
[746.106027] (-) TimerEvent: {}
[746.208066] (-) TimerEvent: {}
[746.309647] (-) TimerEvent: {}
[746.411254] (-) TimerEvent: {}
[746.513096] (-) TimerEvent: {}
[746.614778] (-) TimerEvent: {}
[746.716509] (-) TimerEvent: {}
[746.818197] (-) TimerEvent: {}
[746.919825] (-) TimerEvent: {}
[747.021494] (-) TimerEvent: {}
[747.123161] (-) TimerEvent: {}
[747.224921] (-) TimerEvent: {}
[747.326541] (-) TimerEvent: {}
[747.429510] (-) TimerEvent: {}
[747.530974] (-) TimerEvent: {}
[747.633790] (-) TimerEvent: {}
[747.735738] (-) TimerEvent: {}
[747.837247] (-) TimerEvent: {}
[747.939177] (-) TimerEvent: {}
[748.040953] (-) TimerEvent: {}
[748.142500] (-) TimerEvent: {}
[748.244590] (-) TimerEvent: {}
[748.346402] (-) TimerEvent: {}
[748.448129] (-) TimerEvent: {}
[748.549903] (-) TimerEvent: {}
[748.651518] (-) TimerEvent: {}
[748.753532] (-) TimerEvent: {}
[748.855178] (-) TimerEvent: {}
[748.957171] (-) TimerEvent: {}
[749.060246] (-) TimerEvent: {}
[749.161996] (-) TimerEvent: {}
[749.263751] (-) TimerEvent: {}
[749.365237] (-) TimerEvent: {}
[749.466900] (-) TimerEvent: {}
[749.570354] (-) TimerEvent: {}
[749.672294] (-) TimerEvent: {}
[749.773756] (-) TimerEvent: {}
[749.875498] (-) TimerEvent: {}
[749.977406] (-) TimerEvent: {}
[750.079094] (-) TimerEvent: {}
[750.181124] (-) TimerEvent: {}
[750.283041] (-) TimerEvent: {}
[750.384895] (-) TimerEvent: {}
[750.487066] (-) TimerEvent: {}
[750.589109] (-) TimerEvent: {}
[750.690510] (-) TimerEvent: {}
[750.792371] (-) TimerEvent: {}
[750.893931] (-) TimerEvent: {}
[750.995460] (-) TimerEvent: {}
[751.097300] (-) TimerEvent: {}
[751.198857] (-) TimerEvent: {}
[751.300594] (-) TimerEvent: {}
[751.402456] (-) TimerEvent: {}
[751.504063] (-) TimerEvent: {}
[751.605691] (-) TimerEvent: {}
[751.707359] (-) TimerEvent: {}
[751.808966] (-) TimerEvent: {}
[751.910891] (-) TimerEvent: {}
[752.012679] (-) TimerEvent: {}
[752.114303] (-) TimerEvent: {}
[752.216041] (-) TimerEvent: {}
[752.317611] (-) TimerEvent: {}
[752.419032] (-) TimerEvent: {}
[752.520852] (-) TimerEvent: {}
[752.622595] (-) TimerEvent: {}
[752.724343] (-) TimerEvent: {}
[752.825905] (-) TimerEvent: {}
[752.927398] (-) TimerEvent: {}
[753.029234] (-) TimerEvent: {}
[753.130920] (-) TimerEvent: {}
[753.232619] (-) TimerEvent: {}
[753.334260] (-) TimerEvent: {}
[753.435912] (-) TimerEvent: {}
[753.537528] (-) TimerEvent: {}
[753.639301] (-) TimerEvent: {}
[753.741079] (-) TimerEvent: {}
[753.843470] (-) TimerEvent: {}
[753.946145] (-) TimerEvent: {}
[754.048020] (-) TimerEvent: {}
[754.149722] (-) TimerEvent: {}
[754.251358] (-) TimerEvent: {}
[754.352829] (-) TimerEvent: {}
[754.454328] (-) TimerEvent: {}
[754.555653] (-) TimerEvent: {}
[754.657402] (-) TimerEvent: {}
[754.759451] (-) TimerEvent: {}
[754.861263] (-) TimerEvent: {}
[754.962897] (-) TimerEvent: {}
[755.064649] (-) TimerEvent: {}
[755.166163] (-) TimerEvent: {}
[755.267786] (-) TimerEvent: {}
[755.369542] (-) TimerEvent: {}
[755.471079] (-) TimerEvent: {}
[755.572938] (-) TimerEvent: {}
[755.674533] (-) TimerEvent: {}
[755.776230] (-) TimerEvent: {}
[755.877948] (-) TimerEvent: {}
[755.979638] (-) TimerEvent: {}
[756.081343] (-) TimerEvent: {}
[756.183012] (-) TimerEvent: {}
[756.285260] (-) TimerEvent: {}
[756.386800] (-) TimerEvent: {}
[756.488586] (-) TimerEvent: {}
[756.590123] (-) TimerEvent: {}
[756.691835] (-) TimerEvent: {}
[756.793522] (-) TimerEvent: {}
[756.895047] (-) TimerEvent: {}
[756.996666] (-) TimerEvent: {}
[757.098332] (-) TimerEvent: {}
[757.200476] (-) TimerEvent: {}
[757.302357] (-) TimerEvent: {}
[757.404193] (-) TimerEvent: {}
[757.505995] (-) TimerEvent: {}
[757.607886] (-) TimerEvent: {}
[757.709548] (-) TimerEvent: {}
[757.810882] (-) TimerEvent: {}
[757.912494] (-) TimerEvent: {}
[758.014160] (-) TimerEvent: {}
[758.115858] (-) TimerEvent: {}
[758.217738] (-) TimerEvent: {}
[758.319087] (-) TimerEvent: {}
[758.420909] (-) TimerEvent: {}
[758.522504] (-) TimerEvent: {}
[758.624217] (-) TimerEvent: {}
[758.725880] (-) TimerEvent: {}
[758.827442] (-) TimerEvent: {}
[758.929125] (-) TimerEvent: {}
[759.030776] (-) TimerEvent: {}
[759.132553] (-) TimerEvent: {}
[759.234202] (-) TimerEvent: {}
[759.335859] (-) TimerEvent: {}
[759.437561] (-) TimerEvent: {}
[759.539206] (-) TimerEvent: {}
[759.640828] (-) TimerEvent: {}
[759.742430] (-) TimerEvent: {}
[759.844018] (-) TimerEvent: {}
[759.945534] (-) TimerEvent: {}
[760.047350] (-) TimerEvent: {}
[760.148947] (-) TimerEvent: {}
[760.251141] (-) TimerEvent: {}
[760.353548] (-) TimerEvent: {}
[760.455227] (-) TimerEvent: {}
[760.557446] (-) TimerEvent: {}
[760.659131] (-) TimerEvent: {}
[760.761384] (-) TimerEvent: {}
[760.863137] (-) TimerEvent: {}
[760.965109] (-) TimerEvent: {}
[761.066760] (-) TimerEvent: {}
[761.168494] (-) TimerEvent: {}
[761.270346] (-) TimerEvent: {}
[761.372330] (-) TimerEvent: {}
[761.474022] (-) TimerEvent: {}
[761.575506] (-) TimerEvent: {}
[761.677018] (-) TimerEvent: {}
[761.778970] (-) TimerEvent: {}
[761.880698] (-) TimerEvent: {}
[761.982333] (-) TimerEvent: {}
[762.084059] (-) TimerEvent: {}
[762.185838] (-) TimerEvent: {}
[762.287454] (-) TimerEvent: {}
[762.389606] (-) TimerEvent: {}
[762.491773] (-) TimerEvent: {}
[762.593370] (-) TimerEvent: {}
[762.695373] (-) TimerEvent: {}
[762.796789] (-) TimerEvent: {}
[762.899099] (-) TimerEvent: {}
[763.001106] (-) TimerEvent: {}
[763.102995] (-) TimerEvent: {}
[763.204692] (-) TimerEvent: {}
[763.306329] (-) TimerEvent: {}
[763.408577] (-) TimerEvent: {}
[763.510315] (-) TimerEvent: {}
[763.612107] (-) TimerEvent: {}
[763.713816] (-) TimerEvent: {}
[763.886282] (-) TimerEvent: {}
[763.987834] (-) TimerEvent: {}
[764.090176] (-) TimerEvent: {}
[764.191815] (-) TimerEvent: {}
[764.293816] (-) TimerEvent: {}
[764.395348] (-) TimerEvent: {}
[764.497099] (-) TimerEvent: {}
[764.598558] (-) TimerEvent: {}
[764.701410] (-) TimerEvent: {}
[764.803114] (-) TimerEvent: {}
[764.904924] (-) TimerEvent: {}
[765.006681] (-) TimerEvent: {}
[765.108562] (-) TimerEvent: {}
[765.210322] (-) TimerEvent: {}
[765.311972] (-) TimerEvent: {}
[765.413680] (-) TimerEvent: {}
[765.517422] (-) TimerEvent: {}
[765.621124] (-) TimerEvent: {}
[765.723018] (-) TimerEvent: {}
[765.825227] (-) TimerEvent: {}
[765.926900] (-) TimerEvent: {}
[766.029315] (-) TimerEvent: {}
[766.130962] (-) TimerEvent: {}
[766.232688] (-) TimerEvent: {}
[766.335391] (-) TimerEvent: {}
[766.436986] (-) TimerEvent: {}
[766.538523] (-) TimerEvent: {}
[766.640310] (-) TimerEvent: {}
[766.742071] (-) TimerEvent: {}
[766.845016] (-) TimerEvent: {}
[766.947442] (-) TimerEvent: {}
[767.049741] (-) TimerEvent: {}
[767.151467] (-) TimerEvent: {}
[767.252943] (-) TimerEvent: {}
[767.354627] (-) TimerEvent: {}
[767.456177] (-) TimerEvent: {}
[767.557501] (-) TimerEvent: {}
[767.658890] (-) TimerEvent: {}
[767.760653] (-) TimerEvent: {}
[767.862254] (-) TimerEvent: {}
[767.963984] (-) TimerEvent: {}
[768.065505] (-) TimerEvent: {}
[768.167702] (-) TimerEvent: {}
[768.269271] (-) TimerEvent: {}
[768.371091] (-) TimerEvent: {}
[768.473069] (-) TimerEvent: {}
[768.574671] (-) TimerEvent: {}
[768.676441] (-) TimerEvent: {}
[768.778260] (-) TimerEvent: {}
[769.582431] (-) TimerEvent: {}
[769.704939] (-) TimerEvent: {}
[769.806527] (-) TimerEvent: {}
[769.908405] (-) TimerEvent: {}
[770.010240] (-) TimerEvent: {}
[770.111939] (-) TimerEvent: {}
[770.213625] (-) TimerEvent: {}
[770.315305] (-) TimerEvent: {}
[770.417033] (-) TimerEvent: {}
[770.518750] (-) TimerEvent: {}
[770.620588] (-) TimerEvent: {}
[770.722269] (-) TimerEvent: {}
[770.824108] (-) TimerEvent: {}
[770.925577] (-) TimerEvent: {}
[771.027117] (-) TimerEvent: {}
[771.128859] (-) TimerEvent: {}
[771.230317] (-) TimerEvent: {}
[771.332244] (-) TimerEvent: {}
[771.433880] (-) TimerEvent: {}
[771.535661] (-) TimerEvent: {}
[771.637212] (-) TimerEvent: {}
[771.738742] (-) TimerEvent: {}
[771.840437] (-) TimerEvent: {}
[771.942401] (-) TimerEvent: {}
[772.044285] (-) TimerEvent: {}
[772.145788] (-) TimerEvent: {}
[772.247313] (-) TimerEvent: {}
[772.349191] (-) TimerEvent: {}
[772.450984] (-) TimerEvent: {}
[772.552621] (-) TimerEvent: {}
[772.654274] (-) TimerEvent: {}
[772.756578] (-) TimerEvent: {}
[772.858680] (-) TimerEvent: {}
[772.960942] (-) TimerEvent: {}
[773.062601] (-) TimerEvent: {}
[773.164345] (-) TimerEvent: {}
[773.266363] (-) TimerEvent: {}
[773.368266] (-) TimerEvent: {}
[773.469995] (-) TimerEvent: {}
[773.573051] (-) TimerEvent: {}
[773.676747] (-) TimerEvent: {}
[773.778321] (-) TimerEvent: {}
[773.880291] (-) TimerEvent: {}
[773.982170] (-) TimerEvent: {}
[774.083815] (-) TimerEvent: {}
[774.185394] (-) TimerEvent: {}
[774.286813] (-) TimerEvent: {}
[774.388766] (-) TimerEvent: {}
[774.491002] (-) TimerEvent: {}
[774.593113] (-) TimerEvent: {}
[774.696333] (-) TimerEvent: {}
[774.797917] (-) TimerEvent: {}
[774.899702] (-) TimerEvent: {}
[775.001988] (-) TimerEvent: {}
[775.103804] (-) TimerEvent: {}
[775.207218] (-) TimerEvent: {}
[775.309296] (-) TimerEvent: {}
[775.410953] (-) TimerEvent: {}
[775.512744] (-) TimerEvent: {}
[775.614324] (-) TimerEvent: {}
[775.716374] (-) TimerEvent: {}
[775.820051] (-) TimerEvent: {}
[775.922654] (-) TimerEvent: {}
[776.024297] (-) TimerEvent: {}
[776.126256] (-) TimerEvent: {}
[776.229469] (-) TimerEvent: {}
[776.331071] (-) TimerEvent: {}
[776.432887] (-) TimerEvent: {}
[776.535624] (-) TimerEvent: {}
[776.638079] (-) TimerEvent: {}
[776.740260] (-) TimerEvent: {}
[776.842133] (-) TimerEvent: {}
[776.944370] (-) TimerEvent: {}
[777.046920] (-) TimerEvent: {}
[777.149261] (-) TimerEvent: {}
[777.251203] (-) TimerEvent: {}
[777.353160] (-) TimerEvent: {}
[777.454516] (-) TimerEvent: {}
[777.555903] (-) TimerEvent: {}
[777.657810] (-) TimerEvent: {}
[777.759477] (-) TimerEvent: {}
[777.861004] (-) TimerEvent: {}
[777.962582] (-) TimerEvent: {}
[778.064313] (-) TimerEvent: {}
[778.165840] (-) TimerEvent: {}
[778.267392] (-) TimerEvent: {}
[778.369149] (-) TimerEvent: {}
[778.470743] (-) TimerEvent: {}
[778.572384] (-) TimerEvent: {}
[778.674030] (-) TimerEvent: {}
[778.775790] (-) TimerEvent: {}
[778.877454] (-) TimerEvent: {}
[778.978925] (-) TimerEvent: {}
[779.080658] (-) TimerEvent: {}
[779.183169] (-) TimerEvent: {}
[779.285925] (-) TimerEvent: {}
[779.387563] (-) TimerEvent: {}
[779.489347] (-) TimerEvent: {}
[779.603457] (-) TimerEvent: {}
[779.731330] (-) TimerEvent: {}
[779.834195] (-) TimerEvent: {}
[779.937251] (-) TimerEvent: {}
[780.039034] (-) TimerEvent: {}
[780.140866] (-) TimerEvent: {}
[780.242249] (-) TimerEvent: {}
[780.343682] (-) TimerEvent: {}
[780.445197] (-) TimerEvent: {}
[780.546797] (-) TimerEvent: {}
[780.648475] (-) TimerEvent: {}
[780.750331] (-) TimerEvent: {}
[780.852041] (-) TimerEvent: {}
[780.953535] (-) TimerEvent: {}
[781.055092] (-) TimerEvent: {}
[781.156715] (-) TimerEvent: {}
[781.258350] (-) TimerEvent: {}
[781.360250] (-) TimerEvent: {}
[781.462862] (-) TimerEvent: {}
[781.565321] (-) TimerEvent: {}
[781.667020] (-) TimerEvent: {}
[781.768713] (-) TimerEvent: {}
[781.870195] (-) TimerEvent: {}
[781.971896] (-) TimerEvent: {}
[782.073427] (-) TimerEvent: {}
[782.175231] (-) TimerEvent: {}
[782.277777] (-) TimerEvent: {}
[782.379311] (-) TimerEvent: {}
[782.481408] (-) TimerEvent: {}
[782.583248] (-) TimerEvent: {}
[782.685624] (-) TimerEvent: {}
[782.787087] (-) TimerEvent: {}
[782.888978] (-) TimerEvent: {}
[782.990756] (-) TimerEvent: {}
[783.093291] (-) TimerEvent: {}
[783.194998] (-) TimerEvent: {}
[783.296748] (-) TimerEvent: {}
[783.398542] (-) TimerEvent: {}
[783.500395] (-) TimerEvent: {}
[783.601897] (-) TimerEvent: {}
[783.703647] (-) TimerEvent: {}
[783.805628] (-) TimerEvent: {}
[783.912222] (-) TimerEvent: {}
[784.013669] (-) TimerEvent: {}
[784.115192] (-) TimerEvent: {}
[784.216866] (-) TimerEvent: {}
[784.318697] (-) TimerEvent: {}
[784.420369] (-) TimerEvent: {}
[784.521983] (-) TimerEvent: {}
[784.623756] (-) TimerEvent: {}
[784.725522] (-) TimerEvent: {}
[784.827011] (-) TimerEvent: {}
[784.928540] (-) TimerEvent: {}
[785.030120] (-) TimerEvent: {}
[785.132115] (-) TimerEvent: {}
[785.233690] (-) TimerEvent: {}
[785.335402] (-) TimerEvent: {}
[785.437977] (-) TimerEvent: {}
[785.539661] (-) TimerEvent: {}
[785.648232] (-) TimerEvent: {}
[785.749755] (-) TimerEvent: {}
[785.851367] (-) TimerEvent: {}
[785.952966] (-) TimerEvent: {}
[786.054614] (-) TimerEvent: {}
[786.156442] (-) TimerEvent: {}
[786.258304] (-) TimerEvent: {}
[786.360058] (-) TimerEvent: {}
[786.461598] (-) TimerEvent: {}
[786.563472] (-) TimerEvent: {}
[786.665426] (-) TimerEvent: {}
[786.767150] (-) TimerEvent: {}
[786.869011] (-) TimerEvent: {}
[786.970674] (-) TimerEvent: {}
[787.072132] (-) TimerEvent: {}
[787.173812] (-) TimerEvent: {}
[787.275458] (-) TimerEvent: {}
[787.377163] (-) TimerEvent: {}
[787.478608] (-) TimerEvent: {}
[787.580320] (-) TimerEvent: {}
[787.682623] (-) TimerEvent: {}
[787.784786] (-) TimerEvent: {}
[787.886388] (-) TimerEvent: {}
[787.988106] (-) TimerEvent: {}
[788.089892] (-) TimerEvent: {}
[788.191632] (-) TimerEvent: {}
[788.293212] (-) TimerEvent: {}
[788.394929] (-) TimerEvent: {}
[788.496763] (-) TimerEvent: {}
[788.598393] (-) TimerEvent: {}
[788.700673] (-) TimerEvent: {}
[788.802433] (-) TimerEvent: {}
[788.904163] (-) TimerEvent: {}
[789.005966] (-) TimerEvent: {}
[789.107507] (-) TimerEvent: {}
[789.209201] (-) TimerEvent: {}
[789.310737] (-) TimerEvent: {}
[789.413214] (-) TimerEvent: {}
[789.515285] (-) TimerEvent: {}
[789.617474] (-) TimerEvent: {}
[789.719044] (-) TimerEvent: {}
[789.821020] (-) TimerEvent: {}
[789.924329] (-) TimerEvent: {}
[790.025957] (-) TimerEvent: {}
[790.127927] (-) TimerEvent: {}
[790.229630] (-) TimerEvent: {}
[790.331325] (-) TimerEvent: {}
[790.432960] (-) TimerEvent: {}
[790.534526] (-) TimerEvent: {}
[790.636401] (-) TimerEvent: {}
[790.738084] (-) TimerEvent: {}
[790.839841] (-) TimerEvent: {}
[790.941564] (-) TimerEvent: {}
[791.043163] (-) TimerEvent: {}
[791.144988] (-) TimerEvent: {}
[791.246481] (-) TimerEvent: {}
[791.348280] (-) TimerEvent: {}
[791.449747] (-) TimerEvent: {}
[791.551471] (-) TimerEvent: {}
[791.653195] (-) TimerEvent: {}
[791.754907] (-) TimerEvent: {}
[791.856608] (-) TimerEvent: {}
[791.958109] (-) TimerEvent: {}
[792.059833] (-) TimerEvent: {}
[792.161427] (-) TimerEvent: {}
[792.262902] (-) TimerEvent: {}
[792.364418] (-) TimerEvent: {}
[792.466098] (-) TimerEvent: {}
[792.567668] (-) TimerEvent: {}
[792.669201] (-) TimerEvent: {}
[792.770767] (-) TimerEvent: {}
[792.872542] (-) TimerEvent: {}
[792.974222] (-) TimerEvent: {}
[793.075916] (-) TimerEvent: {}
[793.177604] (-) TimerEvent: {}
[793.279264] (-) TimerEvent: {}
[793.380827] (-) TimerEvent: {}
[793.482360] (-) TimerEvent: {}
[793.584154] (-) TimerEvent: {}
[793.685995] (-) TimerEvent: {}
[793.787843] (-) TimerEvent: {}
[793.889379] (-) TimerEvent: {}
[793.990875] (-) TimerEvent: {}
[794.093198] (-) TimerEvent: {}
[794.194736] (-) TimerEvent: {}
[794.297240] (-) TimerEvent: {}
[794.398901] (-) TimerEvent: {}
[794.500679] (-) TimerEvent: {}
[794.602179] (-) TimerEvent: {}
[794.704165] (-) TimerEvent: {}
[794.805686] (-) TimerEvent: {}
[794.907182] (-) TimerEvent: {}
[795.008697] (-) TimerEvent: {}
[795.110280] (-) TimerEvent: {}
[795.211874] (-) TimerEvent: {}
[795.313360] (-) TimerEvent: {}
[795.414946] (-) TimerEvent: {}
[795.516545] (-) TimerEvent: {}
[795.618096] (-) TimerEvent: {}
[795.719537] (-) TimerEvent: {}
[795.821199] (-) TimerEvent: {}
[795.922763] (-) TimerEvent: {}
[796.024356] (-) TimerEvent: {}
[796.126013] (-) TimerEvent: {}
[796.227700] (-) TimerEvent: {}
[796.329342] (-) TimerEvent: {}
[796.430862] (-) TimerEvent: {}
[796.532428] (-) TimerEvent: {}
[796.633994] (-) TimerEvent: {}
[796.735566] (-) TimerEvent: {}
[796.837313] (-) TimerEvent: {}
[796.939069] (-) TimerEvent: {}
[797.042007] (-) TimerEvent: {}
[797.144009] (-) TimerEvent: {}
[797.245621] (-) TimerEvent: {}
[797.348060] (-) TimerEvent: {}
[797.450129] (-) TimerEvent: {}
[797.551817] (-) TimerEvent: {}
[797.653301] (-) TimerEvent: {}
[797.755288] (-) TimerEvent: {}
[797.857481] (-) TimerEvent: {}
[797.959470] (-) TimerEvent: {}
[798.061202] (-) TimerEvent: {}
[798.163129] (-) TimerEvent: {}
[798.264917] (-) TimerEvent: {}
[798.366575] (-) TimerEvent: {}
[798.468147] (-) TimerEvent: {}
[798.570309] (-) TimerEvent: {}
[798.671850] (-) TimerEvent: {}
[798.773416] (-) TimerEvent: {}
[798.874972] (-) TimerEvent: {}
[798.976640] (-) TimerEvent: {}
[799.078090] (-) TimerEvent: {}
[799.180036] (-) TimerEvent: {}
[799.281646] (-) TimerEvent: {}
[799.383106] (-) TimerEvent: {}
[799.484684] (-) TimerEvent: {}
[799.586118] (-) TimerEvent: {}
[799.687959] (-) TimerEvent: {}
[799.789504] (-) TimerEvent: {}
[799.891150] (-) TimerEvent: {}
[799.992933] (-) TimerEvent: {}
[800.094617] (-) TimerEvent: {}
[800.196315] (-) TimerEvent: {}
[800.297935] (-) TimerEvent: {}
[800.399634] (-) TimerEvent: {}
[800.501214] (-) TimerEvent: {}
[800.602792] (-) TimerEvent: {}
[800.704281] (-) TimerEvent: {}
[800.805677] (-) TimerEvent: {}
[800.907301] (-) TimerEvent: {}
[801.008893] (-) TimerEvent: {}
[801.110689] (-) TimerEvent: {}
[801.212300] (-) TimerEvent: {}
[801.313782] (-) TimerEvent: {}
[801.415114] (-) TimerEvent: {}
[801.516877] (-) TimerEvent: {}
[801.618538] (-) TimerEvent: {}
[801.720284] (-) TimerEvent: {}
[801.821953] (-) TimerEvent: {}
[801.923702] (-) TimerEvent: {}
[802.025236] (-) TimerEvent: {}
[802.126904] (-) TimerEvent: {}
[802.228496] (-) TimerEvent: {}
[802.330055] (-) TimerEvent: {}
[802.431641] (-) TimerEvent: {}
[802.532942] (-) TimerEvent: {}
[802.635166] (-) TimerEvent: {}
[802.737185] (-) TimerEvent: {}
[802.839301] (-) TimerEvent: {}
[802.941159] (-) TimerEvent: {}
[803.042822] (-) TimerEvent: {}
[803.144672] (-) TimerEvent: {}
[803.246169] (-) TimerEvent: {}
[803.348000] (-) TimerEvent: {}
[803.449713] (-) TimerEvent: {}
[803.551373] (-) TimerEvent: {}
[803.652940] (-) TimerEvent: {}
[803.754510] (-) TimerEvent: {}
[803.856118] (-) TimerEvent: {}
[803.958002] (-) TimerEvent: {}
[804.060646] (-) TimerEvent: {}
[804.163030] (-) TimerEvent: {}
[804.274800] (-) TimerEvent: {}
[804.377094] (-) TimerEvent: {}
[804.479170] (-) TimerEvent: {}
[804.581906] (-) TimerEvent: {}
[804.683500] (-) TimerEvent: {}
[804.785062] (-) TimerEvent: {}
[804.886574] (-) TimerEvent: {}
[804.988332] (-) TimerEvent: {}
[805.089864] (-) TimerEvent: {}
[805.191410] (-) TimerEvent: {}
[805.292993] (-) TimerEvent: {}
[805.394694] (-) TimerEvent: {}
[805.496646] (-) TimerEvent: {}
[805.598378] (-) TimerEvent: {}
[805.700258] (-) TimerEvent: {}
[805.801944] (-) TimerEvent: {}
[805.903689] (-) TimerEvent: {}
[806.005155] (-) TimerEvent: {}
[806.106916] (-) TimerEvent: {}
[806.208763] (-) TimerEvent: {}
[806.310288] (-) TimerEvent: {}
[806.412000] (-) TimerEvent: {}
[806.513934] (-) TimerEvent: {}
[806.615662] (-) TimerEvent: {}
[806.717297] (-) TimerEvent: {}
[806.819150] (-) TimerEvent: {}
[806.920845] (-) TimerEvent: {}
[807.022753] (-) TimerEvent: {}
[807.124732] (-) TimerEvent: {}
[807.226546] (-) TimerEvent: {}
[807.328214] (-) TimerEvent: {}
[807.429697] (-) TimerEvent: {}
[807.531322] (-) TimerEvent: {}
[807.632988] (-) TimerEvent: {}
[807.734721] (-) TimerEvent: {}
[807.836522] (-) TimerEvent: {}
[807.938243] (-) TimerEvent: {}
[808.039954] (-) TimerEvent: {}
[808.141547] (-) TimerEvent: {}
[808.243356] (-) TimerEvent: {}
[808.344920] (-) TimerEvent: {}
[808.446480] (-) TimerEvent: {}
[808.548153] (-) TimerEvent: {}
[808.649854] (-) TimerEvent: {}
[808.751670] (-) TimerEvent: {}
[808.853516] (-) TimerEvent: {}
[808.955241] (-) TimerEvent: {}
[809.056935] (-) TimerEvent: {}
[809.159495] (-) TimerEvent: {}
[809.261990] (-) TimerEvent: {}
[809.363914] (-) TimerEvent: {}
[809.465512] (-) TimerEvent: {}
[809.567207] (-) TimerEvent: {}
[809.668916] (-) TimerEvent: {}
[809.770592] (-) TimerEvent: {}
[809.963030] (-) TimerEvent: {}
[810.292700] (-) TimerEvent: {}
[810.910855] (-) TimerEvent: {}
[811.260412] (-) TimerEvent: {}
[811.361950] (-) TimerEvent: {}
[811.463487] (-) TimerEvent: {}
[811.565215] (-) TimerEvent: {}
[811.666727] (-) TimerEvent: {}
[811.768385] (-) TimerEvent: {}
[811.869985] (-) TimerEvent: {}
[811.971843] (-) TimerEvent: {}
[812.074250] (-) TimerEvent: {}
[812.175742] (-) TimerEvent: {}
[812.277421] (-) TimerEvent: {}
[812.378762] (-) TimerEvent: {}
[812.480491] (-) TimerEvent: {}
[812.582990] (-) TimerEvent: {}
[812.684525] (-) TimerEvent: {}
[812.786811] (-) TimerEvent: {}
[812.888892] (-) TimerEvent: {}
[812.991275] (-) TimerEvent: {}
[813.092886] (-) TimerEvent: {}
[813.195324] (-) TimerEvent: {}
[813.297793] (-) TimerEvent: {}
[813.400269] (-) TimerEvent: {}
[813.502453] (-) TimerEvent: {}
[813.604954] (-) TimerEvent: {}
[813.707141] (-) TimerEvent: {}
[813.808893] (-) TimerEvent: {}
[813.910756] (-) TimerEvent: {}
[814.013333] (-) TimerEvent: {}
[814.116470] (-) TimerEvent: {}
[814.218964] (-) TimerEvent: {}
[814.325491] (-) TimerEvent: {}
[814.427111] (-) TimerEvent: {}
[814.528785] (-) TimerEvent: {}
[814.630409] (-) TimerEvent: {}
[814.732062] (-) TimerEvent: {}
[814.833608] (-) TimerEvent: {}
[814.935238] (-) TimerEvent: {}
[815.036966] (-) TimerEvent: {}
[815.138693] (-) TimerEvent: {}
[815.240534] (-) TimerEvent: {}
[815.342429] (-) TimerEvent: {}
[815.444273] (-) TimerEvent: {}
[815.545833] (-) TimerEvent: {}
[815.647750] (-) TimerEvent: {}
[815.749371] (-) TimerEvent: {}
[815.851011] (-) TimerEvent: {}
[815.953053] (-) TimerEvent: {}
[816.054794] (-) TimerEvent: {}
[816.156664] (-) TimerEvent: {}
[816.258345] (-) TimerEvent: {}
[816.360358] (-) TimerEvent: {}
[816.461893] (-) TimerEvent: {}
[816.563433] (-) TimerEvent: {}
[816.665188] (-) TimerEvent: {}
[816.766933] (-) TimerEvent: {}
[816.868735] (-) TimerEvent: {}
[816.970500] (-) TimerEvent: {}
[817.072163] (-) TimerEvent: {}
[817.173965] (-) TimerEvent: {}
[817.276038] (-) TimerEvent: {}
[817.377804] (-) TimerEvent: {}
[817.479171] (-) TimerEvent: {}
[817.580849] (-) TimerEvent: {}
[817.682275] (-) TimerEvent: {}
[817.783706] (-) TimerEvent: {}
[817.885460] (-) TimerEvent: {}
[817.987062] (-) TimerEvent: {}
[818.088684] (-) TimerEvent: {}
[818.190214] (-) TimerEvent: {}
[818.291962] (-) TimerEvent: {}
[818.393662] (-) TimerEvent: {}
[818.495389] (-) TimerEvent: {}
[818.597148] (-) TimerEvent: {}
[818.698769] (-) TimerEvent: {}
[818.800246] (-) TimerEvent: {}
[818.902194] (-) TimerEvent: {}
[819.004626] (-) TimerEvent: {}
[819.106340] (-) TimerEvent: {}
[819.208710] (-) TimerEvent: {}
[819.310717] (-) TimerEvent: {}
[819.413222] (-) TimerEvent: {}
[819.515409] (-) TimerEvent: {}
[819.617125] (-) TimerEvent: {}
[819.718775] (-) TimerEvent: {}
[819.820510] (-) TimerEvent: {}
[819.922092] (-) TimerEvent: {}
[820.023707] (-) TimerEvent: {}
[820.125415] (-) TimerEvent: {}
[820.227043] (-) TimerEvent: {}
[820.328702] (-) TimerEvent: {}
[820.430254] (-) TimerEvent: {}
[820.531998] (-) TimerEvent: {}
[820.633625] (-) TimerEvent: {}
[820.735171] (-) TimerEvent: {}
[820.836803] (-) TimerEvent: {}
[820.938193] (-) TimerEvent: {}
[821.040438] (-) TimerEvent: {}
[821.143519] (-) TimerEvent: {}
[821.245031] (-) TimerEvent: {}
[821.346644] (-) TimerEvent: {}
[821.450221] (-) TimerEvent: {}
[821.553316] (-) TimerEvent: {}
[821.655996] (-) TimerEvent: {}
[821.757739] (-) TimerEvent: {}
[821.860901] (-) TimerEvent: {}
[821.963816] (-) TimerEvent: {}
[822.066004] (-) TimerEvent: {}
[822.169019] (-) TimerEvent: {}
[822.272096] (-) TimerEvent: {}
[822.374094] (-) TimerEvent: {}
[822.476478] (-) TimerEvent: {}
[822.580208] (-) TimerEvent: {}
[822.682893] (-) TimerEvent: {}
[822.784513] (-) TimerEvent: {}
[822.887834] (-) TimerEvent: {}
[822.989592] (-) TimerEvent: {}
[823.091412] (-) TimerEvent: {}
[823.193123] (-) TimerEvent: {}
[823.294787] (-) TimerEvent: {}
[823.397736] (-) TimerEvent: {}
[823.501473] (-) TimerEvent: {}
[823.604547] (-) TimerEvent: {}
[823.706154] (-) TimerEvent: {}
[823.808153] (-) TimerEvent: {}
[823.909860] (-) TimerEvent: {}
[824.011683] (-) TimerEvent: {}
[824.116671] (-) TimerEvent: {}
[824.219126] (-) TimerEvent: {}
[824.322281] (-) TimerEvent: {}
[824.424652] (-) TimerEvent: {}
[824.526360] (-) TimerEvent: {}
[824.628060] (-) TimerEvent: {}
[824.729739] (-) TimerEvent: {}
[824.832443] (-) TimerEvent: {}
[824.934176] (-) TimerEvent: {}
[825.035893] (-) TimerEvent: {}
[825.137409] (-) TimerEvent: {}
[825.239228] (-) TimerEvent: {}
[825.340922] (-) TimerEvent: {}
[825.442572] (-) TimerEvent: {}
[825.544306] (-) TimerEvent: {}
[825.646039] (-) TimerEvent: {}
[825.748043] (-) TimerEvent: {}
[825.850661] (-) TimerEvent: {}
[825.953638] (-) TimerEvent: {}
[826.055917] (-) TimerEvent: {}
[826.157368] (-) TimerEvent: {}
[826.259776] (-) TimerEvent: {}
[826.362151] (-) TimerEvent: {}
[826.464225] (-) TimerEvent: {}
[826.567353] (-) TimerEvent: {}
[826.669467] (-) TimerEvent: {}
[826.771910] (-) TimerEvent: {}
[826.874093] (-) TimerEvent: {}
[826.975848] (-) TimerEvent: {}
[827.077582] (-) TimerEvent: {}
[827.179074] (-) TimerEvent: {}
[827.280816] (-) TimerEvent: {}
[827.382569] (-) TimerEvent: {}
[827.484659] (-) TimerEvent: {}
[827.587295] (-) TimerEvent: {}
[827.689659] (-) TimerEvent: {}
[827.790962] (-) TimerEvent: {}
[827.892962] (-) TimerEvent: {}
[827.994522] (-) TimerEvent: {}
[828.096473] (-) TimerEvent: {}
[828.198222] (-) TimerEvent: {}
[828.299834] (-) TimerEvent: {}
[828.401362] (-) TimerEvent: {}
[828.503139] (-) TimerEvent: {}
[828.605040] (-) TimerEvent: {}
[828.706645] (-) TimerEvent: {}
[828.808562] (-) TimerEvent: {}
[828.910089] (-) TimerEvent: {}
[829.011768] (-) TimerEvent: {}
[829.113867] (-) TimerEvent: {}
[829.216768] (-) TimerEvent: {}
[829.319966] (-) TimerEvent: {}
[829.423277] (-) TimerEvent: {}
[829.525311] (-) TimerEvent: {}
[829.626805] (-) TimerEvent: {}
[829.728414] (-) TimerEvent: {}
[829.830305] (-) TimerEvent: {}
[829.931876] (-) TimerEvent: {}
[830.033484] (-) TimerEvent: {}
[830.135103] (-) TimerEvent: {}
[830.236718] (-) TimerEvent: {}
[830.338500] (-) TimerEvent: {}
[830.440357] (-) TimerEvent: {}
[830.542034] (-) TimerEvent: {}
[830.643542] (-) TimerEvent: {}
[830.745217] (-) TimerEvent: {}
[830.846797] (-) TimerEvent: {}
[830.948440] (-) TimerEvent: {}
[831.050049] (-) TimerEvent: {}
[831.151719] (-) TimerEvent: {}
[831.253207] (-) TimerEvent: {}
[831.354567] (-) TimerEvent: {}
[831.456387] (-) TimerEvent: {}
[831.558432] (-) TimerEvent: {}
[831.660257] (-) TimerEvent: {}
[831.762317] (-) TimerEvent: {}
[831.863944] (-) TimerEvent: {}
[831.965482] (-) TimerEvent: {}
[832.067111] (-) TimerEvent: {}
[832.168996] (-) TimerEvent: {}
[832.270528] (-) TimerEvent: {}
[832.372169] (-) TimerEvent: {}
[832.473630] (-) TimerEvent: {}
[832.575106] (-) TimerEvent: {}
[832.676633] (-) TimerEvent: {}
[832.778110] (-) TimerEvent: {}
[832.879693] (-) TimerEvent: {}
[832.981227] (-) TimerEvent: {}
[833.082761] (-) TimerEvent: {}
[833.184326] (-) TimerEvent: {}
[833.285871] (-) TimerEvent: {}
[833.387547] (-) TimerEvent: {}
[833.489309] (-) TimerEvent: {}
[833.591096] (-) TimerEvent: {}
[833.692991] (-) TimerEvent: {}
[833.794681] (-) TimerEvent: {}
[833.896336] (-) TimerEvent: {}
[833.997717] (-) TimerEvent: {}
[834.099246] (-) TimerEvent: {}
[834.200833] (-) TimerEvent: {}
[834.302584] (-) TimerEvent: {}
[834.404211] (-) TimerEvent: {}
[834.505939] (-) TimerEvent: {}
[834.607633] (-) TimerEvent: {}
[834.709287] (-) TimerEvent: {}
[834.810794] (-) TimerEvent: {}
[834.912549] (-) TimerEvent: {}
[835.014104] (-) TimerEvent: {}
[835.115825] (-) TimerEvent: {}
[835.217478] (-) TimerEvent: {}
[835.319132] (-) TimerEvent: {}
[835.420892] (-) TimerEvent: {}
[835.522566] (-) TimerEvent: {}
[835.624650] (-) TimerEvent: {}
[835.726247] (-) TimerEvent: {}
[835.828030] (-) TimerEvent: {}
[835.930204] (-) TimerEvent: {}
[836.032968] (-) TimerEvent: {}
[836.135779] (-) TimerEvent: {}
[836.238020] (-) TimerEvent: {}
[836.340505] (-) TimerEvent: {}
[836.442846] (-) TimerEvent: {}
[836.545485] (-) TimerEvent: {}
[836.647194] (-) TimerEvent: {}
[836.748990] (-) TimerEvent: {}
[836.851869] (-) TimerEvent: {}
[836.954391] (-) TimerEvent: {}
[837.056153] (-) TimerEvent: {}
[837.157679] (-) TimerEvent: {}
[837.259426] (-) TimerEvent: {}
[837.361071] (-) TimerEvent: {}
[837.462634] (-) TimerEvent: {}
[837.564457] (-) TimerEvent: {}
[837.666231] (-) TimerEvent: {}
[837.768049] (-) TimerEvent: {}
[837.869644] (-) TimerEvent: {}
[837.971307] (-) TimerEvent: {}
[838.073075] (-) TimerEvent: {}
[838.174675] (-) TimerEvent: {}
[838.276296] (-) TimerEvent: {}
[838.377853] (-) TimerEvent: {}
[838.479310] (-) TimerEvent: {}
[838.581317] (-) TimerEvent: {}
[838.682887] (-) TimerEvent: {}
[838.784477] (-) TimerEvent: {}
[838.886155] (-) TimerEvent: {}
[838.987844] (-) TimerEvent: {}
[839.089585] (-) TimerEvent: {}
[839.191121] (-) TimerEvent: {}
[839.292817] (-) TimerEvent: {}
[839.394636] (-) TimerEvent: {}
[839.497101] (-) TimerEvent: {}
[839.598753] (-) TimerEvent: {}
[839.701085] (-) TimerEvent: {}
[839.802836] (-) TimerEvent: {}
[839.904377] (-) TimerEvent: {}
[840.005885] (-) TimerEvent: {}
[840.108067] (-) TimerEvent: {}
[840.209868] (-) TimerEvent: {}
[840.311390] (-) TimerEvent: {}
[840.412984] (-) TimerEvent: {}
[840.514690] (-) TimerEvent: {}
[840.616403] (-) TimerEvent: {}
[840.718054] (-) TimerEvent: {}
[840.819763] (-) TimerEvent: {}
[840.921349] (-) TimerEvent: {}
[841.023214] (-) TimerEvent: {}
[841.124792] (-) TimerEvent: {}
[841.226093] (-) TimerEvent: {}
[841.327773] (-) TimerEvent: {}
[841.429497] (-) TimerEvent: {}
[841.530978] (-) TimerEvent: {}
[841.632763] (-) TimerEvent: {}
[841.734418] (-) TimerEvent: {}
[841.836054] (-) TimerEvent: {}
[841.937799] (-) TimerEvent: {}
[842.039493] (-) TimerEvent: {}
[842.141286] (-) TimerEvent: {}
[842.243000] (-) TimerEvent: {}
[842.344833] (-) TimerEvent: {}
[842.446334] (-) TimerEvent: {}
[842.547712] (-) TimerEvent: {}
[842.649090] (-) TimerEvent: {}
[842.750574] (-) TimerEvent: {}
[842.852429] (-) TimerEvent: {}
[842.954117] (-) TimerEvent: {}
[843.055842] (-) TimerEvent: {}
[843.157540] (-) TimerEvent: {}
[843.259323] (-) TimerEvent: {}
[843.361097] (-) TimerEvent: {}
[843.462643] (-) TimerEvent: {}
[843.564161] (-) TimerEvent: {}
[843.665825] (-) TimerEvent: {}
[843.767319] (-) TimerEvent: {}
[843.868829] (-) TimerEvent: {}
[843.970875] (-) TimerEvent: {}
[844.073309] (-) TimerEvent: {}
[844.175445] (-) TimerEvent: {}
[844.278072] (-) TimerEvent: {}
[844.380603] (-) TimerEvent: {}
[844.482292] (-) TimerEvent: {}
[844.585493] (-) TimerEvent: {}
[844.687219] (-) TimerEvent: {}
[844.788965] (-) TimerEvent: {}
[844.891156] (-) TimerEvent: {}
[844.992937] (-) TimerEvent: {}
[845.094648] (-) TimerEvent: {}
[845.196492] (-) TimerEvent: {}
[845.299700] (-) TimerEvent: {}
[845.402324] (-) TimerEvent: {}
[845.504770] (-) TimerEvent: {}
[845.606558] (-) TimerEvent: {}
[845.709388] (-) TimerEvent: {}
[845.812294] (-) TimerEvent: {}
[845.913866] (-) TimerEvent: {}
[846.015524] (-) TimerEvent: {}
[846.118077] (-) TimerEvent: {}
[846.220862] (-) TimerEvent: {}
[846.324161] (-) TimerEvent: {}
[846.425679] (-) TimerEvent: {}
[846.527698] (-) TimerEvent: {}
[846.629224] (-) TimerEvent: {}
[846.730766] (-) TimerEvent: {}
[846.832423] (-) TimerEvent: {}
[846.934096] (-) TimerEvent: {}
[847.169248] (-) TimerEvent: {}
[847.270925] (-) TimerEvent: {}
[847.372665] (-) TimerEvent: {}
[847.474220] (-) TimerEvent: {}
[847.576392] (-) TimerEvent: {}
[847.678782] (-) TimerEvent: {}
[847.780896] (-) TimerEvent: {}
[847.882549] (-) TimerEvent: {}
[847.984172] (-) TimerEvent: {}
[848.085828] (-) TimerEvent: {}
[848.187551] (-) TimerEvent: {}
[848.289215] (-) TimerEvent: {}
[848.390843] (-) TimerEvent: {}
[848.492539] (-) TimerEvent: {}
[848.594332] (-) TimerEvent: {}
[848.696159] (-) TimerEvent: {}
[848.797922] (-) TimerEvent: {}
[848.899562] (-) TimerEvent: {}
[849.001535] (-) TimerEvent: {}
[849.104273] (-) TimerEvent: {}
[849.206702] (-) TimerEvent: {}
[849.308387] (-) TimerEvent: {}
[849.410073] (-) TimerEvent: {}
[849.511652] (-) TimerEvent: {}
[849.613450] (-) TimerEvent: {}
[849.715107] (-) TimerEvent: {}
[849.816775] (-) TimerEvent: {}
[849.919492] (-) TimerEvent: {}
[850.021124] (-) TimerEvent: {}
[850.122715] (-) TimerEvent: {}
[850.224380] (-) TimerEvent: {}
[850.326042] (-) TimerEvent: {}
[850.427783] (-) TimerEvent: {}
[850.529479] (-) TimerEvent: {}
[850.631148] (-) TimerEvent: {}
[850.732974] (-) TimerEvent: {}
[850.834745] (-) TimerEvent: {}
[850.936646] (-) TimerEvent: {}
[851.038194] (-) TimerEvent: {}
[851.139884] (-) TimerEvent: {}
[851.241548] (-) TimerEvent: {}
[851.343214] (-) TimerEvent: {}
[851.445192] (-) TimerEvent: {}
[851.546971] (-) TimerEvent: {}
[851.648769] (-) TimerEvent: {}
[851.750574] (-) TimerEvent: {}
[851.852264] (-) TimerEvent: {}
[851.953821] (-) TimerEvent: {}
[852.381445] (-) TimerEvent: {}
[852.483042] (-) TimerEvent: {}
[852.585609] (-) TimerEvent: {}
[852.687409] (-) TimerEvent: {}
[852.789031] (-) TimerEvent: {}
[852.890357] (-) TimerEvent: {}
[852.992181] (-) TimerEvent: {}
[853.093928] (-) TimerEvent: {}
[853.195660] (-) TimerEvent: {}
[853.297249] (-) TimerEvent: {}
[853.398561] (-) TimerEvent: {}
[853.500365] (-) TimerEvent: {}
[853.601752] (-) TimerEvent: {}
[853.703306] (-) TimerEvent: {}
[853.805049] (-) TimerEvent: {}
[853.906569] (-) TimerEvent: {}
[854.008357] (-) TimerEvent: {}
[854.110035] (-) TimerEvent: {}
[854.211658] (-) TimerEvent: {}
[854.313367] (-) TimerEvent: {}
[854.414912] (-) TimerEvent: {}
[854.516530] (-) TimerEvent: {}
[854.618171] (-) TimerEvent: {}
[854.719751] (-) TimerEvent: {}
[854.821480] (-) TimerEvent: {}
[854.923722] (-) TimerEvent: {}
[855.026104] (-) TimerEvent: {}
[855.128465] (-) TimerEvent: {}
[855.230284] (-) TimerEvent: {}
[855.332546] (-) TimerEvent: {}
[855.434285] (-) TimerEvent: {}
[855.536015] (-) TimerEvent: {}
[855.638284] (-) TimerEvent: {}
[855.741466] (-) TimerEvent: {}
[855.843512] (-) TimerEvent: {}
[855.945259] (-) TimerEvent: {}
[856.049081] (-) TimerEvent: {}
[856.152131] (-) TimerEvent: {}
[856.256521] (-) TimerEvent: {}
[856.358683] (-) TimerEvent: {}
[856.460375] (-) TimerEvent: {}
[856.561989] (-) TimerEvent: {}
[856.663508] (-) TimerEvent: {}
[856.765383] (-) TimerEvent: {}
[856.867421] (-) TimerEvent: {}
[856.968944] (-) TimerEvent: {}
[857.070546] (-) TimerEvent: {}
[857.172384] (-) TimerEvent: {}
[857.273952] (-) TimerEvent: {}
[857.375561] (-) TimerEvent: {}
[857.476915] (-) TimerEvent: {}
[857.578617] (-) TimerEvent: {}
[857.680882] (-) TimerEvent: {}
[857.784889] (-) TimerEvent: {}
[857.886400] (-) TimerEvent: {}
[857.988599] (-) TimerEvent: {}
[858.090953] (-) TimerEvent: {}
[858.193357] (-) TimerEvent: {}
[858.296075] (-) TimerEvent: {}
[858.398611] (-) TimerEvent: {}
[858.500766] (-) TimerEvent: {}
[858.602228] (-) TimerEvent: {}
[858.703836] (-) TimerEvent: {}
[858.805129] (-) TimerEvent: {}
[858.906538] (-) TimerEvent: {}
[859.008022] (-) TimerEvent: {}
[859.109822] (-) TimerEvent: {}
[859.211295] (-) TimerEvent: {}
[859.313178] (-) TimerEvent: {}
[859.414844] (-) TimerEvent: {}
[859.516617] (-) TimerEvent: {}
[859.618275] (-) TimerEvent: {}
[859.719844] (-) TimerEvent: {}
[859.821169] (-) TimerEvent: {}
[859.922624] (-) TimerEvent: {}
[860.025458] (-) TimerEvent: {}
[860.127003] (-) TimerEvent: {}
[860.228766] (-) TimerEvent: {}
[860.330455] (-) TimerEvent: {}
[860.432054] (-) TimerEvent: {}
[860.533568] (-) TimerEvent: {}
[860.635096] (-) TimerEvent: {}
[860.736836] (-) TimerEvent: {}
[860.838498] (-) TimerEvent: {}
[860.940659] (-) TimerEvent: {}
[861.042326] (-) TimerEvent: {}
[861.143893] (-) TimerEvent: {}
[861.245581] (-) TimerEvent: {}
[861.347382] (-) TimerEvent: {}
[861.449179] (-) TimerEvent: {}
[861.551747] (-) TimerEvent: {}
[861.654386] (-) TimerEvent: {}
[861.757072] (-) TimerEvent: {}
[861.860120] (-) TimerEvent: {}
[861.962535] (-) TimerEvent: {}
[862.064137] (-) TimerEvent: {}
[862.165658] (-) TimerEvent: {}
[862.267153] (-) TimerEvent: {}
[862.369396] (-) TimerEvent: {}
[862.471113] (-) TimerEvent: {}
[862.572924] (-) TimerEvent: {}
[862.674630] (-) TimerEvent: {}
[862.776065] (-) TimerEvent: {}
[862.877628] (-) TimerEvent: {}
[862.979657] (-) TimerEvent: {}
[863.081232] (-) TimerEvent: {}
[863.182916] (-) TimerEvent: {}
[863.284673] (-) TimerEvent: {}
[863.386318] (-) TimerEvent: {}
[863.488039] (-) TimerEvent: {}
[863.589452] (-) TimerEvent: {}
[863.690978] (-) TimerEvent: {}
[863.792733] (-) TimerEvent: {}
[863.894202] (-) TimerEvent: {}
[863.995871] (-) TimerEvent: {}
[864.097786] (-) TimerEvent: {}
[864.199548] (-) TimerEvent: {}
[864.301111] (-) TimerEvent: {}
[864.402721] (-) TimerEvent: {}
[864.504399] (-) TimerEvent: {}
[864.605915] (-) TimerEvent: {}
[864.707648] (-) TimerEvent: {}
[864.809224] (-) TimerEvent: {}
[864.911052] (-) TimerEvent: {}
[865.012825] (-) TimerEvent: {}
[865.114228] (-) TimerEvent: {}
[865.216014] (-) TimerEvent: {}
[865.317680] (-) TimerEvent: {}
[865.419454] (-) TimerEvent: {}
[865.521185] (-) TimerEvent: {}
[865.622922] (-) TimerEvent: {}
[865.724776] (-) TimerEvent: {}
[865.826510] (-) TimerEvent: {}
[865.928596] (-) TimerEvent: {}
[866.030335] (-) TimerEvent: {}
[866.132020] (-) TimerEvent: {}
[866.233499] (-) TimerEvent: {}
[866.335226] (-) TimerEvent: {}
[866.437091] (-) TimerEvent: {}
[866.538693] (-) TimerEvent: {}
[866.640671] (-) TimerEvent: {}
[866.742506] (-) TimerEvent: {}
[866.844567] (-) TimerEvent: {}
[866.946457] (-) TimerEvent: {}
[867.048241] (-) TimerEvent: {}
[867.149890] (-) TimerEvent: {}
[867.251741] (-) TimerEvent: {}
[867.353389] (-) TimerEvent: {}
[867.455533] (-) TimerEvent: {}
[867.557199] (-) TimerEvent: {}
[867.661821] (-) TimerEvent: {}
[867.763701] (-) TimerEvent: {}
[867.866309] (-) TimerEvent: {}
[867.968066] (-) TimerEvent: {}
[868.069794] (-) TimerEvent: {}
[868.171178] (-) TimerEvent: {}
[868.272817] (-) TimerEvent: {}
[868.374482] (-) TimerEvent: {}
[868.476205] (-) TimerEvent: {}
[868.577774] (-) TimerEvent: {}
[868.679564] (-) TimerEvent: {}
[868.781248] (-) TimerEvent: {}
[868.882782] (-) TimerEvent: {}
[868.984829] (-) TimerEvent: {}
[869.086495] (-) TimerEvent: {}
[869.188234] (-) TimerEvent: {}
[869.290030] (-) TimerEvent: {}
[869.391900] (-) TimerEvent: {}
[869.493471] (-) TimerEvent: {}
[869.595009] (-) TimerEvent: {}
[869.696627] (-) TimerEvent: {}
[869.798224] (-) TimerEvent: {}
[869.900095] (-) TimerEvent: {}
[870.001763] (-) TimerEvent: {}
[870.103489] (-) TimerEvent: {}
[870.205209] (-) TimerEvent: {}
[870.306880] (-) TimerEvent: {}
[870.408169] (-) TimerEvent: {}
[870.509813] (-) TimerEvent: {}
[870.611374] (-) TimerEvent: {}
[870.713092] (-) TimerEvent: {}
[870.814817] (-) TimerEvent: {}
[870.916713] (-) TimerEvent: {}
[871.018420] (-) TimerEvent: {}
[871.120326] (-) TimerEvent: {}
[871.221881] (-) TimerEvent: {}
[871.323183] (-) TimerEvent: {}
[871.425014] (-) TimerEvent: {}
[871.526748] (-) TimerEvent: {}
[871.628662] (-) TimerEvent: {}
[871.730370] (-) TimerEvent: {}
[871.832142] (-) TimerEvent: {}
[871.933792] (-) TimerEvent: {}
[872.035369] (-) TimerEvent: {}
[872.137401] (-) TimerEvent: {}
[872.239080] (-) TimerEvent: {}
[872.341452] (-) TimerEvent: {}
[872.443120] (-) TimerEvent: {}
[872.544674] (-) TimerEvent: {}
[872.646251] (-) TimerEvent: {}
[872.747936] (-) TimerEvent: {}
[872.849705] (-) TimerEvent: {}
[872.951442] (-) TimerEvent: {}
[873.053265] (-) TimerEvent: {}
[873.155519] (-) TimerEvent: {}
[873.256960] (-) TimerEvent: {}
[873.358326] (-) TimerEvent: {}
[873.460014] (-) TimerEvent: {}
[873.561525] (-) TimerEvent: {}
[873.663278] (-) TimerEvent: {}
[873.765139] (-) TimerEvent: {}
[873.866836] (-) TimerEvent: {}
[873.968610] (-) TimerEvent: {}
[874.070398] (-) TimerEvent: {}
[874.172279] (-) TimerEvent: {}
[874.273907] (-) TimerEvent: {}
[874.375800] (-) TimerEvent: {}
[874.477351] (-) TimerEvent: {}
[874.581045] (-) TimerEvent: {}
[874.683819] (-) TimerEvent: {}
[874.786078] (-) TimerEvent: {}
[874.887434] (-) TimerEvent: {}
[874.989068] (-) TimerEvent: {}
[875.090837] (-) TimerEvent: {}
[875.192476] (-) TimerEvent: {}
[875.294374] (-) TimerEvent: {}
[875.395954] (-) TimerEvent: {}
[875.497849] (-) TimerEvent: {}
[875.599428] (-) TimerEvent: {}
[875.701292] (-) TimerEvent: {}
[875.802809] (-) TimerEvent: {}
[875.906941] (-) TimerEvent: {}
[876.010451] (-) TimerEvent: {}
[876.113211] (-) TimerEvent: {}
[876.216403] (-) TimerEvent: {}
[876.319127] (-) TimerEvent: {}
[876.421440] (-) TimerEvent: {}
[876.523905] (-) TimerEvent: {}
[876.625453] (-) TimerEvent: {}
[876.726977] (-) TimerEvent: {}
[876.829144] (-) TimerEvent: {}
[876.930944] (-) TimerEvent: {}
[877.033451] (-) TimerEvent: {}
[877.135301] (-) TimerEvent: {}
[877.238071] (-) TimerEvent: {}
[877.340642] (-) TimerEvent: {}
[877.442551] (-) TimerEvent: {}
[877.544304] (-) TimerEvent: {}
[877.645869] (-) TimerEvent: {}
[877.747511] (-) TimerEvent: {}
[877.849212] (-) TimerEvent: {}
[877.951010] (-) TimerEvent: {}
[878.053033] (-) TimerEvent: {}
[878.154572] (-) TimerEvent: {}
[878.256074] (-) TimerEvent: {}
[878.357636] (-) TimerEvent: {}
[878.459486] (-) TimerEvent: {}
[878.561307] (-) TimerEvent: {}
[878.662599] (-) TimerEvent: {}
[878.764453] (-) TimerEvent: {}
[878.866155] (-) TimerEvent: {}
[878.967905] (-) TimerEvent: {}
[879.069584] (-) TimerEvent: {}
[879.171187] (-) TimerEvent: {}
[879.272638] (-) TimerEvent: {}
[879.374381] (-) TimerEvent: {}
[879.476264] (-) TimerEvent: {}
[879.577721] (-) TimerEvent: {}
[879.679311] (-) TimerEvent: {}
[879.780867] (-) TimerEvent: {}
[879.882327] (-) TimerEvent: {}
[879.983741] (-) TimerEvent: {}
[880.085212] (-) TimerEvent: {}
[880.186962] (-) TimerEvent: {}
[880.288711] (-) TimerEvent: {}
[880.390370] (-) TimerEvent: {}
[880.492227] (-) TimerEvent: {}
[880.593753] (-) TimerEvent: {}
[880.695385] (-) TimerEvent: {}
[880.797988] (-) TimerEvent: {}
[880.899815] (-) TimerEvent: {}
[881.002163] (-) TimerEvent: {}
[881.103679] (-) TimerEvent: {}
[881.206030] (-) TimerEvent: {}
[881.307789] (-) TimerEvent: {}
[881.409506] (-) TimerEvent: {}
[881.511168] (-) TimerEvent: {}
[881.612777] (-) TimerEvent: {}
[881.715120] (-) TimerEvent: {}
[881.816752] (-) TimerEvent: {}
[881.918224] (-) TimerEvent: {}
[882.019843] (-) TimerEvent: {}
[882.121580] (-) TimerEvent: {}
[882.223957] (-) TimerEvent: {}
[882.325374] (-) TimerEvent: {}
[882.426967] (-) TimerEvent: {}
[882.528432] (-) TimerEvent: {}
[882.632006] (-) TimerEvent: {}
[882.733767] (-) TimerEvent: {}
[882.836488] (-) TimerEvent: {}
[882.938408] (-) TimerEvent: {}
[883.040770] (-) TimerEvent: {}
[883.142691] (-) TimerEvent: {}
[883.244707] (-) TimerEvent: {}
[883.346095] (-) TimerEvent: {}
[883.447449] (-) TimerEvent: {}
[883.549180] (-) TimerEvent: {}
[883.651020] (-) TimerEvent: {}
[883.752592] (-) TimerEvent: {}
[883.853953] (-) TimerEvent: {}
[883.956920] (-) TimerEvent: {}
[884.058379] (-) TimerEvent: {}
[884.159830] (-) TimerEvent: {}
[884.261449] (-) TimerEvent: {}
[884.363194] (-) TimerEvent: {}
[884.465853] (-) TimerEvent: {}
[884.567248] (-) TimerEvent: {}
[884.669154] (-) TimerEvent: {}
[884.771036] (-) TimerEvent: {}
[884.872744] (-) TimerEvent: {}
[884.974135] (-) TimerEvent: {}
[885.075774] (-) TimerEvent: {}
[885.177532] (-) TimerEvent: {}
[885.279234] (-) TimerEvent: {}
[885.381026] (-) TimerEvent: {}
[885.482749] (-) TimerEvent: {}
[885.584519] (-) TimerEvent: {}
[885.686237] (-) TimerEvent: {}
[885.787876] (-) TimerEvent: {}
[885.889275] (-) TimerEvent: {}
[885.990942] (-) TimerEvent: {}
[886.093083] (-) TimerEvent: {}
[886.194761] (-) TimerEvent: {}
[886.296398] (-) TimerEvent: {}
[886.397908] (-) TimerEvent: {}
[886.499654] (-) TimerEvent: {}
[886.601013] (-) TimerEvent: {}
[886.702528] (-) TimerEvent: {}
[886.803778] (-) TimerEvent: {}
[886.905330] (-) TimerEvent: {}
[887.007155] (-) TimerEvent: {}
[887.109667] (-) TimerEvent: {}
[887.210996] (-) TimerEvent: {}
[887.312619] (-) TimerEvent: {}
[887.414352] (-) TimerEvent: {}
[887.516094] (-) TimerEvent: {}
[887.617548] (-) TimerEvent: {}
[887.718881] (-) TimerEvent: {}
[887.820454] (-) TimerEvent: {}
[887.922221] (-) TimerEvent: {}
[888.024795] (-) TimerEvent: {}
[888.127885] (-) TimerEvent: {}
[888.229485] (-) TimerEvent: {}
[888.331197] (-) TimerEvent: {}
[888.433087] (-) TimerEvent: {}
[888.534566] (-) TimerEvent: {}
[888.636532] (-) TimerEvent: {}
[888.739281] (-) TimerEvent: {}
[888.840869] (-) TimerEvent: {}
[888.943306] (-) TimerEvent: {}
[889.045968] (-) TimerEvent: {}
[889.147538] (-) TimerEvent: {}
[889.249416] (-) TimerEvent: {}
[889.351203] (-) TimerEvent: {}
[889.453031] (-) TimerEvent: {}
[889.554708] (-) TimerEvent: {}
[889.656290] (-) TimerEvent: {}
[889.757987] (-) TimerEvent: {}
[889.859846] (-) TimerEvent: {}
[889.961171] (-) TimerEvent: {}
[890.062718] (-) TimerEvent: {}
[890.164359] (-) TimerEvent: {}
[890.266237] (-) TimerEvent: {}
[890.367830] (-) TimerEvent: {}
[890.469419] (-) TimerEvent: {}
[890.571026] (-) TimerEvent: {}
[890.672552] (-) TimerEvent: {}
[890.773934] (-) TimerEvent: {}
[890.875505] (-) TimerEvent: {}
[890.977258] (-) TimerEvent: {}
[891.078709] (-) TimerEvent: {}
[891.180433] (-) TimerEvent: {}
[891.282434] (-) TimerEvent: {}
[891.384167] (-) TimerEvent: {}
[891.485950] (-) TimerEvent: {}
[891.587820] (-) TimerEvent: {}
[891.689620] (-) TimerEvent: {}
[891.791466] (-) TimerEvent: {}
[891.893416] (-) TimerEvent: {}
[891.995245] (-) TimerEvent: {}
[892.097033] (-) TimerEvent: {}
[892.198723] (-) TimerEvent: {}
[892.300455] (-) TimerEvent: {}
[892.402055] (-) TimerEvent: {}
[892.504013] (-) TimerEvent: {}
[892.605511] (-) TimerEvent: {}
[892.707290] (-) TimerEvent: {}
[892.809387] (-) TimerEvent: {}
[892.910861] (-) TimerEvent: {}
[893.012494] (-) TimerEvent: {}
[893.114334] (-) TimerEvent: {}
[893.216775] (-) TimerEvent: {}
[893.318965] (-) TimerEvent: {}
[893.421352] (-) TimerEvent: {}
[893.523102] (-) TimerEvent: {}
[893.624893] (-) TimerEvent: {}
[893.726391] (-) TimerEvent: {}
[893.827903] (-) TimerEvent: {}
[893.929587] (-) TimerEvent: {}
[894.031119] (-) TimerEvent: {}
[894.133021] (-) TimerEvent: {}
[894.236073] (-) TimerEvent: {}
[894.338763] (-) TimerEvent: {}
[894.441215] (-) TimerEvent: {}
[894.543569] (-) TimerEvent: {}
[894.645408] (-) TimerEvent: {}
[894.747083] (-) TimerEvent: {}
[894.848736] (-) TimerEvent: {}
[894.950457] (-) TimerEvent: {}
[895.052147] (-) TimerEvent: {}
[895.153845] (-) TimerEvent: {}
[895.255489] (-) TimerEvent: {}
[895.357234] (-) TimerEvent: {}
[895.458928] (-) TimerEvent: {}
[895.560668] (-) TimerEvent: {}
[895.662128] (-) TimerEvent: {}
[895.763896] (-) TimerEvent: {}
[895.865726] (-) TimerEvent: {}
[895.967404] (-) TimerEvent: {}
[896.069473] (-) TimerEvent: {}
[896.171182] (-) TimerEvent: {}
[896.272799] (-) TimerEvent: {}
[896.374472] (-) TimerEvent: {}
[896.476273] (-) TimerEvent: {}
[896.577855] (-) TimerEvent: {}
[896.679492] (-) TimerEvent: {}
[896.781142] (-) TimerEvent: {}
[896.882493] (-) TimerEvent: {}
[896.984167] (-) TimerEvent: {}
[897.086503] (-) TimerEvent: {}
[897.188019] (-) TimerEvent: {}
[897.289595] (-) TimerEvent: {}
[897.391160] (-) TimerEvent: {}
[897.493618] (-) TimerEvent: {}
[897.596433] (-) TimerEvent: {}
[897.698288] (-) TimerEvent: {}
[897.801490] (-) TimerEvent: {}
[897.903263] (-) TimerEvent: {}
[898.005141] (-) TimerEvent: {}
[898.106912] (-) TimerEvent: {}
[898.208638] (-) TimerEvent: {}
[898.309987] (-) TimerEvent: {}
[898.411832] (-) TimerEvent: {}
[898.513486] (-) TimerEvent: {}
[898.615028] (-) TimerEvent: {}
[898.716821] (-) TimerEvent: {}
[898.818371] (-) TimerEvent: {}
[898.919911] (-) TimerEvent: {}
[899.021495] (-) TimerEvent: {}
[899.123378] (-) TimerEvent: {}
[899.224829] (-) TimerEvent: {}
[899.326356] (-) TimerEvent: {}
[899.427911] (-) TimerEvent: {}
[899.529464] (-) TimerEvent: {}
[899.631310] (-) TimerEvent: {}
[899.732934] (-) TimerEvent: {}
[899.835170] (-) TimerEvent: {}
[899.936926] (-) TimerEvent: {}
[900.038552] (-) TimerEvent: {}
[900.140325] (-) TimerEvent: {}
[900.242261] (-) TimerEvent: {}
[900.343968] (-) TimerEvent: {}
[900.445370] (-) TimerEvent: {}
[900.547126] (-) TimerEvent: {}
[900.648953] (-) TimerEvent: {}
[900.750480] (-) TimerEvent: {}
[900.852214] (-) TimerEvent: {}
[900.953831] (-) TimerEvent: {}
[901.055634] (-) TimerEvent: {}
[901.157468] (-) TimerEvent: {}
[901.258931] (-) TimerEvent: {}
[901.360612] (-) TimerEvent: {}
[901.462313] (-) TimerEvent: {}
[901.564401] (-) TimerEvent: {}
[901.666074] (-) TimerEvent: {}
[901.767752] (-) TimerEvent: {}
[901.869431] (-) TimerEvent: {}
[901.970991] (-) TimerEvent: {}
[902.072594] (-) TimerEvent: {}
[902.173957] (-) TimerEvent: {}
[902.275791] (-) TimerEvent: {}
[902.377478] (-) TimerEvent: {}
[902.479162] (-) TimerEvent: {}
[902.580885] (-) TimerEvent: {}
[902.682576] (-) TimerEvent: {}
[902.784338] (-) TimerEvent: {}
[902.886051] (-) TimerEvent: {}
[902.988841] (-) TimerEvent: {}
[903.090594] (-) TimerEvent: {}
[903.192267] (-) TimerEvent: {}
[903.294004] (-) TimerEvent: {}
[903.395757] (-) TimerEvent: {}
[903.497653] (-) TimerEvent: {}
[903.599356] (-) TimerEvent: {}
[903.700948] (-) TimerEvent: {}
[903.802516] (-) TimerEvent: {}
[903.904392] (-) TimerEvent: {}
[904.006369] (-) TimerEvent: {}
[904.108101] (-) TimerEvent: {}
[904.210363] (-) TimerEvent: {}
[904.312443] (-) TimerEvent: {}
[904.413950] (-) TimerEvent: {}
[904.515497] (-) TimerEvent: {}
[904.617053] (-) TimerEvent: {}
[904.718605] (-) TimerEvent: {}
[904.820339] (-) TimerEvent: {}
[904.922196] (-) TimerEvent: {}
[905.023885] (-) TimerEvent: {}
[905.125408] (-) TimerEvent: {}
[905.226792] (-) TimerEvent: {}
[905.328847] (-) TimerEvent: {}
[905.430600] (-) TimerEvent: {}
[905.532048] (-) TimerEvent: {}
[905.633465] (-) TimerEvent: {}
[905.735206] (-) TimerEvent: {}
[905.836956] (-) TimerEvent: {}
[905.938622] (-) TimerEvent: {}
[906.040346] (-) TimerEvent: {}
[906.141997] (-) TimerEvent: {}
[906.243479] (-) TimerEvent: {}
[906.345073] (-) TimerEvent: {}
[906.448053] (-) TimerEvent: {}
[906.550846] (-) TimerEvent: {}
[906.653571] (-) TimerEvent: {}
[906.756580] (-) TimerEvent: {}
[906.859082] (-) TimerEvent: {}
[906.960675] (-) TimerEvent: {}
[907.062564] (-) TimerEvent: {}
[907.164422] (-) TimerEvent: {}
[907.266105] (-) TimerEvent: {}
[907.367854] (-) TimerEvent: {}
[907.469556] (-) TimerEvent: {}
[907.571191] (-) TimerEvent: {}
[907.672946] (-) TimerEvent: {}
[907.774537] (-) TimerEvent: {}
[907.876390] (-) TimerEvent: {}
[907.978083] (-) TimerEvent: {}
[908.079750] (-) TimerEvent: {}
[908.181373] (-) TimerEvent: {}
[908.282834] (-) TimerEvent: {}
[908.384428] (-) TimerEvent: {}
[908.486185] (-) TimerEvent: {}
[908.588387] (-) TimerEvent: {}
[908.690416] (-) TimerEvent: {}
[908.792025] (-) TimerEvent: {}
[908.893706] (-) TimerEvent: {}
[908.995296] (-) TimerEvent: {}
[909.096940] (-) TimerEvent: {}
[909.198950] (-) TimerEvent: {}
[909.301230] (-) TimerEvent: {}
[909.403727] (-) TimerEvent: {}
[909.505694] (-) TimerEvent: {}
[909.607212] (-) TimerEvent: {}
[909.709156] (-) TimerEvent: {}
[909.810798] (-) TimerEvent: {}
[909.913366] (-) TimerEvent: {}
[910.015290] (-) TimerEvent: {}
[910.117824] (-) TimerEvent: {}
[910.219526] (-) TimerEvent: {}
[910.321264] (-) TimerEvent: {}
[910.422916] (-) TimerEvent: {}
[910.524801] (-) TimerEvent: {}
[910.626527] (-) TimerEvent: {}
[910.728303] (-) TimerEvent: {}
[910.829969] (-) TimerEvent: {}
[910.932218] (-) TimerEvent: {}
[911.033823] (-) TimerEvent: {}
[911.135229] (-) TimerEvent: {}
[911.237564] (-) TimerEvent: {}
[911.339937] (-) TimerEvent: {}
[911.441568] (-) TimerEvent: {}
[911.543262] (-) TimerEvent: {}
[911.645494] (-) TimerEvent: {}
[911.747272] (-) TimerEvent: {}
[911.848937] (-) TimerEvent: {}
[911.950649] (-) TimerEvent: {}
[912.052824] (-) TimerEvent: {}
[912.154582] (-) TimerEvent: {}
[912.256151] (-) TimerEvent: {}
[912.357731] (-) TimerEvent: {}
[912.459320] (-) TimerEvent: {}
[912.560987] (-) TimerEvent: {}
[912.662626] (-) TimerEvent: {}
[912.764630] (-) TimerEvent: {}
[912.866249] (-) TimerEvent: {}
[912.967980] (-) TimerEvent: {}
[913.069833] (-) TimerEvent: {}
[913.171377] (-) TimerEvent: {}
[913.272836] (-) TimerEvent: {}
[913.374404] (-) TimerEvent: {}
[913.476124] (-) TimerEvent: {}
[913.577627] (-) TimerEvent: {}
[913.679220] (-) TimerEvent: {}
[913.781657] (-) TimerEvent: {}
[913.883497] (-) TimerEvent: {}
[913.985095] (-) TimerEvent: {}
[914.086784] (-) TimerEvent: {}
[914.188375] (-) TimerEvent: {}
[914.290196] (-) TimerEvent: {}
[914.392285] (-) TimerEvent: {}
[914.493927] (-) TimerEvent: {}
[914.595557] (-) TimerEvent: {}
[914.697183] (-) TimerEvent: {}
[914.798901] (-) TimerEvent: {}
[914.900695] (-) TimerEvent: {}
[915.002310] (-) TimerEvent: {}
[915.103991] (-) TimerEvent: {}
[915.205876] (-) TimerEvent: {}
[915.307490] (-) TimerEvent: {}
[915.410440] (-) TimerEvent: {}
[915.512053] (-) TimerEvent: {}
[915.613627] (-) TimerEvent: {}
[915.715499] (-) TimerEvent: {}
[915.818561] (-) TimerEvent: {}
[915.921355] (-) TimerEvent: {}
[916.023187] (-) TimerEvent: {}
[916.124857] (-) TimerEvent: {}
[916.226531] (-) TimerEvent: {}
[916.328188] (-) TimerEvent: {}
[916.429640] (-) TimerEvent: {}
[916.531040] (-) TimerEvent: {}
[916.632854] (-) TimerEvent: {}
[916.734587] (-) TimerEvent: {}
[916.836327] (-) TimerEvent: {}
[916.937965] (-) TimerEvent: {}
[917.039867] (-) TimerEvent: {}
[917.141812] (-) TimerEvent: {}
[917.243508] (-) TimerEvent: {}
[917.345165] (-) TimerEvent: {}
[917.446667] (-) TimerEvent: {}
[917.549234] (-) TimerEvent: {}
[917.651027] (-) TimerEvent: {}
[917.752646] (-) TimerEvent: {}
[917.854256] (-) TimerEvent: {}
[917.955893] (-) TimerEvent: {}
[918.057880] (-) TimerEvent: {}
[918.160521] (-) TimerEvent: {}
[918.262038] (-) TimerEvent: {}
[918.363942] (-) TimerEvent: {}
[918.465477] (-) TimerEvent: {}
[918.567175] (-) TimerEvent: {}
[918.668994] (-) TimerEvent: {}
[918.770559] (-) TimerEvent: {}
[918.873551] (-) TimerEvent: {}
[918.976981] (-) TimerEvent: {}
[919.078720] (-) TimerEvent: {}
[919.180502] (-) TimerEvent: {}
[919.282356] (-) TimerEvent: {}
[919.384012] (-) TimerEvent: {}
[919.485708] (-) TimerEvent: {}
[919.587295] (-) TimerEvent: {}
[919.689107] (-) TimerEvent: {}
[919.790830] (-) TimerEvent: {}
[919.892548] (-) TimerEvent: {}
[919.993899] (-) TimerEvent: {}
[920.095659] (-) TimerEvent: {}
[920.198675] (-) TimerEvent: {}
[920.300345] (-) TimerEvent: {}
[920.402037] (-) TimerEvent: {}
[920.503765] (-) TimerEvent: {}
[920.605353] (-) TimerEvent: {}
[920.707004] (-) TimerEvent: {}
[920.808944] (-) TimerEvent: {}
[920.910583] (-) TimerEvent: {}
[921.012532] (-) TimerEvent: {}
[921.114302] (-) TimerEvent: {}
[921.216173] (-) TimerEvent: {}
[921.317844] (-) TimerEvent: {}
[921.419750] (-) TimerEvent: {}
[921.521338] (-) TimerEvent: {}
[921.622895] (-) TimerEvent: {}
[921.724534] (-) TimerEvent: {}
[921.826741] (-) TimerEvent: {}
[921.928474] (-) TimerEvent: {}
[922.030263] (-) TimerEvent: {}
[922.132086] (-) TimerEvent: {}
[922.233754] (-) TimerEvent: {}
[922.335297] (-) TimerEvent: {}
[922.437262] (-) TimerEvent: {}
[922.538933] (-) TimerEvent: {}
[922.640540] (-) TimerEvent: {}
[922.742191] (-) TimerEvent: {}
[922.843924] (-) TimerEvent: {}
[922.945625] (-) TimerEvent: {}
[923.047474] (-) TimerEvent: {}
[923.148985] (-) TimerEvent: {}
[923.250437] (-) TimerEvent: {}
[923.352354] (-) TimerEvent: {}
[923.453985] (-) TimerEvent: {}
[923.555897] (-) TimerEvent: {}
[923.657671] (-) TimerEvent: {}
[923.759431] (-) TimerEvent: {}
[923.861707] (-) TimerEvent: {}
[923.963871] (-) TimerEvent: {}
[924.065308] (-) TimerEvent: {}
[924.166906] (-) TimerEvent: {}
[924.268694] (-) TimerEvent: {}
[924.370410] (-) TimerEvent: {}
[924.472190] (-) TimerEvent: {}
[924.574550] (-) TimerEvent: {}
[924.676386] (-) TimerEvent: {}
[924.777895] (-) TimerEvent: {}
[924.879415] (-) TimerEvent: {}
[924.981153] (-) TimerEvent: {}
[925.082832] (-) TimerEvent: {}
[925.184916] (-) TimerEvent: {}
[925.286419] (-) TimerEvent: {}
[925.388042] (-) TimerEvent: {}
[925.489594] (-) TimerEvent: {}
[925.591393] (-) TimerEvent: {}
[925.692975] (-) TimerEvent: {}
[925.794484] (-) TimerEvent: {}
[925.896185] (-) TimerEvent: {}
[925.998122] (-) TimerEvent: {}
[926.099907] (-) TimerEvent: {}
[926.201424] (-) TimerEvent: {}
[926.303002] (-) TimerEvent: {}
[926.404725] (-) TimerEvent: {}
[926.506195] (-) TimerEvent: {}
[926.607879] (-) TimerEvent: {}
[926.709438] (-) TimerEvent: {}
[926.810979] (-) TimerEvent: {}
[926.913308] (-) TimerEvent: {}
[927.015685] (-) TimerEvent: {}
[927.117153] (-) TimerEvent: {}
[927.218915] (-) TimerEvent: {}
[927.320814] (-) TimerEvent: {}
[927.422501] (-) TimerEvent: {}
[927.524229] (-) TimerEvent: {}
[927.626013] (-) TimerEvent: {}
[927.727750] (-) TimerEvent: {}
[927.829762] (-) TimerEvent: {}
[927.931438] (-) TimerEvent: {}
[928.032872] (-) TimerEvent: {}
[928.134438] (-) TimerEvent: {}
[928.236237] (-) TimerEvent: {}
[928.338013] (-) TimerEvent: {}
[928.439857] (-) TimerEvent: {}
[928.541604] (-) TimerEvent: {}
[928.643366] (-) TimerEvent: {}
[928.744896] (-) TimerEvent: {}
[928.846520] (-) TimerEvent: {}
[928.948026] (-) TimerEvent: {}
[929.049686] (-) TimerEvent: {}
[929.151169] (-) TimerEvent: {}
[929.252696] (-) TimerEvent: {}
[929.354200] (-) TimerEvent: {}
[929.455867] (-) TimerEvent: {}
[929.557382] (-) TimerEvent: {}
[929.659066] (-) TimerEvent: {}
[929.760915] (-) TimerEvent: {}
[929.862472] (-) TimerEvent: {}
[929.964104] (-) TimerEvent: {}
[930.066043] (-) TimerEvent: {}
[930.167739] (-) TimerEvent: {}
[930.269449] (-) TimerEvent: {}
[930.371310] (-) TimerEvent: {}
[930.472992] (-) TimerEvent: {}
[930.574495] (-) TimerEvent: {}
[930.676607] (-) TimerEvent: {}
[930.778237] (-) TimerEvent: {}
[930.879911] (-) TimerEvent: {}
[930.981758] (-) TimerEvent: {}
[931.083643] (-) TimerEvent: {}
[931.185344] (-) TimerEvent: {}
[931.664731] (-) TimerEvent: {}
[931.939815] (-) TimerEvent: {}
[932.041347] (-) TimerEvent: {}
[932.142825] (-) TimerEvent: {}
[932.244563] (-) TimerEvent: {}
[932.346280] (-) TimerEvent: {}
[932.449355] (-) TimerEvent: {}
[932.551037] (-) TimerEvent: {}
[932.653708] (-) TimerEvent: {}
[932.755363] (-) TimerEvent: {}
[932.857071] (-) TimerEvent: {}
[932.958604] (-) TimerEvent: {}
[933.060212] (-) TimerEvent: {}
[933.162647] (-) TimerEvent: {}
[933.265043] (-) TimerEvent: {}
[933.367705] (-) TimerEvent: {}
[933.471502] (-) TimerEvent: {}
[933.574566] (-) TimerEvent: {}
[933.677444] (-) TimerEvent: {}
[933.780378] (-) TimerEvent: {}
[933.881895] (-) TimerEvent: {}
[933.983550] (-) TimerEvent: {}
[934.085394] (-) TimerEvent: {}
[934.186977] (-) TimerEvent: {}
[934.288742] (-) TimerEvent: {}
[934.390524] (-) TimerEvent: {}
[934.492054] (-) TimerEvent: {}
[934.593821] (-) TimerEvent: {}
[934.695552] (-) TimerEvent: {}
[934.797334] (-) TimerEvent: {}
[934.900003] (-) TimerEvent: {}
[935.001510] (-) TimerEvent: {}
[935.103174] (-) TimerEvent: {}
[935.205123] (-) TimerEvent: {}
[935.306813] (-) TimerEvent: {}
[935.408514] (-) TimerEvent: {}
[935.510264] (-) TimerEvent: {}
[935.611924] (-) TimerEvent: {}
[935.713563] (-) TimerEvent: {}
[935.815308] (-) TimerEvent: {}
[935.916894] (-) TimerEvent: {}
[936.018711] (-) TimerEvent: {}
[936.120566] (-) TimerEvent: {}
[936.222313] (-) TimerEvent: {}
[936.323830] (-) TimerEvent: {}
[936.425455] (-) TimerEvent: {}
[936.527146] (-) TimerEvent: {}
[936.628863] (-) TimerEvent: {}
[936.730240] (-) TimerEvent: {}
[936.831885] (-) TimerEvent: {}
[936.933563] (-) TimerEvent: {}
[937.035343] (-) TimerEvent: {}
[937.138323] (-) TimerEvent: {}
[937.240855] (-) TimerEvent: {}
[937.343279] (-) TimerEvent: {}
[937.445995] (-) TimerEvent: {}
[937.548171] (-) TimerEvent: {}
[937.649691] (-) TimerEvent: {}
[937.751348] (-) TimerEvent: {}
[937.853343] (-) TimerEvent: {}
[937.955195] (-) TimerEvent: {}
[938.056920] (-) TimerEvent: {}
[938.158424] (-) TimerEvent: {}
[938.260164] (-) TimerEvent: {}
[938.361600] (-) TimerEvent: {}
[938.463220] (-) TimerEvent: {}
[938.564981] (-) TimerEvent: {}
[938.666376] (-) TimerEvent: {}
[938.767950] (-) TimerEvent: {}
[938.869612] (-) TimerEvent: {}
[938.971288] (-) TimerEvent: {}
[939.073254] (-) TimerEvent: {}
[939.175091] (-) TimerEvent: {}
[939.276638] (-) TimerEvent: {}
[939.378111] (-) TimerEvent: {}
[939.479395] (-) TimerEvent: {}
[939.581122] (-) TimerEvent: {}
[939.682654] (-) TimerEvent: {}
[939.784503] (-) TimerEvent: {}
[939.886200] (-) TimerEvent: {}
[939.987940] (-) TimerEvent: {}
[940.089455] (-) TimerEvent: {}
[940.191116] (-) TimerEvent: {}
[940.293653] (-) TimerEvent: {}
[940.395221] (-) TimerEvent: {}
[940.497890] (-) TimerEvent: {}
[940.599720] (-) TimerEvent: {}
[940.701451] (-) TimerEvent: {}
[940.803182] (-) TimerEvent: {}
[940.905099] (-) TimerEvent: {}
[941.007054] (-) TimerEvent: {}
[941.108806] (-) TimerEvent: {}
[941.210425] (-) TimerEvent: {}
[941.311939] (-) TimerEvent: {}
[941.414517] (-) TimerEvent: {}
[941.517320] (-) TimerEvent: {}
[941.618723] (-) TimerEvent: {}
[941.720428] (-) TimerEvent: {}
[941.822152] (-) TimerEvent: {}
[941.924751] (-) TimerEvent: {}
[942.026251] (-) TimerEvent: {}
[942.127500] (-) TimerEvent: {}
[942.229323] (-) TimerEvent: {}
[942.330940] (-) TimerEvent: {}
[942.432650] (-) TimerEvent: {}
[942.534186] (-) TimerEvent: {}
[942.635902] (-) TimerEvent: {}
[942.737632] (-) TimerEvent: {}
[942.839250] (-) TimerEvent: {}
[942.941045] (-) TimerEvent: {}
[943.042658] (-) TimerEvent: {}
[943.143999] (-) TimerEvent: {}
[943.245403] (-) TimerEvent: {}
[943.347448] (-) TimerEvent: {}
[943.449696] (-) TimerEvent: {}
[943.551464] (-) TimerEvent: {}
[943.654255] (-) TimerEvent: {}
[943.756718] (-) TimerEvent: {}
[943.859412] (-) TimerEvent: {}
[943.962302] (-) TimerEvent: {}
[944.065035] (-) TimerEvent: {}
[944.167737] (-) TimerEvent: {}
[944.270167] (-) TimerEvent: {}
[944.372109] (-) TimerEvent: {}
[944.474820] (-) TimerEvent: {}
[944.577489] (-) TimerEvent: {}
[944.680040] (-) TimerEvent: {}
[944.781498] (-) TimerEvent: {}
[944.883005] (-) TimerEvent: {}
[944.984827] (-) TimerEvent: {}
[945.086958] (-) TimerEvent: {}
[945.189638] (-) TimerEvent: {}
[945.293048] (-) TimerEvent: {}
[945.395534] (-) TimerEvent: {}
[945.498140] (-) TimerEvent: {}
[945.600563] (-) TimerEvent: {}
[945.702196] (-) TimerEvent: {}
[945.803779] (-) TimerEvent: {}
[945.905451] (-) TimerEvent: {}
[946.007445] (-) TimerEvent: {}
[946.110378] (-) TimerEvent: {}
[946.212689] (-) TimerEvent: {}
[946.314784] (-) TimerEvent: {}
[946.416660] (-) TimerEvent: {}
[946.518291] (-) TimerEvent: {}
[946.620229] (-) TimerEvent: {}
[946.722210] (-) TimerEvent: {}
[946.823961] (-) TimerEvent: {}
[946.925625] (-) TimerEvent: {}
[947.376313] (-) TimerEvent: {}
[947.477685] (-) TimerEvent: {}
[947.579054] (-) TimerEvent: {}
[947.680473] (-) TimerEvent: {}
[947.782923] (-) TimerEvent: {}
[947.884630] (-) TimerEvent: {}
[947.987199] (-) TimerEvent: {}
[948.088966] (-) TimerEvent: {}
[948.190451] (-) TimerEvent: {}
[948.292102] (-) TimerEvent: {}
[948.393864] (-) TimerEvent: {}
[948.495651] (-) TimerEvent: {}
[948.597295] (-) TimerEvent: {}
[948.698996] (-) TimerEvent: {}
[948.800733] (-) TimerEvent: {}
[948.902455] (-) TimerEvent: {}
[949.004191] (-) TimerEvent: {}
[949.105855] (-) TimerEvent: {}
[949.207546] (-) TimerEvent: {}
[949.309258] (-) TimerEvent: {}
[949.410875] (-) TimerEvent: {}
[949.512462] (-) TimerEvent: {}
[949.614097] (-) TimerEvent: {}
[949.715769] (-) TimerEvent: {}
[949.817112] (-) TimerEvent: {}
[949.918510] (-) TimerEvent: {}
[950.020235] (-) TimerEvent: {}
[950.121869] (-) TimerEvent: {}
[950.223480] (-) TimerEvent: {}
[950.325175] (-) TimerEvent: {}
[950.426697] (-) TimerEvent: {}
[950.528259] (-) TimerEvent: {}
[950.630100] (-) TimerEvent: {}
[950.732950] (-) TimerEvent: {}
[950.835545] (-) TimerEvent: {}
[950.938458] (-) TimerEvent: {}
[951.041378] (-) TimerEvent: {}
[951.144032] (-) TimerEvent: {}
[951.245565] (-) TimerEvent: {}
[951.347731] (-) TimerEvent: {}
[951.450188] (-) TimerEvent: {}
[951.551870] (-) TimerEvent: {}
[951.653623] (-) TimerEvent: {}
[951.755901] (-) TimerEvent: {}
[951.857518] (-) TimerEvent: {}
[951.959017] (-) TimerEvent: {}
[952.060507] (-) TimerEvent: {}
[952.162178] (-) TimerEvent: {}
[952.264324] (-) TimerEvent: {}
[952.366550] (-) TimerEvent: {}
[952.468514] (-) TimerEvent: {}
[952.570518] (-) TimerEvent: {}
[952.673166] (-) TimerEvent: {}
[952.774844] (-) TimerEvent: {}
[952.876414] (-) TimerEvent: {}
[952.978095] (-) TimerEvent: {}
[953.079814] (-) TimerEvent: {}
[953.181323] (-) TimerEvent: {}
[953.283023] (-) TimerEvent: {}
[953.384830] (-) TimerEvent: {}
[953.486686] (-) TimerEvent: {}
[953.588327] (-) TimerEvent: {}
[953.689991] (-) TimerEvent: {}
[953.791677] (-) TimerEvent: {}
[953.893441] (-) TimerEvent: {}
[953.995846] (-) TimerEvent: {}
[954.097672] (-) TimerEvent: {}
[954.203283] (-) TimerEvent: {}
[954.305107] (-) TimerEvent: {}
[954.407168] (-) TimerEvent: {}
[954.509493] (-) TimerEvent: {}
[954.612278] (-) TimerEvent: {}
[954.714280] (-) TimerEvent: {}
[954.815963] (-) TimerEvent: {}
[954.917831] (-) TimerEvent: {}
[955.019345] (-) TimerEvent: {}
[955.120999] (-) TimerEvent: {}
[955.224197] (-) TimerEvent: {}
[955.326231] (-) TimerEvent: {}
[955.427681] (-) TimerEvent: {}
[955.529805] (-) TimerEvent: {}
[955.716537] (-) TimerEvent: {}
[955.818202] (-) TimerEvent: {}
[955.919879] (-) TimerEvent: {}
[956.021390] (-) TimerEvent: {}
[956.122865] (-) TimerEvent: {}
[956.226263] (-) TimerEvent: {}
[956.328643] (-) TimerEvent: {}
[956.430121] (-) TimerEvent: {}
[956.531802] (-) TimerEvent: {}
[956.633368] (-) TimerEvent: {}
[956.736369] (-) TimerEvent: {}
[956.839941] (-) TimerEvent: {}
[956.942780] (-) TimerEvent: {}
[957.044287] (-) TimerEvent: {}
[957.146465] (-) TimerEvent: {}
[957.248815] (-) TimerEvent: {}
[957.351227] (-) TimerEvent: {}
[957.453057] (-) TimerEvent: {}
[957.554957] (-) TimerEvent: {}
[957.657098] (-) TimerEvent: {}
[957.758890] (-) TimerEvent: {}
[957.860518] (-) TimerEvent: {}
[957.962232] (-) TimerEvent: {}
[958.063949] (-) TimerEvent: {}
[958.165674] (-) TimerEvent: {}
[958.267329] (-) TimerEvent: {}
[958.368852] (-) TimerEvent: {}
[958.470683] (-) TimerEvent: {}
[958.572682] (-) TimerEvent: {}
[958.675351] (-) TimerEvent: {}
[958.777521] (-) TimerEvent: {}
[958.879123] (-) TimerEvent: {}
[958.981176] (-) TimerEvent: {}
[959.082891] (-) TimerEvent: {}
[959.184684] (-) TimerEvent: {}
[959.286323] (-) TimerEvent: {}
[959.389380] (-) TimerEvent: {}
[959.491295] (-) TimerEvent: {}
[959.593949] (-) TimerEvent: {}
[959.696404] (-) TimerEvent: {}
[959.798361] (-) TimerEvent: {}
[959.900277] (-) TimerEvent: {}
[960.001682] (-) TimerEvent: {}
[960.103769] (-) TimerEvent: {}
[960.205431] (-) TimerEvent: {}
[960.307139] (-) TimerEvent: {}
[960.409169] (-) TimerEvent: {}
[960.511010] (-) TimerEvent: {}
[960.612721] (-) TimerEvent: {}
[960.714781] (-) TimerEvent: {}
[960.816393] (-) TimerEvent: {}
[960.918316] (-) TimerEvent: {}
[961.019821] (-) TimerEvent: {}
[961.121552] (-) TimerEvent: {}
[961.223199] (-) TimerEvent: {}
[961.324950] (-) TimerEvent: {}
[961.426559] (-) TimerEvent: {}
[961.528094] (-) TimerEvent: {}
[961.629525] (-) TimerEvent: {}
[961.731079] (-) TimerEvent: {}
[961.832956] (-) TimerEvent: {}
[961.935004] (-) TimerEvent: {}
[962.036562] (-) TimerEvent: {}
[962.138179] (-) TimerEvent: {}
[962.239765] (-) TimerEvent: {}
[962.341471] (-) TimerEvent: {}
[962.443023] (-) TimerEvent: {}
[962.548101] (-) TimerEvent: {}
[962.649571] (-) TimerEvent: {}
[962.751246] (-) TimerEvent: {}
[962.852588] (-) TimerEvent: {}
[962.954391] (-) TimerEvent: {}
[963.056056] (-) TimerEvent: {}
[963.157564] (-) TimerEvent: {}
[963.259189] (-) TimerEvent: {}
[963.360753] (-) TimerEvent: {}
[963.462246] (-) TimerEvent: {}
[963.563954] (-) TimerEvent: {}
[963.665612] (-) TimerEvent: {}
[963.766982] (-) TimerEvent: {}
[963.868763] (-) TimerEvent: {}
[963.970430] (-) TimerEvent: {}
[964.072051] (-) TimerEvent: {}
[964.174829] (-) TimerEvent: {}
[964.277836] (-) TimerEvent: {}
[964.381401] (-) TimerEvent: {}
[964.482831] (-) TimerEvent: {}
[964.584695] (-) TimerEvent: {}
[964.686364] (-) TimerEvent: {}
[964.787969] (-) TimerEvent: {}
[964.889654] (-) TimerEvent: {}
[964.992800] (-) TimerEvent: {}
[965.094404] (-) TimerEvent: {}
[965.196990] (-) TimerEvent: {}
[965.299061] (-) TimerEvent: {}
[965.401230] (-) TimerEvent: {}
[965.502886] (-) TimerEvent: {}
[965.604724] (-) TimerEvent: {}
[965.706604] (-) TimerEvent: {}
[965.808839] (-) TimerEvent: {}
[965.959675] (-) TimerEvent: {}
[966.061308] (-) TimerEvent: {}
[966.163035] (-) TimerEvent: {}
[966.264840] (-) TimerEvent: {}
[966.366515] (-) TimerEvent: {}
[966.468302] (-) TimerEvent: {}
[966.570016] (-) TimerEvent: {}
[966.671775] (-) TimerEvent: {}
[966.773430] (-) TimerEvent: {}
[966.875027] (-) TimerEvent: {}
[966.976878] (-) TimerEvent: {}
[967.078605] (-) TimerEvent: {}
[967.180752] (-) TimerEvent: {}
[967.282780] (-) TimerEvent: {}
[967.384606] (-) TimerEvent: {}
[967.486576] (-) TimerEvent: {}
[967.588781] (-) TimerEvent: {}
[967.691298] (-) TimerEvent: {}
[967.792904] (-) TimerEvent: {}
[967.894686] (-) TimerEvent: {}
[967.996439] (-) TimerEvent: {}
[968.098240] (-) TimerEvent: {}
[968.199931] (-) TimerEvent: {}
[968.301637] (-) TimerEvent: {}
[968.403341] (-) TimerEvent: {}
[968.505052] (-) TimerEvent: {}
[968.606782] (-) TimerEvent: {}
[968.708514] (-) TimerEvent: {}
[968.810043] (-) TimerEvent: {}
[968.911567] (-) TimerEvent: {}
[969.013173] (-) TimerEvent: {}
[969.114865] (-) TimerEvent: {}
[969.216672] (-) TimerEvent: {}
[969.318333] (-) TimerEvent: {}
[969.419931] (-) TimerEvent: {}
[969.521630] (-) TimerEvent: {}
[969.623355] (-) TimerEvent: {}
[969.724990] (-) TimerEvent: {}
[969.826658] (-) TimerEvent: {}
[969.928315] (-) TimerEvent: {}
[970.030083] (-) TimerEvent: {}
[970.131889] (-) TimerEvent: {}
[970.233963] (-) TimerEvent: {}
[970.335699] (-) TimerEvent: {}
[970.437356] (-) TimerEvent: {}
[970.539119] (-) TimerEvent: {}
[970.641813] (-) TimerEvent: {}
[970.743566] (-) TimerEvent: {}
[970.857508] (-) TimerEvent: {}
[970.960219] (-) TimerEvent: {}
[971.064047] (-) TimerEvent: {}
[971.165626] (-) TimerEvent: {}
[971.267055] (-) TimerEvent: {}
[971.368490] (-) TimerEvent: {}
[971.471034] (-) TimerEvent: {}
[971.573579] (-) TimerEvent: {}
[971.677563] (-) TimerEvent: {}
[971.779502] (-) TimerEvent: {}
[971.881972] (-) TimerEvent: {}
[971.984162] (-) TimerEvent: {}
[972.085919] (-) TimerEvent: {}
[972.189274] (-) TimerEvent: {}
[972.294202] (-) TimerEvent: {}
[972.397260] (-) TimerEvent: {}
[972.499710] (-) TimerEvent: {}
[972.602449] (-) TimerEvent: {}
[972.705248] (-) TimerEvent: {}
[972.806645] (-) TimerEvent: {}
[972.908524] (-) TimerEvent: {}
[973.010289] (-) TimerEvent: {}
[973.112072] (-) TimerEvent: {}
[973.213830] (-) TimerEvent: {}
[973.315901] (-) TimerEvent: {}
[973.419995] (-) TimerEvent: {}
[973.523997] (-) TimerEvent: {}
[973.628323] (-) TimerEvent: {}
[973.733841] (-) TimerEvent: {}
[973.839053] (-) TimerEvent: {}
[973.941797] (-) TimerEvent: {}
[974.044575] (-) TimerEvent: {}
[974.146448] (-) TimerEvent: {}
[974.248121] (-) TimerEvent: {}
[974.349697] (-) TimerEvent: {}
[974.451396] (-) TimerEvent: {}
[974.553266] (-) TimerEvent: {}
[974.655033] (-) TimerEvent: {}
[974.756938] (-) TimerEvent: {}
[974.859353] (-) TimerEvent: {}
[974.961014] (-) TimerEvent: {}
[975.062421] (-) TimerEvent: {}
[975.163901] (-) TimerEvent: {}
[975.265396] (-) TimerEvent: {}
[975.366961] (-) TimerEvent: {}
[975.468550] (-) TimerEvent: {}
[975.572149] (-) TimerEvent: {}
[975.673535] (-) TimerEvent: {}
[975.774911] (-) TimerEvent: {}
[975.876785] (-) TimerEvent: {}
[975.978543] (-) TimerEvent: {}
[976.080516] (-) TimerEvent: {}
[976.181947] (-) TimerEvent: {}
[976.283239] (-) TimerEvent: {}
[976.385459] (-) TimerEvent: {}
[976.487371] (-) TimerEvent: {}
[976.589083] (-) TimerEvent: {}
[976.690776] (-) TimerEvent: {}
[976.792613] (-) TimerEvent: {}
[976.894030] (-) TimerEvent: {}
[976.995631] (-) TimerEvent: {}
[977.097457] (-) TimerEvent: {}
[977.199260] (-) TimerEvent: {}
[977.302699] (-) TimerEvent: {}
[977.405359] (-) TimerEvent: {}
[977.507178] (-) TimerEvent: {}
[977.610113] (-) TimerEvent: {}
[977.713534] (-) TimerEvent: {}
[977.816662] (-) TimerEvent: {}
[977.919811] (-) TimerEvent: {}
[978.021277] (-) TimerEvent: {}
[978.124259] (-) TimerEvent: {}
[978.225781] (-) TimerEvent: {}
[978.327343] (-) TimerEvent: {}
[978.429268] (-) TimerEvent: {}
[978.530915] (-) TimerEvent: {}
[978.632568] (-) TimerEvent: {}
[978.734024] (-) TimerEvent: {}
[978.835552] (-) TimerEvent: {}
[978.937295] (-) TimerEvent: {}
[979.038931] (-) TimerEvent: {}
[979.140818] (-) TimerEvent: {}
[979.242532] (-) TimerEvent: {}
[979.344337] (-) TimerEvent: {}
[979.445949] (-) TimerEvent: {}
[979.547690] (-) TimerEvent: {}
[979.649382] (-) TimerEvent: {}
[979.750639] (-) TimerEvent: {}
[979.852002] (-) TimerEvent: {}
[979.953803] (-) TimerEvent: {}
[980.055709] (-) TimerEvent: {}
[980.157441] (-) TimerEvent: {}
[980.258734] (-) TimerEvent: {}
[980.360440] (-) TimerEvent: {}
[980.462036] (-) TimerEvent: {}
[980.563643] (-) TimerEvent: {}
[980.665280] (-) TimerEvent: {}
[980.766828] (-) TimerEvent: {}
[980.868706] (-) TimerEvent: {}
[980.971023] (-) TimerEvent: {}
[981.074838] (-) TimerEvent: {}
[981.177853] (-) TimerEvent: {}
[981.282543] (-) TimerEvent: {}
[981.386626] (-) TimerEvent: {}
[981.491163] (-) TimerEvent: {}
[981.593292] (-) TimerEvent: {}
[981.695153] (-) TimerEvent: {}
[981.797372] (-) TimerEvent: {}
[981.899856] (-) TimerEvent: {}
[982.005826] (-) TimerEvent: {}
[982.108735] (-) TimerEvent: {}
[982.212390] (-) TimerEvent: {}
[982.315099] (-) TimerEvent: {}
[982.416898] (-) TimerEvent: {}
[982.518573] (-) TimerEvent: {}
[982.620529] (-) TimerEvent: {}
[982.722100] (-) TimerEvent: {}
[982.823823] (-) TimerEvent: {}
[982.925393] (-) TimerEvent: {}
[983.027892] (-) TimerEvent: {}
[983.129551] (-) TimerEvent: {}
[983.231196] (-) TimerEvent: {}
[983.333274] (-) TimerEvent: {}
[983.435062] (-) TimerEvent: {}
[983.536794] (-) TimerEvent: {}
[983.638485] (-) TimerEvent: {}
[983.740247] (-) TimerEvent: {}
[983.841957] (-) TimerEvent: {}
[983.943548] (-) TimerEvent: {}
[984.045177] (-) TimerEvent: {}
[984.146673] (-) TimerEvent: {}
[984.248478] (-) TimerEvent: {}
[984.350167] (-) TimerEvent: {}
[984.451695] (-) TimerEvent: {}
[984.553415] (-) TimerEvent: {}
[984.655153] (-) TimerEvent: {}
[984.757029] (-) TimerEvent: {}
[984.858765] (-) TimerEvent: {}
[984.960548] (-) TimerEvent: {}
[985.062121] (-) TimerEvent: {}
[985.163787] (-) TimerEvent: {}
[985.265420] (-) TimerEvent: {}
[985.367118] (-) TimerEvent: {}
[985.468840] (-) TimerEvent: {}
[985.570524] (-) TimerEvent: {}
[985.672223] (-) TimerEvent: {}
[985.773768] (-) TimerEvent: {}
[985.876875] (-) TimerEvent: {}
[985.978551] (-) TimerEvent: {}
[987.729147] (-) TimerEvent: {}
[987.830937] (-) TimerEvent: {}
[987.932608] (-) TimerEvent: {}
[988.034160] (-) TimerEvent: {}
[988.135672] (-) TimerEvent: {}
[988.237127] (-) TimerEvent: {}
[988.338772] (-) TimerEvent: {}
[988.440494] (-) TimerEvent: {}
[988.542207] (-) TimerEvent: {}
[988.643889] (-) TimerEvent: {}
[988.745562] (-) TimerEvent: {}
[988.847214] (-) TimerEvent: {}
[988.948754] (-) TimerEvent: {}
[989.050364] (-) TimerEvent: {}
[989.152004] (-) TimerEvent: {}
[989.253639] (-) TimerEvent: {}
[989.355298] (-) TimerEvent: {}
[989.456986] (-) TimerEvent: {}
[989.558672] (-) TimerEvent: {}
[989.660409] (-) TimerEvent: {}
[989.762069] (-) TimerEvent: {}
[989.863765] (-) TimerEvent: {}
[989.965335] (-) TimerEvent: {}
[990.067047] (-) TimerEvent: {}
[990.168928] (-) TimerEvent: {}
[990.270740] (-) TimerEvent: {}
[990.372420] (-) TimerEvent: {}
[990.474112] (-) TimerEvent: {}
[990.575939] (-) TimerEvent: {}
[990.677580] (-) TimerEvent: {}
[990.779100] (-) TimerEvent: {}
[990.880755] (-) TimerEvent: {}
[990.982682] (-) TimerEvent: {}
[991.084678] (-) TimerEvent: {}
[991.186552] (-) TimerEvent: {}
[991.288254] (-) TimerEvent: {}
[991.389845] (-) TimerEvent: {}
[991.491455] (-) TimerEvent: {}
[991.593082] (-) TimerEvent: {}
[991.694837] (-) TimerEvent: {}
[991.796695] (-) TimerEvent: {}
[991.898307] (-) TimerEvent: {}
[991.999938] (-) TimerEvent: {}
[992.101518] (-) TimerEvent: {}
[992.203147] (-) TimerEvent: {}
[992.305083] (-) TimerEvent: {}
[992.406778] (-) TimerEvent: {}
[992.508467] (-) TimerEvent: {}
[992.610119] (-) TimerEvent: {}
[992.712215] (-) TimerEvent: {}
[992.914430] (-) TimerEvent: {}
[993.810427] (-) TimerEvent: {}
[994.439037] (-) TimerEvent: {}
[994.541244] (-) TimerEvent: {}
[994.643052] (-) TimerEvent: {}
[994.744780] (-) TimerEvent: {}
[994.846371] (-) TimerEvent: {}
[994.948180] (-) TimerEvent: {}
[995.049878] (-) TimerEvent: {}
[995.151716] (-) TimerEvent: {}
[995.253435] (-) TimerEvent: {}
[995.354940] (-) TimerEvent: {}
[995.457143] (-) TimerEvent: {}
[995.559114] (-) TimerEvent: {}
[995.661893] (-) TimerEvent: {}
[995.763502] (-) TimerEvent: {}
[995.865323] (-) TimerEvent: {}
[995.966972] (-) TimerEvent: {}
[996.068599] (-) TimerEvent: {}
[996.579375] (-) TimerEvent: {}
[996.681130] (-) TimerEvent: {}
[996.782734] (-) TimerEvent: {}
[996.884525] (-) TimerEvent: {}
[996.986758] (-) TimerEvent: {}
[997.088590] (-) TimerEvent: {}
[997.190977] (-) TimerEvent: {}
[997.292774] (-) TimerEvent: {}
[997.394394] (-) TimerEvent: {}
[997.495732] (-) TimerEvent: {}
[997.597831] (-) TimerEvent: {}
[997.699361] (-) TimerEvent: {}
[997.802127] (-) TimerEvent: {}
[997.903874] (-) TimerEvent: {}
[998.005895] (-) TimerEvent: {}
[998.107674] (-) TimerEvent: {}
[998.209400] (-) TimerEvent: {}
[998.311015] (-) TimerEvent: {}
[998.412962] (-) TimerEvent: {}
[998.515062] (-) TimerEvent: {}
[998.617235] (-) TimerEvent: {}
[998.719230] (-) TimerEvent: {}
[998.822057] (-) TimerEvent: {}
[998.923734] (-) TimerEvent: {}
[999.025617] (-) TimerEvent: {}
[999.127163] (-) TimerEvent: {}
[999.228778] (-) TimerEvent: {}
[999.330345] (-) TimerEvent: {}
[999.432139] (-) TimerEvent: {}
[999.534536] (-) TimerEvent: {}
[999.636132] (-) TimerEvent: {}
[999.737803] (-) TimerEvent: {}
[999.839263] (-) TimerEvent: {}
[999.940946] (-) TimerEvent: {}
[1000.042379] (-) TimerEvent: {}
[1000.143878] (-) TimerEvent: {}
[1000.245548] (-) TimerEvent: {}
[1000.347047] (-) TimerEvent: {}
[1000.448398] (-) TimerEvent: {}
[1000.549906] (-) TimerEvent: {}
[1000.651485] (-) TimerEvent: {}
[1000.753237] (-) TimerEvent: {}
[1000.855278] (-) TimerEvent: {}
[1000.957329] (-) TimerEvent: {}
[1001.058978] (-) TimerEvent: {}
[1001.160636] (-) TimerEvent: {}
[1001.262508] (-) TimerEvent: {}
[1001.364270] (-) TimerEvent: {}
[1001.465886] (-) TimerEvent: {}
[1001.567322] (-) TimerEvent: {}
[1001.668909] (-) TimerEvent: {}
[1001.770466] (-) TimerEvent: {}
[1001.872285] (-) TimerEvent: {}
[1001.973983] (-) TimerEvent: {}
[1002.075384] (-) TimerEvent: {}
[1002.177559] (-) TimerEvent: {}
[1002.279238] (-) TimerEvent: {}
[1002.380925] (-) TimerEvent: {}
[1002.482656] (-) TimerEvent: {}
[1002.584226] (-) TimerEvent: {}
[1002.686045] (-) TimerEvent: {}
[1002.787390] (-) TimerEvent: {}
[1003.001152] (-) TimerEvent: {}
[1003.103731] (-) TimerEvent: {}
[1003.206218] (-) TimerEvent: {}
[1003.311666] (-) TimerEvent: {}
[1003.413294] (-) TimerEvent: {}
[1003.515378] (-) TimerEvent: {}
[1003.618902] (-) TimerEvent: {}
[1003.723733] (-) TimerEvent: {}
[1003.825393] (-) TimerEvent: {}
[1003.929835] (-) TimerEvent: {}
[1004.034802] (-) TimerEvent: {}
[1004.141377] (-) TimerEvent: {}
[1004.243759] (-) TimerEvent: {}
[1004.345281] (-) TimerEvent: {}
[1004.447494] (-) TimerEvent: {}
[1004.549978] (-) TimerEvent: {}
[1004.651738] (-) TimerEvent: {}
[1004.753305] (-) TimerEvent: {}
[1004.861959] (-) TimerEvent: {}
[1004.966391] (-) TimerEvent: {}
[1005.072512] (-) TimerEvent: {}
[1005.179047] (-) TimerEvent: {}
[1005.284447] (-) TimerEvent: {}
[1005.389479] (-) TimerEvent: {}
[1005.493287] (-) TimerEvent: {}
[1005.596919] (-) TimerEvent: {}
[1005.699874] (-) TimerEvent: {}
[1005.802472] (-) TimerEvent: {}
[1005.905875] (-) TimerEvent: {}
[1006.008646] (-) TimerEvent: {}
[1006.111811] (-) TimerEvent: {}
[1006.216585] (-) TimerEvent: {}
[1006.318381] (-) TimerEvent: {}
[1006.421483] (-) TimerEvent: {}
[1006.523238] (-) TimerEvent: {}
[1006.624884] (-) TimerEvent: {}
[1006.727036] (-) TimerEvent: {}
[1006.828768] (-) TimerEvent: {}
[1006.930695] (-) TimerEvent: {}
[1007.032561] (-) TimerEvent: {}
[1007.135082] (-) TimerEvent: {}
[1007.437139] (-) TimerEvent: {}
[1007.538778] (-) TimerEvent: {}
[1007.640770] (-) TimerEvent: {}
[1007.742533] (-) TimerEvent: {}
[1007.843885] (-) TimerEvent: {}
[1007.945618] (-) TimerEvent: {}
[1008.047312] (-) TimerEvent: {}
[1008.149093] (-) TimerEvent: {}
[1008.251642] (-) TimerEvent: {}
[1008.353262] (-) TimerEvent: {}
[1008.455003] (-) TimerEvent: {}
[1008.556824] (-) TimerEvent: {}
[1008.658406] (-) TimerEvent: {}
[1008.759910] (-) TimerEvent: {}
[1008.861593] (-) TimerEvent: {}
[1008.963257] (-) TimerEvent: {}
[1009.064962] (-) TimerEvent: {}
[1009.166650] (-) TimerEvent: {}
[1009.268388] (-) TimerEvent: {}
[1009.370023] (-) TimerEvent: {}
[1009.471727] (-) TimerEvent: {}
[1009.573337] (-) TimerEvent: {}
[1009.674966] (-) TimerEvent: {}
[1009.776531] (-) TimerEvent: {}
[1009.878211] (-) TimerEvent: {}
[1009.979856] (-) TimerEvent: {}
[1010.081379] (-) TimerEvent: {}
[1010.183003] (-) TimerEvent: {}
[1010.285276] (-) TimerEvent: {}
[1010.386856] (-) TimerEvent: {}
[1010.489064] (-) TimerEvent: {}
[1010.591882] (-) TimerEvent: {}
[1010.693561] (-) TimerEvent: {}
[1010.795154] (-) TimerEvent: {}
[1010.896770] (-) TimerEvent: {}
[1011.284377] (-) TimerEvent: {}
[1011.386574] (-) TimerEvent: {}
[1011.488368] (-) TimerEvent: {}
[1011.590000] (-) TimerEvent: {}
[1011.692119] (-) TimerEvent: {}
[1011.793686] (-) TimerEvent: {}
[1011.895014] (-) TimerEvent: {}
[1011.996782] (-) TimerEvent: {}
[1012.098862] (-) TimerEvent: {}
[1012.200845] (-) TimerEvent: {}
[1012.315941] (-) TimerEvent: {}
[1012.417550] (-) TimerEvent: {}
[1012.519415] (-) TimerEvent: {}
[1012.621534] (-) TimerEvent: {}
[1012.723106] (-) TimerEvent: {}
[1012.824885] (-) TimerEvent: {}
[1012.926595] (-) TimerEvent: {}
[1013.028404] (-) TimerEvent: {}
[1013.130209] (-) TimerEvent: {}
[1013.231919] (-) TimerEvent: {}
[1013.772113] (-) TimerEvent: {}
[1013.873970] (-) TimerEvent: {}
[1013.976140] (-) TimerEvent: {}
[1014.077698] (-) TimerEvent: {}
[1014.179746] (-) TimerEvent: {}
[1014.282839] (-) TimerEvent: {}
[1014.384310] (-) TimerEvent: {}
[1014.486937] (-) TimerEvent: {}
[1014.588368] (-) TimerEvent: {}
[1014.689911] (-) TimerEvent: {}
[1014.791514] (-) TimerEvent: {}
[1014.893098] (-) TimerEvent: {}
[1014.995107] (-) TimerEvent: {}
[1015.097350] (-) TimerEvent: {}
[1015.199008] (-) TimerEvent: {}
[1015.301396] (-) TimerEvent: {}
[1015.403907] (-) TimerEvent: {}
[1015.505460] (-) TimerEvent: {}
[1015.607844] (-) TimerEvent: {}
[1015.709345] (-) TimerEvent: {}
[1015.811138] (-) TimerEvent: {}
[1015.917291] (-) TimerEvent: {}
[1016.019943] (-) TimerEvent: {}
[1016.121605] (-) TimerEvent: {}
[1016.223315] (-) TimerEvent: {}
[1016.325017] (-) TimerEvent: {}
[1016.426229] (-) TimerEvent: {}
[1016.527838] (-) TimerEvent: {}
[1016.629110] (-) TimerEvent: {}
[1016.730711] (-) TimerEvent: {}
[1016.832160] (-) TimerEvent: {}
[1016.933778] (-) TimerEvent: {}
[1017.035354] (-) TimerEvent: {}
[1017.137218] (-) TimerEvent: {}
[1017.243077] (-) TimerEvent: {}
[1017.353134] (-) TimerEvent: {}
[1017.459351] (-) TimerEvent: {}
[1017.561940] (-) TimerEvent: {}
[1017.665176] (-) TimerEvent: {}
[1017.767887] (-) TimerEvent: {}
[1017.870239] (-) TimerEvent: {}
[1017.972971] (-) TimerEvent: {}
[1018.074498] (-) TimerEvent: {}
[1018.176894] (-) TimerEvent: {}
[1018.280048] (-) TimerEvent: {}
[1018.381324] (-) TimerEvent: {}
[1018.483195] (-) TimerEvent: {}
[1018.585584] (-) TimerEvent: {}
[1018.687072] (-) TimerEvent: {}
[1018.790174] (-) TimerEvent: {}
[1018.892250] (-) TimerEvent: {}
[1018.994122] (-) TimerEvent: {}
[1019.096961] (-) TimerEvent: {}
[1019.199447] (-) TimerEvent: {}
[1019.301234] (-) TimerEvent: {}
[1019.402838] (-) TimerEvent: {}
[1019.504199] (-) TimerEvent: {}
[1019.605523] (-) TimerEvent: {}
[1019.707099] (-) TimerEvent: {}
[1019.809077] (-) TimerEvent: {}
[1019.911037] (-) TimerEvent: {}
[1020.013171] (-) TimerEvent: {}
[1020.115685] (-) TimerEvent: {}
[1020.217229] (-) TimerEvent: {}
[1020.319814] (-) TimerEvent: {}
[1020.421445] (-) TimerEvent: {}
[1020.524144] (-) TimerEvent: {}
[1020.626555] (-) TimerEvent: {}
[1020.728365] (-) TimerEvent: {}
[1020.830249] (-) TimerEvent: {}
[1020.932557] (-) TimerEvent: {}
[1021.034195] (-) TimerEvent: {}
[1021.136020] (-) TimerEvent: {}
[1021.238997] (-) TimerEvent: {}
[1021.341139] (-) TimerEvent: {}
[1021.444201] (-) TimerEvent: {}
[1021.548064] (-) TimerEvent: {}
[1021.653898] (-) TimerEvent: {}
[1021.755817] (-) TimerEvent: {}
[1021.857291] (-) TimerEvent: {}
[1021.959080] (-) TimerEvent: {}
[1022.060658] (-) TimerEvent: {}
[1022.162094] (-) TimerEvent: {}
[1022.264267] (-) TimerEvent: {}
[1022.365828] (-) TimerEvent: {}
[1022.467362] (-) TimerEvent: {}
[1022.569063] (-) TimerEvent: {}
[1022.672670] (-) TimerEvent: {}
[1022.778051] (-) TimerEvent: {}
[1022.881472] (-) TimerEvent: {}
[1022.984849] (-) TimerEvent: {}
[1023.087548] (-) TimerEvent: {}
[1023.189616] (-) TimerEvent: {}
[1023.294016] (-) TimerEvent: {}
[1023.401031] (-) TimerEvent: {}
[1023.502580] (-) TimerEvent: {}
[1023.604433] (-) TimerEvent: {}
[1023.707045] (-) TimerEvent: {}
[1023.810055] (-) TimerEvent: {}
[1023.912838] (-) TimerEvent: {}
[1024.014703] (-) TimerEvent: {}
[1024.116542] (-) TimerEvent: {}
[1024.219488] (-) TimerEvent: {}
[1024.321165] (-) TimerEvent: {}
[1024.422826] (-) TimerEvent: {}
[1024.524199] (-) TimerEvent: {}
[1024.625493] (-) TimerEvent: {}
[1024.726731] (-) TimerEvent: {}
[1024.828209] (-) TimerEvent: {}
[1024.931296] (-) TimerEvent: {}
[1025.032915] (-) TimerEvent: {}
[1025.134322] (-) TimerEvent: {}
[1025.235773] (-) TimerEvent: {}
[1025.337403] (-) TimerEvent: {}
[1025.439450] (-) TimerEvent: {}
[1025.544857] (-) TimerEvent: {}
[1025.752561] (-) TimerEvent: {}
[1025.854051] (-) TimerEvent: {}
[1025.955671] (-) TimerEvent: {}
[1026.057339] (-) TimerEvent: {}
[1026.159136] (-) TimerEvent: {}
[1026.262491] (-) TimerEvent: {}
[1026.364411] (-) TimerEvent: {}
[1026.465992] (-) TimerEvent: {}
[1026.567310] (-) TimerEvent: {}
[1026.668694] (-) TimerEvent: {}
[1026.770441] (-) TimerEvent: {}
[1026.872119] (-) TimerEvent: {}
[1026.973787] (-) TimerEvent: {}
[1027.075530] (-) TimerEvent: {}
[1027.177439] (-) TimerEvent: {}
[1027.279165] (-) TimerEvent: {}
[1027.380921] (-) TimerEvent: {}
[1027.482699] (-) TimerEvent: {}
[1027.584454] (-) TimerEvent: {}
[1027.686068] (-) TimerEvent: {}
[1027.788905] (-) TimerEvent: {}
[1027.890642] (-) TimerEvent: {}
[1027.992128] (-) TimerEvent: {}
[1028.093745] (-) TimerEvent: {}
[1028.195478] (-) TimerEvent: {}
[1028.297652] (-) TimerEvent: {}
[1028.399336] (-) TimerEvent: {}
[1028.500749] (-) TimerEvent: {}
[1028.602402] (-) TimerEvent: {}
[1028.703809] (-) TimerEvent: {}
[1028.804984] (-) TimerEvent: {}
[1028.906473] (-) TimerEvent: {}
[1029.008191] (-) TimerEvent: {}
[1029.110385] (-) TimerEvent: {}
[1029.211806] (-) TimerEvent: {}
[1029.313431] (-) TimerEvent: {}
[1029.416057] (-) TimerEvent: {}
[1029.524447] (-) TimerEvent: {}
[1029.627107] (-) TimerEvent: {}
[1029.728976] (-) TimerEvent: {}
[1029.830762] (-) TimerEvent: {}
[1029.933270] (-) TimerEvent: {}
[1030.464716] (-) TimerEvent: {}
[1030.566471] (-) TimerEvent: {}
[1030.668413] (-) TimerEvent: {}
[1030.771697] (-) TimerEvent: {}
[1030.874603] (-) TimerEvent: {}
[1030.976677] (-) TimerEvent: {}
[1031.078634] (-) TimerEvent: {}
[1031.183984] (-) TimerEvent: {}
[1031.289541] (-) TimerEvent: {}
[1031.393376] (-) TimerEvent: {}
[1031.494956] (-) TimerEvent: {}
[1031.596348] (-) TimerEvent: {}
[1031.697906] (-) TimerEvent: {}
[1031.801241] (-) TimerEvent: {}
[1031.904408] (-) TimerEvent: {}
[1032.006583] (-) TimerEvent: {}
[1032.108760] (-) TimerEvent: {}
[1032.212164] (-) TimerEvent: {}
[1032.317128] (-) TimerEvent: {}
[1032.426700] (-) TimerEvent: {}
[1032.531425] (-) TimerEvent: {}
[1032.637751] (-) TimerEvent: {}
[1032.742359] (-) TimerEvent: {}
[1032.844613] (-) TimerEvent: {}
[1032.949100] (-) TimerEvent: {}
[1033.053874] (-) TimerEvent: {}
[1033.159166] (-) TimerEvent: {}
[1033.262558] (-) TimerEvent: {}
[1033.366502] (-) TimerEvent: {}
[1033.472067] (-) TimerEvent: {}
[1033.662369] (-) TimerEvent: {}
[1033.767936] (-) TimerEvent: {}
[1033.873803] (-) TimerEvent: {}
[1033.977532] (-) TimerEvent: {}
[1034.081517] (-) TimerEvent: {}
[1034.186719] (-) TimerEvent: {}
[1034.291473] (-) TimerEvent: {}
[1034.396495] (-) TimerEvent: {}
[1034.502204] (-) TimerEvent: {}
[1034.605576] (-) TimerEvent: {}
[1034.709320] (-) TimerEvent: {}
[1034.811854] (-) TimerEvent: {}
[1034.913714] (-) TimerEvent: {}
[1035.017372] (-) TimerEvent: {}
[1035.121943] (-) TimerEvent: {}
[1035.226870] (-) TimerEvent: {}
[1035.329489] (-) TimerEvent: {}
[1035.430846] (-) TimerEvent: {}
[1035.533232] (-) TimerEvent: {}
[1035.635135] (-) TimerEvent: {}
[1035.736890] (-) TimerEvent: {}
[1035.839181] (-) TimerEvent: {}
[1035.940725] (-) TimerEvent: {}
[1036.043074] (-) TimerEvent: {}
[1036.153173] (-) TimerEvent: {}
[1036.254952] (-) TimerEvent: {}
[1036.357448] (-) TimerEvent: {}
[1036.460012] (-) TimerEvent: {}
[1036.563917] (-) TimerEvent: {}
[1036.667811] (-) TimerEvent: {}
[1036.771545] (-) TimerEvent: {}
[1036.875564] (-) TimerEvent: {}
[1036.977589] (-) TimerEvent: {}
[1037.095057] (-) TimerEvent: {}
[1037.197582] (-) TimerEvent: {}
[1037.299918] (-) TimerEvent: {}
[1037.402067] (-) TimerEvent: {}
[1037.516030] (-) TimerEvent: {}
[1037.649355] (-) TimerEvent: {}
[1037.753820] (-) TimerEvent: {}
[1037.857225] (-) TimerEvent: {}
[1037.959847] (-) TimerEvent: {}
[1038.065922] (-) TimerEvent: {}
[1038.172855] (-) TimerEvent: {}
[1038.275898] (-) TimerEvent: {}
[1038.379946] (-) TimerEvent: {}
[1038.484262] (-) TimerEvent: {}
[1039.776364] (-) TimerEvent: {}
[1039.878228] (-) TimerEvent: {}
[1039.981525] (-) TimerEvent: {}
[1040.085357] (-) TimerEvent: {}
[1040.189303] (-) TimerEvent: {}
[1040.292944] (-) TimerEvent: {}
[1040.397626] (-) TimerEvent: {}
[1040.500084] (-) TimerEvent: {}
[1040.602498] (-) TimerEvent: {}
[1040.705031] (-) TimerEvent: {}
[1040.807673] (-) TimerEvent: {}
[1040.910120] (-) TimerEvent: {}
[1041.011691] (-) TimerEvent: {}
[1041.116382] (-) TimerEvent: {}
[1041.220848] (-) TimerEvent: {}
[1041.325212] (-) TimerEvent: {}
[1041.430197] (-) TimerEvent: {}
[1041.537709] (-) TimerEvent: {}
[1041.642954] (-) TimerEvent: {}
[1041.744527] (-) TimerEvent: {}
[1041.846927] (-) TimerEvent: {}
[1041.949000] (-) TimerEvent: {}
[1042.051347] (-) TimerEvent: {}
[1042.153269] (-) TimerEvent: {}
[1042.254816] (-) TimerEvent: {}
[1042.356575] (-) TimerEvent: {}
[1042.458319] (-) TimerEvent: {}
[1042.560672] (-) TimerEvent: {}
[1042.662843] (-) TimerEvent: {}
[1042.764305] (-) TimerEvent: {}
[1042.866404] (-) TimerEvent: {}
[1042.968427] (-) TimerEvent: {}
[1043.070133] (-) TimerEvent: {}
[1043.172275] (-) TimerEvent: {}
[1043.273752] (-) TimerEvent: {}
[1043.375939] (-) TimerEvent: {}
[1045.722211] (-) TimerEvent: {}
[1046.488124] (-) TimerEvent: {}
[1046.590008] (-) TimerEvent: {}
[1046.692633] (-) TimerEvent: {}
[1046.794555] (-) TimerEvent: {}
[1046.896737] (-) TimerEvent: {}
[1046.999139] (-) TimerEvent: {}
[1047.101598] (-) TimerEvent: {}
[1047.204176] (-) TimerEvent: {}
[1047.306587] (-) TimerEvent: {}
[1047.408643] (-) TimerEvent: {}
[1047.510328] (-) TimerEvent: {}
[1047.612058] (-) TimerEvent: {}
[1047.713624] (-) TimerEvent: {}
[1047.815360] (-) TimerEvent: {}
[1047.917122] (-) TimerEvent: {}
[1048.019304] (-) TimerEvent: {}
[1048.121414] (-) TimerEvent: {}
[1048.225630] (-) TimerEvent: {}
[1048.327224] (-) TimerEvent: {}
[1048.428458] (-) TimerEvent: {}
[1048.529822] (-) TimerEvent: {}
[1048.632560] (-) TimerEvent: {}
[1048.733967] (-) TimerEvent: {}
[1048.835309] (-) TimerEvent: {}
[1048.936984] (-) TimerEvent: {}
[1049.038514] (-) TimerEvent: {}
[1049.140127] (-) TimerEvent: {}
[1049.243039] (-) TimerEvent: {}
[1049.344598] (-) TimerEvent: {}
[1049.445992] (-) TimerEvent: {}
[1049.547159] (-) TimerEvent: {}
[1049.648387] (-) TimerEvent: {}
[1049.749537] (-) TimerEvent: {}
[1049.850770] (-) TimerEvent: {}
[1049.952391] (-) TimerEvent: {}
[1050.053834] (-) TimerEvent: {}
[1050.155497] (-) TimerEvent: {}
[1050.257021] (-) TimerEvent: {}
[1050.358715] (-) TimerEvent: {}
[1050.460530] (-) TimerEvent: {}
[1050.563684] (-) TimerEvent: {}
[1050.667845] (-) TimerEvent: {}
[1050.771282] (-) TimerEvent: {}
[1050.875091] (-) TimerEvent: {}
[1050.976655] (-) TimerEvent: {}
[1051.078346] (-) TimerEvent: {}
[1051.180242] (-) TimerEvent: {}
[1051.281777] (-) TimerEvent: {}
[1051.383067] (-) TimerEvent: {}
[1051.484596] (-) TimerEvent: {}
[1052.391252] (-) TimerEvent: {}
[1052.494717] (-) TimerEvent: {}
[1052.597109] (-) TimerEvent: {}
[1052.699101] (-) TimerEvent: {}
[1052.801492] (-) TimerEvent: {}
[1052.904393] (-) TimerEvent: {}
[1053.008083] (-) TimerEvent: {}
[1053.112814] (-) TimerEvent: {}
[1053.214522] (-) TimerEvent: {}
[1053.316405] (-) TimerEvent: {}
[1053.417752] (-) TimerEvent: {}
[1053.519396] (-) TimerEvent: {}
[1053.621554] (-) TimerEvent: {}
[1053.723708] (-) TimerEvent: {}
[1053.825289] (-) TimerEvent: {}
[1053.926817] (-) TimerEvent: {}
[1054.028482] (-) TimerEvent: {}
[1054.129708] (-) TimerEvent: {}
[1056.517832] (-) TimerEvent: {}
[1056.619171] (-) TimerEvent: {}
[1056.720899] (-) TimerEvent: {}
[1056.991862] (-) TimerEvent: {}
[1057.094210] (-) TimerEvent: {}
[1057.196805] (-) TimerEvent: {}
[1057.299693] (-) TimerEvent: {}
[1057.401534] (-) TimerEvent: {}
[1057.504588] (-) TimerEvent: {}
[1057.606648] (-) TimerEvent: {}
[1057.709078] (-) TimerEvent: {}
[1057.810393] (-) TimerEvent: {}
[1057.911763] (-) TimerEvent: {}
[1058.014021] (-) TimerEvent: {}
[1058.116481] (-) TimerEvent: {}
[1058.219498] (-) TimerEvent: {}
[1058.322403] (-) TimerEvent: {}
[1058.425159] (-) TimerEvent: {}
[1058.527711] (-) TimerEvent: {}
[1058.630111] (-) TimerEvent: {}
[1058.733020] (-) TimerEvent: {}
[1058.834432] (-) TimerEvent: {}
[1058.935882] (-) TimerEvent: {}
[1059.037623] (-) TimerEvent: {}
[1059.139862] (-) TimerEvent: {}
[1059.241390] (-) TimerEvent: {}
[1059.343072] (-) TimerEvent: {}
[1059.445455] (-) TimerEvent: {}
[1059.547165] (-) TimerEvent: {}
[1059.649390] (-) TimerEvent: {}
[1059.796925] (-) TimerEvent: {}
[1059.898823] (-) TimerEvent: {}
[1060.000627] (-) TimerEvent: {}
[1060.102112] (-) TimerEvent: {}
[1060.203403] (-) TimerEvent: {}
[1060.305159] (-) TimerEvent: {}
[1060.406934] (-) TimerEvent: {}
[1060.508721] (-) TimerEvent: {}
[1060.610403] (-) TimerEvent: {}
[1060.711959] (-) TimerEvent: {}
[1060.813594] (-) TimerEvent: {}
[1060.914910] (-) TimerEvent: {}
[1061.016729] (-) TimerEvent: {}
[1061.118384] (-) TimerEvent: {}
[1061.220148] (-) TimerEvent: {}
[1061.321887] (-) TimerEvent: {}
[1061.423718] (-) TimerEvent: {}
[1061.525411] (-) TimerEvent: {}
[1062.331277] (-) TimerEvent: {}
[1062.433041] (-) TimerEvent: {}
[1062.534585] (-) TimerEvent: {}
[1062.636228] (-) TimerEvent: {}
[1062.738161] (-) TimerEvent: {}
[1062.841932] (-) TimerEvent: {}
[1062.943568] (-) TimerEvent: {}
[1063.046353] (-) TimerEvent: {}
[1063.148510] (-) TimerEvent: {}
[1063.250932] (-) TimerEvent: {}
[1063.352644] (-) TimerEvent: {}
[1063.454464] (-) TimerEvent: {}
[1063.556520] (-) TimerEvent: {}
[1063.659025] (-) TimerEvent: {}
[1063.760488] (-) TimerEvent: {}
[1063.861695] (-) TimerEvent: {}
[1063.963126] (-) TimerEvent: {}
[1064.064850] (-) TimerEvent: {}
[1064.166383] (-) TimerEvent: {}
[1064.267911] (-) TimerEvent: {}
[1064.369608] (-) TimerEvent: {}
[1064.471302] (-) TimerEvent: {}
[1064.573068] (-) TimerEvent: {}
[1064.674748] (-) TimerEvent: {}
[1064.776443] (-) TimerEvent: {}
[1064.878143] (-) TimerEvent: {}
[1071.353884] (-) TimerEvent: {}
[1072.556752] (-) TimerEvent: {}
[1072.659180] (-) TimerEvent: {}
[1072.761373] (-) TimerEvent: {}
[1072.862802] (-) TimerEvent: {}
[1072.964840] (-) TimerEvent: {}
[1073.066587] (-) TimerEvent: {}
[1073.168325] (-) TimerEvent: {}
[1073.269751] (-) TimerEvent: {}
[1073.371781] (-) TimerEvent: {}
[1073.473145] (-) TimerEvent: {}
[1073.574518] (-) TimerEvent: {}
[1073.676663] (-) TimerEvent: {}
[1073.778560] (-) TimerEvent: {}
[1073.879835] (-) TimerEvent: {}
[1073.981353] (-) TimerEvent: {}
[1074.083002] (-) TimerEvent: {}
[1074.184333] (-) TimerEvent: {}
[1074.285725] (-) TimerEvent: {}
[1074.387155] (-) TimerEvent: {}
[1074.488640] (-) TimerEvent: {}
[1074.592290] (-) TimerEvent: {}
[1074.694558] (-) TimerEvent: {}
[1074.796118] (-) TimerEvent: {}
[1074.899526] (-) TimerEvent: {}
[1075.001177] (-) TimerEvent: {}
[1075.104216] (-) TimerEvent: {}
[1076.736685] (-) TimerEvent: {}
[1076.838378] (-) TimerEvent: {}
[1076.943424] (-) TimerEvent: {}
[1077.045377] (-) TimerEvent: {}
[1077.146817] (-) TimerEvent: {}
[1077.248452] (-) TimerEvent: {}
[1077.350196] (-) TimerEvent: {}
[1077.453137] (-) TimerEvent: {}
[1077.565328] (-) TimerEvent: {}
[1077.667029] (-) TimerEvent: {}
[1077.768899] (-) TimerEvent: {}
[1077.870449] (-) TimerEvent: {}
[1077.973432] (-) TimerEvent: {}
[1078.075003] (-) TimerEvent: {}
[1078.176826] (-) TimerEvent: {}
[1078.278563] (-) TimerEvent: {}
[1078.380282] (-) TimerEvent: {}
[1078.481904] (-) TimerEvent: {}
[1078.584060] (-) TimerEvent: {}
[1078.686916] (-) TimerEvent: {}
[1078.789269] (-) TimerEvent: {}
[1078.890866] (-) TimerEvent: {}
[1078.992708] (-) TimerEvent: {}
[1079.094833] (-) TimerEvent: {}
[1079.196776] (-) TimerEvent: {}
[1079.298529] (-) TimerEvent: {}
[1079.400308] (-) TimerEvent: {}
[1079.502753] (-) TimerEvent: {}
[1079.605600] (-) TimerEvent: {}
[1079.707272] (-) TimerEvent: {}
[1079.809126] (-) TimerEvent: {}
[1079.910856] (-) TimerEvent: {}
[1080.012494] (-) TimerEvent: {}
[1080.114139] (-) TimerEvent: {}
[1082.758022] (-) TimerEvent: {}
[1082.860091] (-) TimerEvent: {}
[1082.961657] (-) TimerEvent: {}
[1083.063272] (-) TimerEvent: {}
[1083.165054] (-) TimerEvent: {}
[1083.266637] (-) TimerEvent: {}
[1083.368375] (-) TimerEvent: {}
[1083.470047] (-) TimerEvent: {}
[1083.571751] (-) TimerEvent: {}
[1083.673290] (-) TimerEvent: {}
[1083.774921] (-) TimerEvent: {}
[1083.876406] (-) TimerEvent: {}
[1083.979239] (-) TimerEvent: {}
[1084.081142] (-) TimerEvent: {}
[1084.182531] (-) TimerEvent: {}
[1084.284345] (-) TimerEvent: {}
[1084.386079] (-) TimerEvent: {}
[1084.487924] (-) TimerEvent: {}
[1084.589528] (-) TimerEvent: {}
[1084.690961] (-) TimerEvent: {}
[1084.792508] (-) TimerEvent: {}
[1084.894150] (-) TimerEvent: {}
[1084.995879] (-) TimerEvent: {}
[1085.097438] (-) TimerEvent: {}
[1085.200076] (-) TimerEvent: {}
[1085.303462] (-) TimerEvent: {}
[1085.426366] (-) TimerEvent: {}
[1085.531006] (-) TimerEvent: {}
[1085.665046] (-) TimerEvent: {}
[1085.766826] (-) TimerEvent: {}
[1085.875999] (-) TimerEvent: {}
[1085.982051] (-) TimerEvent: {}
[1086.083936] (-) TimerEvent: {}
[1086.187060] (-) TimerEvent: {}
[1086.293318] (-) TimerEvent: {}
[1086.424782] (-) TimerEvent: {}
[1086.562555] (-) TimerEvent: {}
[1086.663887] (-) TimerEvent: {}
[1086.765256] (-) TimerEvent: {}
[1086.866816] (-) TimerEvent: {}
[1086.968571] (-) TimerEvent: {}
[1087.070307] (-) TimerEvent: {}
[1087.172122] (-) TimerEvent: {}
[1087.273723] (-) TimerEvent: {}
[1087.375316] (-) TimerEvent: {}
[1087.477073] (-) TimerEvent: {}
[1087.579037] (-) TimerEvent: {}
[1087.680822] (-) TimerEvent: {}
[1087.782490] (-) TimerEvent: {}
[1087.884410] (-) TimerEvent: {}
[1087.986124] (-) TimerEvent: {}
[1088.087870] (-) TimerEvent: {}
[1088.189568] (-) TimerEvent: {}
[1088.291275] (-) TimerEvent: {}
[1088.393052] (-) TimerEvent: {}
[1088.494773] (-) TimerEvent: {}
[1088.596589] (-) TimerEvent: {}
[1088.698310] (-) TimerEvent: {}
[1088.799765] (-) TimerEvent: {}
[1088.901424] (-) TimerEvent: {}
[1089.003060] (-) TimerEvent: {}
[1089.104813] (-) TimerEvent: {}
[1089.206559] (-) TimerEvent: {}
[1089.308598] (-) TimerEvent: {}
[1089.411375] (-) TimerEvent: {}
[1089.514980] (-) TimerEvent: {}
[1089.617283] (-) TimerEvent: {}
[1089.721709] (-) TimerEvent: {}
[1089.826632] (-) TimerEvent: {}
[1089.931897] (-) TimerEvent: {}
[1090.035008] (-) TimerEvent: {}
[1090.139361] (-) TimerEvent: {}
[1090.246964] (-) TimerEvent: {}
[1090.351877] (-) TimerEvent: {}
[1090.463318] (-) TimerEvent: {}
[1090.566476] (-) TimerEvent: {}
[1091.489113] (-) TimerEvent: {}
[1091.590724] (-) TimerEvent: {}
[1091.692493] (-) TimerEvent: {}
[1091.794183] (-) TimerEvent: {}
[1091.895872] (-) TimerEvent: {}
[1091.997447] (-) TimerEvent: {}
[1092.099912] (-) TimerEvent: {}
[1092.202034] (-) TimerEvent: {}
[1092.303515] (-) TimerEvent: {}
[1092.407414] (-) TimerEvent: {}
[1092.510658] (-) TimerEvent: {}
[1092.615488] (-) TimerEvent: {}
[1092.716983] (-) TimerEvent: {}
[1092.818713] (-) TimerEvent: {}
[1092.922978] (-) TimerEvent: {}
[1093.026939] (-) TimerEvent: {}
[1093.132325] (-) TimerEvent: {}
[1093.234512] (-) TimerEvent: {}
[1093.340881] (-) TimerEvent: {}
[1093.446499] (-) TimerEvent: {}
[1093.551877] (-) TimerEvent: {}
[1093.653509] (-) TimerEvent: {}
[1093.758961] (-) TimerEvent: {}
[1093.865808] (-) TimerEvent: {}
[1093.972454] (-) TimerEvent: {}
[1094.075526] (-) TimerEvent: {}
[1094.178778] (-) TimerEvent: {}
[1094.282654] (-) TimerEvent: {}
[1094.385554] (-) TimerEvent: {}
[1094.490899] (-) TimerEvent: {}
[1094.596592] (-) TimerEvent: {}
[1094.701141] (-) TimerEvent: {}
[1094.806449] (-) TimerEvent: {}
[1094.913869] (-) TimerEvent: {}
[1095.023266] (-) TimerEvent: {}
[1095.134561] (-) TimerEvent: {}
[1095.243894] (-) TimerEvent: {}
[1095.351143] (-) TimerEvent: {}
[1095.454483] (-) TimerEvent: {}
[1095.558258] (-) TimerEvent: {}
[1095.750756] (-) TimerEvent: {}
[1095.855842] (-) TimerEvent: {}
[1095.960817] (-) TimerEvent: {}
[1096.080610] (-) TimerEvent: {}
[1096.187342] (-) TimerEvent: {}
[1096.293640] (-) TimerEvent: {}
[1096.395915] (-) TimerEvent: {}
[1096.497950] (-) TimerEvent: {}
[1096.600413] (-) TimerEvent: {}
[1096.711333] (-) TimerEvent: {}
[1096.813273] (-) TimerEvent: {}
[1096.918074] (-) TimerEvent: {}
[1097.022046] (-) TimerEvent: {}
[1097.127231] (-) TimerEvent: {}
[1097.232851] (-) TimerEvent: {}
[1097.337547] (-) TimerEvent: {}
[1097.442595] (-) TimerEvent: {}
[1097.546095] (-) TimerEvent: {}
[1097.647711] (-) TimerEvent: {}
[1097.749666] (-) TimerEvent: {}
[1097.857102] (-) TimerEvent: {}
[1097.963337] (-) TimerEvent: {}
[1098.069942] (-) TimerEvent: {}
[1098.177619] (-) TimerEvent: {}
[1098.282866] (-) TimerEvent: {}
[1098.386364] (-) TimerEvent: {}
[1098.491623] (-) TimerEvent: {}
[1098.596986] (-) TimerEvent: {}
[1098.703395] (-) TimerEvent: {}
[1098.812410] (-) TimerEvent: {}
[1098.917473] (-) TimerEvent: {}
[1099.021282] (-) TimerEvent: {}
[1099.123074] (-) TimerEvent: {}
[1099.227013] (-) TimerEvent: {}
[1099.330552] (-) TimerEvent: {}
[1099.436172] (-) TimerEvent: {}
[1099.542474] (-) TimerEvent: {}
[1099.644413] (-) TimerEvent: {}
[1099.747820] (-) TimerEvent: {}
[1099.851709] (-) TimerEvent: {}
[1099.955308] (-) TimerEvent: {}
[1100.059735] (-) TimerEvent: {}
[1100.164872] (-) TimerEvent: {}
[1100.267275] (-) TimerEvent: {}
[1100.380274] (-) TimerEvent: {}
[1100.483012] (-) TimerEvent: {}
[1100.586395] (-) TimerEvent: {}
[1101.698095] (-) TimerEvent: {}
[1101.803844] (-) TimerEvent: {}
[1101.906876] (-) TimerEvent: {}
[1102.012653] (-) TimerEvent: {}
[1102.114430] (-) TimerEvent: {}
[1102.222909] (-) TimerEvent: {}
[1102.325353] (-) TimerEvent: {}
[1102.428899] (-) TimerEvent: {}
[1102.532886] (-) TimerEvent: {}
[1102.634963] (-) TimerEvent: {}
[1102.739461] (-) TimerEvent: {}
[1102.841596] (-) TimerEvent: {}
[1102.944398] (-) TimerEvent: {}
[1103.047171] (-) TimerEvent: {}
[1103.149262] (-) TimerEvent: {}
[1103.251736] (-) TimerEvent: {}
[1103.355775] (-) TimerEvent: {}
[1103.457343] (-) TimerEvent: {}
[1103.559544] (-) TimerEvent: {}
[1103.664341] (-) TimerEvent: {}
[1103.768392] (-) TimerEvent: {}
[1103.872297] (-) TimerEvent: {}
[1103.974806] (-) TimerEvent: {}
[1104.087939] (-) TimerEvent: {}
[1104.808903] (-) TimerEvent: {}
[1104.910779] (-) TimerEvent: {}
[1105.012745] (-) TimerEvent: {}
[1105.116197] (-) TimerEvent: {}
[1105.220637] (-) TimerEvent: {}
[1105.324008] (-) TimerEvent: {}
[1105.428479] (-) TimerEvent: {}
[1105.531950] (-) TimerEvent: {}
[1105.640067] (-) TimerEvent: {}
[1105.744343] (-) TimerEvent: {}
[1105.848573] (-) TimerEvent: {}
[1105.957558] (-) TimerEvent: {}
[1106.062634] (-) TimerEvent: {}
[1106.166544] (-) TimerEvent: {}
[1106.271638] (-) TimerEvent: {}
[1106.376651] (-) TimerEvent: {}
[1106.481125] (-) TimerEvent: {}
[1106.584050] (-) TimerEvent: {}
[1106.688960] (-) TimerEvent: {}
[1106.790639] (-) TimerEvent: {}
[1106.892700] (-) TimerEvent: {}
[1107.007774] (-) TimerEvent: {}
[1107.110540] (-) TimerEvent: {}
[1107.213283] (-) TimerEvent: {}
[1107.315307] (-) TimerEvent: {}
[1107.417491] (-) TimerEvent: {}
[1107.519055] (-) TimerEvent: {}
[1107.686347] (-) TimerEvent: {}
[1107.795713] (-) TimerEvent: {}
[1107.899470] (-) TimerEvent: {}
[1108.002118] (-) TimerEvent: {}
[1108.104588] (-) TimerEvent: {}
[1108.209555] (-) TimerEvent: {}
[1108.313458] (-) TimerEvent: {}
[1108.415019] (-) TimerEvent: {}
[1108.516626] (-) TimerEvent: {}
[1108.622941] (-) TimerEvent: {}
[1108.727180] (-) TimerEvent: {}
[1108.829520] (-) TimerEvent: {}
[1108.932854] (-) TimerEvent: {}
[1109.036987] (-) TimerEvent: {}
[1109.140577] (-) TimerEvent: {}
[1109.243852] (-) TimerEvent: {}
[1109.347952] (-) TimerEvent: {}
[1109.451565] (-) TimerEvent: {}
[1109.554826] (-) TimerEvent: {}
[1109.656404] (-) TimerEvent: {}
[1109.757802] (-) TimerEvent: {}
[1109.860123] (-) TimerEvent: {}
[1109.962373] (-) TimerEvent: {}
[1110.065981] (-) TimerEvent: {}
[1110.170278] (-) TimerEvent: {}
[1110.274099] (-) TimerEvent: {}
[1110.375757] (-) TimerEvent: {}
[1110.479814] (-) TimerEvent: {}
[1110.582093] (-) TimerEvent: {}
[1110.684761] (-) TimerEvent: {}
[1110.788667] (-) TimerEvent: {}
[1110.890045] (-) TimerEvent: {}
[1110.991367] (-) TimerEvent: {}
[1111.092774] (-) TimerEvent: {}
[1111.194392] (-) TimerEvent: {}
[1111.296417] (-) TimerEvent: {}
[1111.397736] (-) TimerEvent: {}
[1111.498987] (-) TimerEvent: {}
[1111.600367] (-) TimerEvent: {}
[1111.701977] (-) TimerEvent: {}
[1111.803871] (-) TimerEvent: {}
[1111.905507] (-) TimerEvent: {}
[1112.006915] (-) TimerEvent: {}
[1112.108514] (-) TimerEvent: {}
[1112.211560] (-) TimerEvent: {}
[1112.315882] (-) TimerEvent: {}
[1112.418105] (-) TimerEvent: {}
[1112.520200] (-) TimerEvent: {}
[1112.623081] (-) TimerEvent: {}
[1112.725769] (-) TimerEvent: {}
[1112.828370] (-) TimerEvent: {}
[1112.930837] (-) TimerEvent: {}
[1113.032917] (-) TimerEvent: {}
[1113.134222] (-) TimerEvent: {}
[1113.236215] (-) TimerEvent: {}
[1113.337680] (-) TimerEvent: {}
[1113.440781] (-) TimerEvent: {}
[1113.542967] (-) TimerEvent: {}
[1113.644628] (-) TimerEvent: {}
[1113.748397] (-) TimerEvent: {}
[1113.851938] (-) TimerEvent: {}
[1113.956330] (-) TimerEvent: {}
[1114.059672] (-) TimerEvent: {}
[1114.162998] (-) TimerEvent: {}
[1114.266398] (-) TimerEvent: {}
[1114.370066] (-) TimerEvent: {}
[1114.471898] (-) TimerEvent: {}
[1114.573642] (-) TimerEvent: {}
[1114.676103] (-) TimerEvent: {}
[1114.777866] (-) TimerEvent: {}
[1114.880057] (-) TimerEvent: {}
[1114.984169] (-) TimerEvent: {}
[1115.090924] (-) TimerEvent: {}
[1115.195149] (-) TimerEvent: {}
[1115.298317] (-) TimerEvent: {}
[1115.402005] (-) TimerEvent: {}
[1115.505253] (-) TimerEvent: {}
[1115.608341] (-) TimerEvent: {}
[1115.711644] (-) TimerEvent: {}
[1115.815040] (-) TimerEvent: {}
[1115.918083] (-) TimerEvent: {}
[1116.020990] (-) TimerEvent: {}
[1116.125120] (-) TimerEvent: {}
[1116.228667] (-) TimerEvent: {}
[1116.331503] (-) TimerEvent: {}
[1116.434756] (-) TimerEvent: {}
[1116.537982] (-) TimerEvent: {}
[1116.641427] (-) TimerEvent: {}
[1116.744584] (-) TimerEvent: {}
[1116.846250] (-) TimerEvent: {}
[1116.949870] (-) TimerEvent: {}
[1117.051805] (-) TimerEvent: {}
[1117.155266] (-) TimerEvent: {}
[1117.257177] (-) TimerEvent: {}
[1117.360185] (-) TimerEvent: {}
[1117.465193] (-) TimerEvent: {}
[1117.567716] (-) TimerEvent: {}
[1117.669563] (-) TimerEvent: {}
[1117.773264] (-) TimerEvent: {}
[1117.876586] (-) TimerEvent: {}
[1117.978412] (-) TimerEvent: {}
[1118.080030] (-) TimerEvent: {}
[1118.183250] (-) TimerEvent: {}
[1118.284861] (-) TimerEvent: {}
[1118.386782] (-) TimerEvent: {}
[1118.488781] (-) TimerEvent: {}
[1118.590523] (-) TimerEvent: {}
[1118.692375] (-) TimerEvent: {}
[1118.794184] (-) TimerEvent: {}
[1118.896554] (-) TimerEvent: {}
[1118.999965] (-) TimerEvent: {}
[1119.101914] (-) TimerEvent: {}
[1119.205298] (-) TimerEvent: {}
[1119.309386] (-) TimerEvent: {}
[1119.412975] (-) TimerEvent: {}
[1119.516810] (-) TimerEvent: {}
[1119.619903] (-) TimerEvent: {}
[1119.723319] (-) TimerEvent: {}
[1119.826835] (-) TimerEvent: {}
[1119.930118] (-) TimerEvent: {}
[1120.034095] (-) TimerEvent: {}
[1120.139489] (-) TimerEvent: {}
[1120.243373] (-) TimerEvent: {}
[1120.345290] (-) TimerEvent: {}
[1120.447838] (-) TimerEvent: {}
[1120.549950] (-) TimerEvent: {}
[1120.651905] (-) TimerEvent: {}
[1120.756330] (-) TimerEvent: {}
[1120.859955] (-) TimerEvent: {}
[1120.963924] (-) TimerEvent: {}
[1121.068910] (-) TimerEvent: {}
[1121.171356] (-) TimerEvent: {}
[1121.275071] (-) TimerEvent: {}
[1121.377659] (-) TimerEvent: {}
[1121.479382] (-) TimerEvent: {}
[1121.581474] (-) TimerEvent: {}
[1121.684927] (-) TimerEvent: {}
[1121.786938] (-) TimerEvent: {}
[1121.890662] (-) TimerEvent: {}
[1121.994337] (-) TimerEvent: {}
[1122.096253] (-) TimerEvent: {}
[1122.199909] (-) TimerEvent: {}
[1122.301912] (-) TimerEvent: {}
[1122.404401] (-) TimerEvent: {}
[1122.506178] (-) TimerEvent: {}
[1122.610088] (-) TimerEvent: {}
[1122.713409] (-) TimerEvent: {}
[1122.816033] (-) TimerEvent: {}
[1122.923980] (-) TimerEvent: {}
[1123.025971] (-) TimerEvent: {}
[1123.129299] (-) TimerEvent: {}
[1123.232862] (-) TimerEvent: {}
[1123.335060] (-) TimerEvent: {}
[1123.437457] (-) TimerEvent: {}
[1123.539479] (-) TimerEvent: {}
[1123.642182] (-) TimerEvent: {}
[1123.745695] (-) TimerEvent: {}
[1123.847516] (-) TimerEvent: {}
[1125.265498] (-) TimerEvent: {}
[1125.367628] (-) TimerEvent: {}
[1125.470554] (-) TimerEvent: {}
[1125.574150] (-) TimerEvent: {}
[1125.678475] (-) TimerEvent: {}
[1125.780477] (-) TimerEvent: {}
[1125.882362] (-) TimerEvent: {}
[1125.985760] (-) TimerEvent: {}
[1126.087545] (-) TimerEvent: {}
[1126.189371] (-) TimerEvent: {}
[1126.290907] (-) TimerEvent: {}
[1126.393825] (-) TimerEvent: {}
[1126.497053] (-) TimerEvent: {}
[1126.600479] (-) TimerEvent: {}
[1126.702130] (-) TimerEvent: {}
[1126.803931] (-) TimerEvent: {}
[1126.905400] (-) TimerEvent: {}
[1127.007179] (-) TimerEvent: {}
[1127.108786] (-) TimerEvent: {}
[1127.210439] (-) TimerEvent: {}
[1127.312385] (-) TimerEvent: {}
[1127.414491] (-) TimerEvent: {}
[1127.517849] (-) TimerEvent: {}
[1127.619874] (-) TimerEvent: {}
[1127.721559] (-) TimerEvent: {}
[1127.823512] (-) TimerEvent: {}
[1127.925846] (-) TimerEvent: {}
[1128.028695] (-) TimerEvent: {}
[1128.131010] (-) TimerEvent: {}
[1128.234593] (-) TimerEvent: {}
[1128.335857] (-) TimerEvent: {}
[1128.437110] (-) TimerEvent: {}
[1128.538675] (-) TimerEvent: {}
[1128.640165] (-) TimerEvent: {}
[1128.741743] (-) TimerEvent: {}
[1128.845067] (-) TimerEvent: {}
[1128.948779] (-) TimerEvent: {}
[1132.888033] (-) TimerEvent: {}
[1229.030307] (-) TimerEvent: {}
[1229.593059] (-) TimerEvent: {}
[1229.771313] (-) TimerEvent: {}
[1229.998695] (-) TimerEvent: {}
[1230.101894] (-) TimerEvent: {}
[1230.206711] (-) TimerEvent: {}
[1230.309317] (-) TimerEvent: {}
[1230.411352] (-) TimerEvent: {}
[1230.513658] (-) TimerEvent: {}
[1230.617288] (-) TimerEvent: {}
[1230.719364] (-) TimerEvent: {}
[1230.821427] (-) TimerEvent: {}
[1230.925228] (-) TimerEvent: {}
[1231.028778] (-) TimerEvent: {}
[1231.131869] (-) TimerEvent: {}
[1231.235524] (-) TimerEvent: {}
[1231.337492] (-) TimerEvent: {}
[1231.439360] (-) TimerEvent: {}
[1231.541401] (-) TimerEvent: {}
[1231.643009] (-) TimerEvent: {}
[1231.744878] (-) TimerEvent: {}
[1231.847358] (-) TimerEvent: {}
[1231.949975] (-) TimerEvent: {}
[1232.052595] (-) TimerEvent: {}
[1232.154644] (-) TimerEvent: {}
[1232.257058] (-) TimerEvent: {}
[1232.360276] (-) TimerEvent: {}
[1232.466375] (-) TimerEvent: {}
[1232.570650] (-) TimerEvent: {}
[1232.676475] (-) TimerEvent: {}
[1232.781154] (-) TimerEvent: {}
[1232.886257] (-) TimerEvent: {}
[1232.992540] (-) TimerEvent: {}
[1233.098226] (-) TimerEvent: {}
[1233.202823] (-) TimerEvent: {}
[1233.306379] (-) TimerEvent: {}
[1233.409721] (-) TimerEvent: {}
[1233.512136] (-) TimerEvent: {}
[1233.616086] (-) TimerEvent: {}
[1233.719764] (-) TimerEvent: {}
[1233.823124] (-) TimerEvent: {}
[1233.927184] (-) TimerEvent: {}
[1234.032195] (-) TimerEvent: {}
[1234.140070] (-) TimerEvent: {}
[1234.243133] (-) TimerEvent: {}
[1234.348163] (-) TimerEvent: {}
[1234.452025] (-) TimerEvent: {}
[1234.556833] (-) TimerEvent: {}
[1234.661312] (-) TimerEvent: {}
[1234.763560] (-) TimerEvent: {}
[1234.866022] (-) TimerEvent: {}
[1234.969518] (-) TimerEvent: {}
[1235.073309] (-) TimerEvent: {}
[1235.176261] (-) TimerEvent: {}
[1235.278100] (-) TimerEvent: {}
[1235.382452] (-) TimerEvent: {}
[1235.485607] (-) TimerEvent: {}
[1235.588580] (-) TimerEvent: {}
[1235.690832] (-) TimerEvent: {}
[1235.792944] (-) TimerEvent: {}
[1235.894463] (-) TimerEvent: {}
[1235.997125] (-) TimerEvent: {}
[1236.100237] (-) TimerEvent: {}
[1236.201887] (-) TimerEvent: {}
[1236.303765] (-) TimerEvent: {}
[1236.406366] (-) TimerEvent: {}
[1236.508329] (-) TimerEvent: {}
[1236.610296] (-) TimerEvent: {}
[1236.712342] (-) TimerEvent: {}
[1236.821090] (-) TimerEvent: {}
[1236.925648] (-) TimerEvent: {}
[1237.032775] (-) TimerEvent: {}
[1237.139746] (-) TimerEvent: {}
[1237.268756] (-) TimerEvent: {}
[1237.372164] (-) TimerEvent: {}
[1237.474951] (-) TimerEvent: {}
[1237.576726] (-) TimerEvent: {}
[1237.678402] (-) TimerEvent: {}
[1237.780458] (-) TimerEvent: {}
[1237.883141] (-) TimerEvent: {}
[1237.985937] (-) TimerEvent: {}
[1238.088887] (-) TimerEvent: {}
[1238.192351] (-) TimerEvent: {}
[1238.298337] (-) TimerEvent: {}
[1238.403400] (-) TimerEvent: {}
[1238.509120] (-) TimerEvent: {}
[1238.616124] (-) TimerEvent: {}
[1238.720443] (-) TimerEvent: {}
[1238.824233] (-) TimerEvent: {}
[1238.929404] (-) TimerEvent: {}
[1239.036428] (-) TimerEvent: {}
[1239.142511] (-) TimerEvent: {}
[1239.251286] (-) TimerEvent: {}
[1239.354326] (-) TimerEvent: {}
[1239.456233] (-) TimerEvent: {}
[1239.560066] (-) TimerEvent: {}
[1239.661675] (-) TimerEvent: {}
[1239.767832] (-) TimerEvent: {}
[1239.876198] (-) TimerEvent: {}
[1239.988739] (-) TimerEvent: {}
[1240.094014] (-) TimerEvent: {}
[1240.197753] (-) TimerEvent: {}
[1240.327843] (-) TimerEvent: {}
[1240.429968] (-) TimerEvent: {}
[1240.531892] (-) TimerEvent: {}
[1240.635522] (-) TimerEvent: {}
[1240.747041] (-) TimerEvent: {}
[1240.850956] (-) TimerEvent: {}
[1240.953839] (-) TimerEvent: {}
[1241.055671] (-) TimerEvent: {}
[1241.160996] (-) TimerEvent: {}
[1241.262468] (-) TimerEvent: {}
[1241.365640] (-) TimerEvent: {}
[1241.469080] (-) TimerEvent: {}
[1241.573451] (-) TimerEvent: {}
[1241.678296] (-) TimerEvent: {}
[1241.779904] (-) TimerEvent: {}
[1241.881661] (-) TimerEvent: {}
[1241.983086] (-) TimerEvent: {}
[1242.084582] (-) TimerEvent: {}
[1242.186133] (-) TimerEvent: {}
[1242.288279] (-) TimerEvent: {}
[1242.389790] (-) TimerEvent: {}
[1242.495957] (-) TimerEvent: {}
[1242.970828] (-) TimerEvent: {}
[1243.072612] (-) TimerEvent: {}
[1243.174409] (-) TimerEvent: {}
[1243.276008] (-) TimerEvent: {}
[1243.377553] (-) TimerEvent: {}
[1243.478935] (-) TimerEvent: {}
[1243.583055] (-) TimerEvent: {}
[1243.687034] (-) TimerEvent: {}
[1243.788707] (-) TimerEvent: {}
[1243.890543] (-) TimerEvent: {}
[1243.992426] (-) TimerEvent: {}
[1244.093830] (-) TimerEvent: {}
[1244.475014] (-) TimerEvent: {}
[1244.578430] (-) TimerEvent: {}
[1244.682134] (-) TimerEvent: {}
[1244.783993] (-) TimerEvent: {}
[1244.885904] (-) TimerEvent: {}
[1244.988431] (-) TimerEvent: {}
[1245.090027] (-) TimerEvent: {}
[1245.192073] (-) TimerEvent: {}
[1245.294098] (-) TimerEvent: {}
[1245.401329] (-) TimerEvent: {}
[1245.507917] (-) TimerEvent: {}
[1245.612054] (-) TimerEvent: {}
[1245.714061] (-) TimerEvent: {}
[1245.815843] (-) TimerEvent: {}
[1245.917547] (-) TimerEvent: {}
[1246.019014] (-) TimerEvent: {}
[1246.120640] (-) TimerEvent: {}
[1246.222350] (-) TimerEvent: {}
[1246.324114] (-) TimerEvent: {}
[1246.425395] (-) TimerEvent: {}
[1246.526823] (-) TimerEvent: {}
[1246.628241] (-) TimerEvent: {}
[1246.729602] (-) TimerEvent: {}
[1246.831394] (-) TimerEvent: {}
[1246.933219] (-) TimerEvent: {}
[1247.034953] (-) TimerEvent: {}
[1247.136765] (-) TimerEvent: {}
[1247.238377] (-) TimerEvent: {}
[1247.437728] (-) TimerEvent: {}
[1247.542319] (-) TimerEvent: {}
[1247.643828] (-) TimerEvent: {}
[1247.746685] (-) TimerEvent: {}
[1247.849711] (-) TimerEvent: {}
[1247.951974] (-) TimerEvent: {}
[1248.054926] (-) TimerEvent: {}
[1248.157649] (-) TimerEvent: {}
[1248.261731] (-) TimerEvent: {}
[1248.363907] (-) TimerEvent: {}
[1248.465764] (-) TimerEvent: {}
[1248.569480] (-) TimerEvent: {}
[1248.673795] (-) TimerEvent: {}
[1248.778840] (-) TimerEvent: {}
[1248.883324] (-) TimerEvent: {}
[1248.985959] (-) TimerEvent: {}
[1249.089586] (-) TimerEvent: {}
[1249.200874] (-) TimerEvent: {}
[1249.305762] (-) TimerEvent: {}
[1249.409261] (-) TimerEvent: {}
[1249.514241] (-) TimerEvent: {}
[1249.620277] (-) TimerEvent: {}
[1249.726575] (-) TimerEvent: {}
[1249.831014] (-) TimerEvent: {}
[1249.936357] (-) TimerEvent: {}
[1250.039478] (-) TimerEvent: {}
[1250.143981] (-) TimerEvent: {}
[1250.249644] (-) TimerEvent: {}
[1250.351459] (-) TimerEvent: {}
[1250.453540] (-) TimerEvent: {}
[1250.555151] (-) TimerEvent: {}
[1250.657956] (-) TimerEvent: {}
[1250.760316] (-) TimerEvent: {}
[1250.861923] (-) TimerEvent: {}
[1250.964090] (-) TimerEvent: {}
[1251.066537] (-) TimerEvent: {}
[1251.168067] (-) TimerEvent: {}
[1251.270847] (-) TimerEvent: {}
[1251.373670] (-) TimerEvent: {}
[1251.477711] (-) TimerEvent: {}
[1251.581233] (-) TimerEvent: {}
[1251.684577] (-) TimerEvent: {}
[1251.785866] (-) TimerEvent: {}
[1251.888122] (-) TimerEvent: {}
[1251.991287] (-) TimerEvent: {}
[1252.092818] (-) TimerEvent: {}
[1252.194281] (-) TimerEvent: {}
[1253.549806] (-) TimerEvent: {}
[1253.651425] (-) TimerEvent: {}
[1253.753288] (-) TimerEvent: {}
[1253.854670] (-) TimerEvent: {}
[1253.956303] (-) TimerEvent: {}
[1254.057568] (-) TimerEvent: {}
[1254.158872] (-) TimerEvent: {}
[1254.260229] (-) TimerEvent: {}
[1254.362371] (-) TimerEvent: {}
[1254.464097] (-) TimerEvent: {}
[1254.565501] (-) TimerEvent: {}
[1254.667221] (-) TimerEvent: {}
[1254.768962] (-) TimerEvent: {}
[1254.870607] (-) TimerEvent: {}
[1254.971993] (-) TimerEvent: {}
[1255.073646] (-) TimerEvent: {}
[1255.175312] (-) TimerEvent: {}
[1255.277021] (-) TimerEvent: {}
[1255.378625] (-) TimerEvent: {}
[1255.480679] (-) TimerEvent: {}
[1255.582134] (-) TimerEvent: {}
[1255.684214] (-) TimerEvent: {}
[1255.785636] (-) TimerEvent: {}
[1257.317443] (-) TimerEvent: {}
[1257.419110] (-) TimerEvent: {}
[1257.520602] (-) TimerEvent: {}
[1257.622126] (-) TimerEvent: {}
[1257.724176] (-) TimerEvent: {}
[1258.648595] (-) TimerEvent: {}
[1258.750339] (-) TimerEvent: {}
[1258.851740] (-) TimerEvent: {}
[1258.953166] (-) TimerEvent: {}
[1259.054642] (-) TimerEvent: {}
[1259.156192] (-) TimerEvent: {}
[1259.257560] (-) TimerEvent: {}
[1259.359279] (-) TimerEvent: {}
[1259.460958] (-) TimerEvent: {}
[1259.562524] (-) TimerEvent: {}
[1259.664381] (-) TimerEvent: {}
[1259.766480] (-) TimerEvent: {}
[1259.868047] (-) TimerEvent: {}
[1260.012858] (-) TimerEvent: {}
[1260.116334] (-) TimerEvent: {}
[1260.299469] (-) TimerEvent: {}
[1260.401289] (-) TimerEvent: {}
[1260.502632] (-) TimerEvent: {}
[1260.604048] (-) TimerEvent: {}
[1260.705872] (-) TimerEvent: {}
[1260.807273] (-) TimerEvent: {}
[1260.909591] (-) TimerEvent: {}
[1261.011033] (-) TimerEvent: {}
[1261.112467] (-) TimerEvent: {}
[1261.213922] (-) TimerEvent: {}
[1261.315715] (-) TimerEvent: {}
[1261.417505] (-) TimerEvent: {}
[1261.519279] (-) TimerEvent: {}
[1261.621083] (-) TimerEvent: {}
[1261.722854] (-) TimerEvent: {}
[1261.824733] (-) TimerEvent: {}
[1261.926595] (-) TimerEvent: {}
[1262.028511] (-) TimerEvent: {}
[1262.130964] (-) TimerEvent: {}
[1262.232766] (-) TimerEvent: {}
[1262.334651] (-) TimerEvent: {}
[1262.436589] (-) TimerEvent: {}
[1262.538171] (-) TimerEvent: {}
[1262.639734] (-) TimerEvent: {}
[1262.741255] (-) TimerEvent: {}
[1262.842623] (-) TimerEvent: {}
[1262.946473] (-) TimerEvent: {}
[1263.053021] (-) TimerEvent: {}
[1263.157503] (-) TimerEvent: {}
[1263.265503] (-) TimerEvent: {}
[1263.366741] (-) TimerEvent: {}
[1263.468343] (-) TimerEvent: {}
[1263.569950] (-) TimerEvent: {}
[1263.671761] (-) TimerEvent: {}
[1263.775540] (-) TimerEvent: {}
[1263.877300] (-) TimerEvent: {}
[1263.979112] (-) TimerEvent: {}
[1264.080980] (-) TimerEvent: {}
[1264.182859] (-) TimerEvent: {}
[1264.287322] (-) TimerEvent: {}
[1264.392143] (-) TimerEvent: {}
[1264.495478] (-) TimerEvent: {}
[1264.597730] (-) TimerEvent: {}
[1264.701284] (-) TimerEvent: {}
[1264.802548] (-) TimerEvent: {}
[1264.905882] (-) TimerEvent: {}
[1265.007683] (-) TimerEvent: {}
[1265.109300] (-) TimerEvent: {}
[1265.211444] (-) TimerEvent: {}
[1265.313723] (-) TimerEvent: {}
[1265.421708] (-) TimerEvent: {}
[1265.525149] (-) TimerEvent: {}
[1265.628704] (-) TimerEvent: {}
[1265.731733] (-) TimerEvent: {}
[1265.833490] (-) TimerEvent: {}
[1265.935973] (-) TimerEvent: {}
[1266.037654] (-) TimerEvent: {}
[1266.139199] (-) TimerEvent: {}
[1266.242414] (-) TimerEvent: {}
[1266.344445] (-) TimerEvent: {}
[1266.446253] (-) TimerEvent: {}
[1266.548298] (-) TimerEvent: {}
[1266.649894] (-) TimerEvent: {}
[1266.751130] (-) TimerEvent: {}
[1266.854255] (-) TimerEvent: {}
[1266.956805] (-) TimerEvent: {}
[1267.058608] (-) TimerEvent: {}
[1267.163182] (-) TimerEvent: {}
[1267.266757] (-) TimerEvent: {}
[1267.369419] (-) TimerEvent: {}
[1267.472542] (-) TimerEvent: {}
[1267.576429] (-) TimerEvent: {}
[1267.678015] (-) TimerEvent: {}
[1267.779839] (-) TimerEvent: {}
[1267.881965] (-) TimerEvent: {}
[1267.983814] (-) TimerEvent: {}
[1268.085235] (-) TimerEvent: {}
[1268.186891] (-) TimerEvent: {}
[1268.288821] (-) TimerEvent: {}
[1268.390553] (-) TimerEvent: {}
[1268.492744] (-) TimerEvent: {}
[1268.594283] (-) TimerEvent: {}
[1268.695973] (-) TimerEvent: {}
[1268.797425] (-) TimerEvent: {}
[1268.899144] (-) TimerEvent: {}
[1269.001192] (-) TimerEvent: {}
[1271.109456] (-) TimerEvent: {}
[1271.210654] (-) TimerEvent: {}
[1271.312369] (-) TimerEvent: {}
[1271.414201] (-) TimerEvent: {}
[1271.515643] (-) TimerEvent: {}
[1271.618089] (-) TimerEvent: {}
[1271.719633] (-) TimerEvent: {}
[1271.821686] (-) TimerEvent: {}
[1271.923391] (-) TimerEvent: {}
[1272.025064] (-) TimerEvent: {}
[1272.126844] (-) TimerEvent: {}
[1272.228799] (-) TimerEvent: {}
[1272.330835] (-) TimerEvent: {}
[1272.432781] (-) TimerEvent: {}
[1272.534704] (-) TimerEvent: {}
[1272.636457] (-) TimerEvent: {}
[1272.738128] (-) TimerEvent: {}
[1272.839808] (-) TimerEvent: {}
[1272.941587] (-) TimerEvent: {}
[1273.043310] (-) TimerEvent: {}
[1273.144957] (-) TimerEvent: {}
[1273.246852] (-) TimerEvent: {}
[1273.348750] (-) TimerEvent: {}
[1273.450545] (-) TimerEvent: {}
[1273.552514] (-) TimerEvent: {}
[1273.654594] (-) TimerEvent: {}
[1273.756409] (-) TimerEvent: {}
[1273.857954] (-) TimerEvent: {}
[1273.959467] (-) TimerEvent: {}
[1274.061235] (-) TimerEvent: {}
[1274.846876] (-) TimerEvent: {}
[1274.948428] (-) TimerEvent: {}
[1275.050130] (-) TimerEvent: {}
[1275.151646] (-) TimerEvent: {}
[1275.253335] (-) TimerEvent: {}
[1275.354957] (-) TimerEvent: {}
[1275.457072] (-) TimerEvent: {}
[1275.558507] (-) TimerEvent: {}
[1275.660045] (-) TimerEvent: {}
[1275.761794] (-) TimerEvent: {}
[1275.863310] (-) TimerEvent: {}
[1275.965662] (-) TimerEvent: {}
[1276.068535] (-) TimerEvent: {}
[1276.173880] (-) TimerEvent: {}
[1276.275699] (-) TimerEvent: {}
[1276.378164] (-) TimerEvent: {}
[1276.480435] (-) TimerEvent: {}
[1276.583494] (-) TimerEvent: {}
[1276.688436] (-) TimerEvent: {}
[1276.792361] (-) TimerEvent: {}
[1276.894226] (-) TimerEvent: {}
[1276.995973] (-) TimerEvent: {}
[1277.099103] (-) TimerEvent: {}
[1277.201032] (-) TimerEvent: {}
[1277.304707] (-) TimerEvent: {}
[1277.407698] (-) TimerEvent: {}
[1277.510702] (-) TimerEvent: {}
[1277.614120] (-) TimerEvent: {}
[1277.715669] (-) TimerEvent: {}
[1277.818097] (-) TimerEvent: {}
[1277.919961] (-) TimerEvent: {}
[1278.021710] (-) TimerEvent: {}
[1278.123462] (-) TimerEvent: {}
[1278.225339] (-) TimerEvent: {}
[1278.327109] (-) TimerEvent: {}
[1278.428868] (-) TimerEvent: {}
[1278.531271] (-) TimerEvent: {}
[1278.633023] (-) TimerEvent: {}
[1278.734695] (-) TimerEvent: {}
[1278.836570] (-) TimerEvent: {}
[1278.938521] (-) TimerEvent: {}
[1279.040397] (-) TimerEvent: {}
[1279.176649] (-) TimerEvent: {}
[1279.278095] (-) TimerEvent: {}
[1279.379611] (-) TimerEvent: {}
[1279.480880] (-) TimerEvent: {}
[1279.582183] (-) TimerEvent: {}
[1279.683719] (-) TimerEvent: {}
[1279.785361] (-) TimerEvent: {}
[1279.887487] (-) TimerEvent: {}
[1279.989939] (-) TimerEvent: {}
[1280.091320] (-) TimerEvent: {}
[1280.192920] (-) TimerEvent: {}
[1280.294226] (-) TimerEvent: {}
[1280.395677] (-) TimerEvent: {}
[1280.497242] (-) TimerEvent: {}
[1280.599151] (-) TimerEvent: {}
[1280.701081] (-) TimerEvent: {}
[1280.802362] (-) TimerEvent: {}
[1280.903944] (-) TimerEvent: {}
[1281.005521] (-) TimerEvent: {}
[1281.107314] (-) TimerEvent: {}
[1281.209186] (-) TimerEvent: {}
[1281.311208] (-) TimerEvent: {}
[1281.413977] (-) TimerEvent: {}
[1281.518554] (-) TimerEvent: {}
[1281.619929] (-) TimerEvent: {}
[1281.721441] (-) TimerEvent: {}
[1281.822996] (-) TimerEvent: {}
[1281.924321] (-) TimerEvent: {}
[1282.025894] (-) TimerEvent: {}
[1282.127469] (-) TimerEvent: {}
[1282.229145] (-) TimerEvent: {}
[1282.330429] (-) TimerEvent: {}
[1282.432084] (-) TimerEvent: {}
[1282.533737] (-) TimerEvent: {}
[1282.635157] (-) TimerEvent: {}
[1282.737204] (-) TimerEvent: {}
[1282.839509] (-) TimerEvent: {}
[1282.941553] (-) TimerEvent: {}
[1283.043000] (-) TimerEvent: {}
[1283.144618] (-) TimerEvent: {}
[1283.248570] (-) TimerEvent: {}
[1283.351091] (-) TimerEvent: {}
[1283.453596] (-) TimerEvent: {}
[1283.556100] (-) TimerEvent: {}
[1283.657527] (-) TimerEvent: {}
[1283.762689] (-) TimerEvent: {}
[1283.864763] (-) TimerEvent: {}
[1283.966487] (-) TimerEvent: {}
[1284.068101] (-) TimerEvent: {}
[1284.169867] (-) TimerEvent: {}
[1284.271741] (-) TimerEvent: {}
[1284.373620] (-) TimerEvent: {}
[1284.475260] (-) TimerEvent: {}
[1284.576861] (-) TimerEvent: {}
[1284.678210] (-) TimerEvent: {}
[1284.779548] (-) TimerEvent: {}
[1284.882009] (-) TimerEvent: {}
[1284.983502] (-) TimerEvent: {}
[1285.085712] (-) TimerEvent: {}
[1285.187356] (-) TimerEvent: {}
[1285.289281] (-) TimerEvent: {}
[1285.391039] (-) TimerEvent: {}
[1285.493325] (-) TimerEvent: {}
[1285.595449] (-) TimerEvent: {}
[1285.698250] (-) TimerEvent: {}
[1285.800892] (-) TimerEvent: {}
[1285.904200] (-) TimerEvent: {}
[1286.006140] (-) TimerEvent: {}
[1286.108144] (-) TimerEvent: {}
[1286.211673] (-) TimerEvent: {}
[1286.315928] (-) TimerEvent: {}
[1286.417415] (-) TimerEvent: {}
[1286.519689] (-) TimerEvent: {}
[1286.621767] (-) TimerEvent: {}
[1286.723920] (-) TimerEvent: {}
[1286.825695] (-) TimerEvent: {}
[1286.927801] (-) TimerEvent: {}
[1287.029952] (-) TimerEvent: {}
[1287.131746] (-) TimerEvent: {}
[1287.233539] (-) TimerEvent: {}
[1287.335253] (-) TimerEvent: {}
[1287.436976] (-) TimerEvent: {}
[1287.538717] (-) TimerEvent: {}
[1287.640615] (-) TimerEvent: {}
[1287.742220] (-) TimerEvent: {}
[1287.843861] (-) TimerEvent: {}
[1287.945491] (-) TimerEvent: {}
[1288.047622] (-) TimerEvent: {}
[1288.149555] (-) TimerEvent: {}
[1288.251218] (-) TimerEvent: {}
[1288.352914] (-) TimerEvent: {}
[1288.454491] (-) TimerEvent: {}
[1288.556618] (-) TimerEvent: {}
[1288.658200] (-) TimerEvent: {}
[1288.759856] (-) TimerEvent: {}
[1288.861575] (-) TimerEvent: {}
[1288.963386] (-) TimerEvent: {}
[1289.065149] (-) TimerEvent: {}
[1289.166946] (-) TimerEvent: {}
[1289.269248] (-) TimerEvent: {}
[1289.538251] (-) TimerEvent: {}
[1289.641139] (-) TimerEvent: {}
[1289.744372] (-) TimerEvent: {}
[1289.847553] (-) TimerEvent: {}
[1289.949379] (-) TimerEvent: {}
[1290.051830] (-) TimerEvent: {}
[1290.153990] (-) TimerEvent: {}
[1290.256175] (-) TimerEvent: {}
[1290.357678] (-) TimerEvent: {}
[1290.459677] (-) TimerEvent: {}
[1290.561081] (-) TimerEvent: {}
[1290.662622] (-) TimerEvent: {}
[1290.764741] (-) TimerEvent: {}
[1290.867024] (-) TimerEvent: {}
[1290.969000] (-) TimerEvent: {}
[1291.398268] (-) TimerEvent: {}
[1291.500282] (-) TimerEvent: {}
[1291.601773] (-) TimerEvent: {}
[1291.703687] (-) TimerEvent: {}
[1291.805408] (-) TimerEvent: {}
[1291.907268] (-) TimerEvent: {}
[1292.009203] (-) TimerEvent: {}
[1292.110824] (-) TimerEvent: {}
[1292.212889] (-) TimerEvent: {}
[1292.314208] (-) TimerEvent: {}
[1292.415929] (-) TimerEvent: {}
[1292.517530] (-) TimerEvent: {}
[1292.619395] (-) TimerEvent: {}
[1292.721252] (-) TimerEvent: {}
[1292.823009] (-) TimerEvent: {}
[1292.924832] (-) TimerEvent: {}
[1293.026665] (-) TimerEvent: {}
[1293.128782] (-) TimerEvent: {}
[1293.230517] (-) TimerEvent: {}
[1293.332334] (-) TimerEvent: {}
[1293.434055] (-) TimerEvent: {}
[1293.536195] (-) TimerEvent: {}
[1293.637965] (-) TimerEvent: {}
[1293.739868] (-) TimerEvent: {}
[1293.841806] (-) TimerEvent: {}
[1293.943663] (-) TimerEvent: {}
[1294.045525] (-) TimerEvent: {}
[1294.155933] (-) TimerEvent: {}
[1294.262000] (-) TimerEvent: {}
[1294.365184] (-) TimerEvent: {}
[1294.470132] (-) TimerEvent: {}
[1294.572730] (-) TimerEvent: {}
[1294.675314] (-) TimerEvent: {}
[1294.777434] (-) TimerEvent: {}
[1294.878713] (-) TimerEvent: {}
[1294.980972] (-) TimerEvent: {}
[1295.082507] (-) TimerEvent: {}
[1295.184084] (-) TimerEvent: {}
[1295.286258] (-) TimerEvent: {}
[1295.388664] (-) TimerEvent: {}
[1295.491470] (-) TimerEvent: {}
[1295.596982] (-) TimerEvent: {}
[1295.698593] (-) TimerEvent: {}
[1295.800038] (-) TimerEvent: {}
[1295.901741] (-) TimerEvent: {}
[1296.003800] (-) TimerEvent: {}
[1296.202270] (-) TimerEvent: {}
[1296.304168] (-) TimerEvent: {}
[1296.420240] (-) TimerEvent: {}
[1296.521740] (-) TimerEvent: {}
[1296.625471] (-) TimerEvent: {}
[1296.728605] (-) TimerEvent: {}
[1296.830072] (-) TimerEvent: {}
[1296.931762] (-) TimerEvent: {}
[1297.033385] (-) TimerEvent: {}
[1297.134900] (-) TimerEvent: {}
[1297.236610] (-) TimerEvent: {}
[1297.338165] (-) TimerEvent: {}
[1297.442112] (-) TimerEvent: {}
[1297.544654] (-) TimerEvent: {}
[1297.648775] (-) TimerEvent: {}
[1297.750279] (-) TimerEvent: {}
[1297.852131] (-) TimerEvent: {}
[1297.953889] (-) TimerEvent: {}
[1298.064002] (-) TimerEvent: {}
[1298.170177] (-) TimerEvent: {}
[1298.272100] (-) TimerEvent: {}
[1298.374461] (-) TimerEvent: {}
[1298.476226] (-) TimerEvent: {}
[1298.578090] (-) TimerEvent: {}
[1298.679969] (-) TimerEvent: {}
[1298.781624] (-) TimerEvent: {}
[1298.883096] (-) TimerEvent: {}
[1298.984857] (-) TimerEvent: {}
[1299.086634] (-) TimerEvent: {}
[1299.188472] (-) TimerEvent: {}
[1299.289904] (-) TimerEvent: {}
[1299.391378] (-) TimerEvent: {}
[1299.493041] (-) TimerEvent: {}
[1299.594761] (-) TimerEvent: {}
[1299.696676] (-) TimerEvent: {}
[1299.798264] (-) TimerEvent: {}
[1299.900279] (-) TimerEvent: {}
[1300.002465] (-) TimerEvent: {}
[1300.104601] (-) TimerEvent: {}
[1300.205895] (-) TimerEvent: {}
[1300.307927] (-) TimerEvent: {}
[1300.409761] (-) TimerEvent: {}
[1300.511210] (-) TimerEvent: {}
[1300.613191] (-) TimerEvent: {}
[1300.714904] (-) TimerEvent: {}
[1300.816495] (-) TimerEvent: {}
[1300.918272] (-) TimerEvent: {}
[1301.162383] (-) TimerEvent: {}
[1301.264577] (-) TimerEvent: {}
[1301.366065] (-) TimerEvent: {}
[1301.467763] (-) TimerEvent: {}
[1301.569236] (-) TimerEvent: {}
[1301.671036] (-) TimerEvent: {}
[1301.772872] (-) TimerEvent: {}
[1301.874684] (-) TimerEvent: {}
[1301.976457] (-) TimerEvent: {}
[1302.078401] (-) TimerEvent: {}
[1302.180416] (-) TimerEvent: {}
[1302.282178] (-) TimerEvent: {}
[1302.384151] (-) TimerEvent: {}
[1302.485808] (-) TimerEvent: {}
[1302.587090] (-) TimerEvent: {}
[1302.688592] (-) TimerEvent: {}
[1302.790185] (-) TimerEvent: {}
[1302.891643] (-) TimerEvent: {}
[1302.993358] (-) TimerEvent: {}
[1303.095062] (-) TimerEvent: {}
[1303.196818] (-) TimerEvent: {}
[1303.298480] (-) TimerEvent: {}
[1303.400307] (-) TimerEvent: {}
[1303.502174] (-) TimerEvent: {}
[1303.603908] (-) TimerEvent: {}
[1303.705582] (-) TimerEvent: {}
[1303.807318] (-) TimerEvent: {}
[1303.909153] (-) TimerEvent: {}
[1304.010891] (-) TimerEvent: {}
[1304.112708] (-) TimerEvent: {}
[1304.214430] (-) TimerEvent: {}
[1304.316197] (-) TimerEvent: {}
[1304.418520] (-) TimerEvent: {}
[1304.519779] (-) TimerEvent: {}
[1304.621320] (-) TimerEvent: {}
[1304.723273] (-) TimerEvent: {}
[1304.825793] (-) TimerEvent: {}
[1304.927467] (-) TimerEvent: {}
[1305.030340] (-) TimerEvent: {}
[1305.131930] (-) TimerEvent: {}
[1305.235744] (-) TimerEvent: {}
[1305.337040] (-) TimerEvent: {}
[1305.438591] (-) TimerEvent: {}
[1305.540300] (-) TimerEvent: {}
[1305.642430] (-) TimerEvent: {}
[1305.744337] (-) TimerEvent: {}
[1305.846021] (-) TimerEvent: {}
[1305.947251] (-) TimerEvent: {}
[1306.725525] (-) TimerEvent: {}
[1306.827091] (-) TimerEvent: {}
[1306.928696] (-) TimerEvent: {}
[1307.030397] (-) TimerEvent: {}
[1307.131862] (-) TimerEvent: {}
[1307.233478] (-) TimerEvent: {}
[1307.335139] (-) TimerEvent: {}
[1307.437341] (-) TimerEvent: {}
[1307.539805] (-) TimerEvent: {}
[1307.641358] (-) TimerEvent: {}
[1307.742546] (-) TimerEvent: {}
[1307.843938] (-) TimerEvent: {}
[1307.945717] (-) TimerEvent: {}
[1308.047411] (-) TimerEvent: {}
[1308.148820] (-) TimerEvent: {}
[1308.250598] (-) TimerEvent: {}
[1308.352361] (-) TimerEvent: {}
[1308.454132] (-) TimerEvent: {}
[1308.556095] (-) TimerEvent: {}
[1308.657908] (-) TimerEvent: {}
[1308.759720] (-) TimerEvent: {}
[1308.862126] (-) TimerEvent: {}
[1310.022022] (-) TimerEvent: {}
[1310.123949] (-) TimerEvent: {}
[1310.225720] (-) TimerEvent: {}
[1310.328372] (-) TimerEvent: {}
[1310.430089] (-) TimerEvent: {}
[1310.531820] (-) TimerEvent: {}
